ISO-10303-21;
HEADER;
/* Generated by software containing ST-Developer
 * from STEP Tools, Inc. (www.steptools.com) 
 */

FILE_DESCRIPTION(
/* description */ (''),
/* implementation_level */ '2;1');

FILE_NAME(
/* name */ 'KWIKSET MODULAR v2.step',
/* time_stamp */ '2025-06-19T07:48:07-04:00',
/* author */ (''),
/* organization */ (''),
/* preprocessor_version */ 'ST-DEVELOPER v20.1',
/* originating_system */ 'Autodesk Translation Framework v14.10.0.0',
/* authorisation */ '');

FILE_SCHEMA (('AUTOMOTIVE_DESIGN { 1 0 10303 214 3 1 1 }'));
ENDSEC;

DATA;
#10=MECHANICAL_DESIGN_GEOMETRIC_PRESENTATION_REPRESENTATION('',(#13,#14,
#15,#16,#17,#18,#19,#20,#21,#22,#23,#24,#25,#26,#27,#28,#29,#30,#31,#32,
#33,#34,#35,#36,#37,#38,#39,#40,#41,#42,#43,#44,#45,#46,#47,#48),#6829);
#11=SHAPE_REPRESENTATION_RELATIONSHIP('SRR','None',#6836,#12);
#12=ADVANCED_BREP_SHAPE_REPRESENTATION('',(#49,#50,#51,#52,#53,#54,#55,
#56,#57,#58,#59,#60,#61,#62,#63,#64,#65,#66,#67,#68,#69,#70,#71,#72,#73,
#74,#75,#76,#77,#78,#79,#80,#81,#82,#83,#84),#6828);
#13=STYLED_ITEM('',(#6845),#49);
#14=STYLED_ITEM('',(#6845),#50);
#15=STYLED_ITEM('',(#6845),#51);
#16=STYLED_ITEM('',(#6845),#52);
#17=STYLED_ITEM('',(#6845),#53);
#18=STYLED_ITEM('',(#6845),#54);
#19=STYLED_ITEM('',(#6845),#55);
#20=STYLED_ITEM('',(#6845),#56);
#21=STYLED_ITEM('',(#6845),#57);
#22=STYLED_ITEM('',(#6845),#58);
#23=STYLED_ITEM('',(#6845),#59);
#24=STYLED_ITEM('',(#6845),#60);
#25=STYLED_ITEM('',(#6845),#61);
#26=STYLED_ITEM('',(#6845),#62);
#27=STYLED_ITEM('',(#6845),#63);
#28=STYLED_ITEM('',(#6845),#64);
#29=STYLED_ITEM('',(#6845),#65);
#30=STYLED_ITEM('',(#6845),#66);
#31=STYLED_ITEM('',(#6845),#67);
#32=STYLED_ITEM('',(#6845),#68);
#33=STYLED_ITEM('',(#6845),#69);
#34=STYLED_ITEM('',(#6845),#70);
#35=STYLED_ITEM('',(#6845),#71);
#36=STYLED_ITEM('',(#6845),#72);
#37=STYLED_ITEM('',(#6845),#73);
#38=STYLED_ITEM('',(#6845),#74);
#39=STYLED_ITEM('',(#6845),#75);
#40=STYLED_ITEM('',(#6845),#76);
#41=STYLED_ITEM('',(#6845),#77);
#42=STYLED_ITEM('',(#6845),#78);
#43=STYLED_ITEM('',(#6845),#79);
#44=STYLED_ITEM('',(#6845),#80);
#45=STYLED_ITEM('',(#6845),#81);
#46=STYLED_ITEM('',(#6845),#82);
#47=STYLED_ITEM('',(#6845),#83);
#48=STYLED_ITEM('',(#6845),#84);
#49=MANIFOLD_SOLID_BREP('Body1',#4210);
#50=MANIFOLD_SOLID_BREP('1-7',#4211);
#51=MANIFOLD_SOLID_BREP('2-7',#4212);
#52=MANIFOLD_SOLID_BREP('3-7',#4213);
#53=MANIFOLD_SOLID_BREP('4-7',#4214);
#54=MANIFOLD_SOLID_BREP('5-7',#4215);
#55=MANIFOLD_SOLID_BREP('1-6',#4216);
#56=MANIFOLD_SOLID_BREP('2-6',#4217);
#57=MANIFOLD_SOLID_BREP('3-6',#4218);
#58=MANIFOLD_SOLID_BREP('4-6',#4219);
#59=MANIFOLD_SOLID_BREP('5-6',#4220);
#60=MANIFOLD_SOLID_BREP('1-5',#4221);
#61=MANIFOLD_SOLID_BREP('2-5',#4222);
#62=MANIFOLD_SOLID_BREP('3-5',#4223);
#63=MANIFOLD_SOLID_BREP('4-5',#4224);
#64=MANIFOLD_SOLID_BREP('5-5',#4225);
#65=MANIFOLD_SOLID_BREP('1-4',#4226);
#66=MANIFOLD_SOLID_BREP('2-4',#4227);
#67=MANIFOLD_SOLID_BREP('3-4',#4228);
#68=MANIFOLD_SOLID_BREP('4-4',#4229);
#69=MANIFOLD_SOLID_BREP('5-4',#4230);
#70=MANIFOLD_SOLID_BREP('1-3',#4231);
#71=MANIFOLD_SOLID_BREP('2-3',#4232);
#72=MANIFOLD_SOLID_BREP('3-3',#4233);
#73=MANIFOLD_SOLID_BREP('4-3',#4234);
#74=MANIFOLD_SOLID_BREP('5-3',#4235);
#75=MANIFOLD_SOLID_BREP('1-2',#4236);
#76=MANIFOLD_SOLID_BREP('2-2',#4237);
#77=MANIFOLD_SOLID_BREP('3-2',#4238);
#78=MANIFOLD_SOLID_BREP('4-2',#4239);
#79=MANIFOLD_SOLID_BREP('5-2',#4240);
#80=MANIFOLD_SOLID_BREP('1-1',#4241);
#81=MANIFOLD_SOLID_BREP('2-1',#4242);
#82=MANIFOLD_SOLID_BREP('3-1',#4243);
#83=MANIFOLD_SOLID_BREP('4-1',#4244);
#84=MANIFOLD_SOLID_BREP('5-1',#4245);
#85=FACE_BOUND('',#615,.T.);
#86=FACE_BOUND('',#638,.T.);
#87=B_SPLINE_CURVE_WITH_KNOTS('',3,(#5747,#5748,#5749,#5750,#5751,#5752,
#5753,#5754,#5755,#5756),.UNSPECIFIED.,.F.,.F.,(4,2,2,2,4),(-0.0342150572163392,
-0.0244833711167426,-0.0147516850171462,-0.00737584250857309,0.),
 .UNSPECIFIED.);
#88=ELLIPSE('',#4267,0.282842712474619,0.2);
#89=ELLIPSE('',#4273,0.282842712474619,0.2);
#90=ELLIPSE('',#4280,1.41421356237309,0.999999999999999);
#91=ELLIPSE('',#4283,0.282842712474619,0.2);
#92=ELLIPSE('',#4289,1.41421356237309,0.999999999999999);
#93=PLANE('',#4262);
#94=PLANE('',#4263);
#95=PLANE('',#4264);
#96=PLANE('',#4265);
#97=PLANE('',#4269);
#98=PLANE('',#4270);
#99=PLANE('',#4271);
#100=PLANE('',#4275);
#101=PLANE('',#4276);
#102=PLANE('',#4277);
#103=PLANE('',#4279);
#104=PLANE('',#4281);
#105=PLANE('',#4287);
#106=PLANE('',#4288);
#107=PLANE('',#4290);
#108=PLANE('',#4291);
#109=PLANE('',#4295);
#110=PLANE('',#4296);
#111=PLANE('',#4307);
#112=PLANE('',#4310);
#113=PLANE('',#4313);
#114=PLANE('',#4316);
#115=PLANE('',#4319);
#116=PLANE('',#4320);
#117=PLANE('',#4323);
#118=PLANE('',#4326);
#119=PLANE('',#4327);
#120=PLANE('',#4328);
#121=PLANE('',#4329);
#122=PLANE('',#4332);
#123=PLANE('',#4333);
#124=PLANE('',#4334);
#125=PLANE('',#4335);
#126=PLANE('',#4336);
#127=PLANE('',#4337);
#128=PLANE('',#4338);
#129=PLANE('',#4339);
#130=PLANE('',#4340);
#131=PLANE('',#4341);
#132=PLANE('',#4342);
#133=PLANE('',#4343);
#134=PLANE('',#4344);
#135=PLANE('',#4345);
#136=PLANE('',#4346);
#137=PLANE('',#4347);
#138=PLANE('',#4348);
#139=PLANE('',#4349);
#140=PLANE('',#4350);
#141=PLANE('',#4351);
#142=PLANE('',#4352);
#143=PLANE('',#4353);
#144=PLANE('',#4354);
#145=PLANE('',#4355);
#146=PLANE('',#4356);
#147=PLANE('',#4357);
#148=PLANE('',#4358);
#149=PLANE('',#4359);
#150=PLANE('',#4360);
#151=PLANE('',#4361);
#152=PLANE('',#4362);
#153=PLANE('',#4363);
#154=PLANE('',#4364);
#155=PLANE('',#4365);
#156=PLANE('',#4366);
#157=PLANE('',#4367);
#158=PLANE('',#4368);
#159=PLANE('',#4369);
#160=PLANE('',#4370);
#161=PLANE('',#4371);
#162=PLANE('',#4372);
#163=PLANE('',#4373);
#164=PLANE('',#4374);
#165=PLANE('',#4375);
#166=PLANE('',#4376);
#167=PLANE('',#4377);
#168=PLANE('',#4378);
#169=PLANE('',#4379);
#170=PLANE('',#4380);
#171=PLANE('',#4381);
#172=PLANE('',#4382);
#173=PLANE('',#4383);
#174=PLANE('',#4384);
#175=PLANE('',#4385);
#176=PLANE('',#4386);
#177=PLANE('',#4387);
#178=PLANE('',#4388);
#179=PLANE('',#4389);
#180=PLANE('',#4390);
#181=PLANE('',#4391);
#182=PLANE('',#4392);
#183=PLANE('',#4393);
#184=PLANE('',#4394);
#185=PLANE('',#4395);
#186=PLANE('',#4396);
#187=PLANE('',#4397);
#188=PLANE('',#4398);
#189=PLANE('',#4399);
#190=PLANE('',#4400);
#191=PLANE('',#4401);
#192=PLANE('',#4402);
#193=PLANE('',#4403);
#194=PLANE('',#4404);
#195=PLANE('',#4405);
#196=PLANE('',#4406);
#197=PLANE('',#4407);
#198=PLANE('',#4408);
#199=PLANE('',#4409);
#200=PLANE('',#4410);
#201=PLANE('',#4411);
#202=PLANE('',#4412);
#203=PLANE('',#4413);
#204=PLANE('',#4414);
#205=PLANE('',#4415);
#206=PLANE('',#4416);
#207=PLANE('',#4417);
#208=PLANE('',#4418);
#209=PLANE('',#4419);
#210=PLANE('',#4420);
#211=PLANE('',#4421);
#212=PLANE('',#4422);
#213=PLANE('',#4423);
#214=PLANE('',#4424);
#215=PLANE('',#4425);
#216=PLANE('',#4426);
#217=PLANE('',#4427);
#218=PLANE('',#4428);
#219=PLANE('',#4429);
#220=PLANE('',#4430);
#221=PLANE('',#4431);
#222=PLANE('',#4432);
#223=PLANE('',#4433);
#224=PLANE('',#4434);
#225=PLANE('',#4435);
#226=PLANE('',#4436);
#227=PLANE('',#4437);
#228=PLANE('',#4438);
#229=PLANE('',#4439);
#230=PLANE('',#4440);
#231=PLANE('',#4441);
#232=PLANE('',#4442);
#233=PLANE('',#4443);
#234=PLANE('',#4444);
#235=PLANE('',#4445);
#236=PLANE('',#4446);
#237=PLANE('',#4447);
#238=PLANE('',#4448);
#239=PLANE('',#4449);
#240=PLANE('',#4450);
#241=PLANE('',#4451);
#242=PLANE('',#4452);
#243=PLANE('',#4453);
#244=PLANE('',#4454);
#245=PLANE('',#4455);
#246=PLANE('',#4456);
#247=PLANE('',#4457);
#248=PLANE('',#4458);
#249=PLANE('',#4459);
#250=PLANE('',#4460);
#251=PLANE('',#4461);
#252=PLANE('',#4462);
#253=PLANE('',#4463);
#254=PLANE('',#4464);
#255=PLANE('',#4465);
#256=PLANE('',#4466);
#257=PLANE('',#4467);
#258=PLANE('',#4468);
#259=PLANE('',#4469);
#260=PLANE('',#4470);
#261=PLANE('',#4471);
#262=PLANE('',#4472);
#263=PLANE('',#4473);
#264=PLANE('',#4474);
#265=PLANE('',#4475);
#266=PLANE('',#4476);
#267=PLANE('',#4477);
#268=PLANE('',#4478);
#269=PLANE('',#4479);
#270=PLANE('',#4480);
#271=PLANE('',#4481);
#272=PLANE('',#4482);
#273=PLANE('',#4483);
#274=PLANE('',#4484);
#275=PLANE('',#4485);
#276=PLANE('',#4486);
#277=PLANE('',#4487);
#278=PLANE('',#4488);
#279=PLANE('',#4489);
#280=PLANE('',#4490);
#281=PLANE('',#4491);
#282=PLANE('',#4492);
#283=PLANE('',#4493);
#284=PLANE('',#4494);
#285=PLANE('',#4495);
#286=PLANE('',#4496);
#287=PLANE('',#4497);
#288=PLANE('',#4498);
#289=PLANE('',#4499);
#290=PLANE('',#4500);
#291=PLANE('',#4501);
#292=PLANE('',#4502);
#293=PLANE('',#4503);
#294=PLANE('',#4504);
#295=PLANE('',#4505);
#296=PLANE('',#4506);
#297=PLANE('',#4507);
#298=PLANE('',#4508);
#299=PLANE('',#4509);
#300=PLANE('',#4510);
#301=PLANE('',#4511);
#302=PLANE('',#4512);
#303=PLANE('',#4513);
#304=PLANE('',#4514);
#305=PLANE('',#4515);
#306=PLANE('',#4516);
#307=PLANE('',#4517);
#308=PLANE('',#4518);
#309=PLANE('',#4519);
#310=PLANE('',#4520);
#311=PLANE('',#4521);
#312=PLANE('',#4522);
#313=PLANE('',#4523);
#314=PLANE('',#4524);
#315=PLANE('',#4525);
#316=PLANE('',#4526);
#317=PLANE('',#4527);
#318=PLANE('',#4528);
#319=PLANE('',#4529);
#320=PLANE('',#4530);
#321=PLANE('',#4531);
#322=PLANE('',#4532);
#323=PLANE('',#4533);
#324=PLANE('',#4534);
#325=PLANE('',#4535);
#326=PLANE('',#4536);
#327=PLANE('',#4537);
#328=PLANE('',#4538);
#329=PLANE('',#4539);
#330=PLANE('',#4540);
#331=PLANE('',#4541);
#332=PLANE('',#4542);
#333=PLANE('',#4543);
#334=PLANE('',#4544);
#335=FACE_OUTER_BOUND('',#591,.T.);
#336=FACE_OUTER_BOUND('',#592,.T.);
#337=FACE_OUTER_BOUND('',#593,.T.);
#338=FACE_OUTER_BOUND('',#594,.T.);
#339=FACE_OUTER_BOUND('',#595,.T.);
#340=FACE_OUTER_BOUND('',#596,.T.);
#341=FACE_OUTER_BOUND('',#597,.T.);
#342=FACE_OUTER_BOUND('',#598,.T.);
#343=FACE_OUTER_BOUND('',#599,.T.);
#344=FACE_OUTER_BOUND('',#600,.T.);
#345=FACE_OUTER_BOUND('',#601,.T.);
#346=FACE_OUTER_BOUND('',#602,.T.);
#347=FACE_OUTER_BOUND('',#603,.T.);
#348=FACE_OUTER_BOUND('',#604,.T.);
#349=FACE_OUTER_BOUND('',#605,.T.);
#350=FACE_OUTER_BOUND('',#606,.T.);
#351=FACE_OUTER_BOUND('',#607,.T.);
#352=FACE_OUTER_BOUND('',#608,.T.);
#353=FACE_OUTER_BOUND('',#609,.T.);
#354=FACE_OUTER_BOUND('',#610,.T.);
#355=FACE_OUTER_BOUND('',#611,.T.);
#356=FACE_OUTER_BOUND('',#612,.T.);
#357=FACE_OUTER_BOUND('',#613,.T.);
#358=FACE_OUTER_BOUND('',#614,.T.);
#359=FACE_OUTER_BOUND('',#616,.T.);
#360=FACE_OUTER_BOUND('',#617,.T.);
#361=FACE_OUTER_BOUND('',#618,.T.);
#362=FACE_OUTER_BOUND('',#619,.T.);
#363=FACE_OUTER_BOUND('',#620,.T.);
#364=FACE_OUTER_BOUND('',#621,.T.);
#365=FACE_OUTER_BOUND('',#622,.T.);
#366=FACE_OUTER_BOUND('',#623,.T.);
#367=FACE_OUTER_BOUND('',#624,.T.);
#368=FACE_OUTER_BOUND('',#625,.T.);
#369=FACE_OUTER_BOUND('',#626,.T.);
#370=FACE_OUTER_BOUND('',#627,.T.);
#371=FACE_OUTER_BOUND('',#628,.T.);
#372=FACE_OUTER_BOUND('',#629,.T.);
#373=FACE_OUTER_BOUND('',#630,.T.);
#374=FACE_OUTER_BOUND('',#631,.T.);
#375=FACE_OUTER_BOUND('',#632,.T.);
#376=FACE_OUTER_BOUND('',#633,.T.);
#377=FACE_OUTER_BOUND('',#634,.T.);
#378=FACE_OUTER_BOUND('',#635,.T.);
#379=FACE_OUTER_BOUND('',#636,.T.);
#380=FACE_OUTER_BOUND('',#637,.T.);
#381=FACE_OUTER_BOUND('',#639,.T.);
#382=FACE_OUTER_BOUND('',#640,.T.);
#383=FACE_OUTER_BOUND('',#641,.T.);
#384=FACE_OUTER_BOUND('',#642,.T.);
#385=FACE_OUTER_BOUND('',#643,.T.);
#386=FACE_OUTER_BOUND('',#644,.T.);
#387=FACE_OUTER_BOUND('',#645,.T.);
#388=FACE_OUTER_BOUND('',#646,.T.);
#389=FACE_OUTER_BOUND('',#647,.T.);
#390=FACE_OUTER_BOUND('',#648,.T.);
#391=FACE_OUTER_BOUND('',#649,.T.);
#392=FACE_OUTER_BOUND('',#650,.T.);
#393=FACE_OUTER_BOUND('',#651,.T.);
#394=FACE_OUTER_BOUND('',#652,.T.);
#395=FACE_OUTER_BOUND('',#653,.T.);
#396=FACE_OUTER_BOUND('',#654,.T.);
#397=FACE_OUTER_BOUND('',#655,.T.);
#398=FACE_OUTER_BOUND('',#656,.T.);
#399=FACE_OUTER_BOUND('',#657,.T.);
#400=FACE_OUTER_BOUND('',#658,.T.);
#401=FACE_OUTER_BOUND('',#659,.T.);
#402=FACE_OUTER_BOUND('',#660,.T.);
#403=FACE_OUTER_BOUND('',#661,.T.);
#404=FACE_OUTER_BOUND('',#662,.T.);
#405=FACE_OUTER_BOUND('',#663,.T.);
#406=FACE_OUTER_BOUND('',#664,.T.);
#407=FACE_OUTER_BOUND('',#665,.T.);
#408=FACE_OUTER_BOUND('',#666,.T.);
#409=FACE_OUTER_BOUND('',#667,.T.);
#410=FACE_OUTER_BOUND('',#668,.T.);
#411=FACE_OUTER_BOUND('',#669,.T.);
#412=FACE_OUTER_BOUND('',#670,.T.);
#413=FACE_OUTER_BOUND('',#671,.T.);
#414=FACE_OUTER_BOUND('',#672,.T.);
#415=FACE_OUTER_BOUND('',#673,.T.);
#416=FACE_OUTER_BOUND('',#674,.T.);
#417=FACE_OUTER_BOUND('',#675,.T.);
#418=FACE_OUTER_BOUND('',#676,.T.);
#419=FACE_OUTER_BOUND('',#677,.T.);
#420=FACE_OUTER_BOUND('',#678,.T.);
#421=FACE_OUTER_BOUND('',#679,.T.);
#422=FACE_OUTER_BOUND('',#680,.T.);
#423=FACE_OUTER_BOUND('',#681,.T.);
#424=FACE_OUTER_BOUND('',#682,.T.);
#425=FACE_OUTER_BOUND('',#683,.T.);
#426=FACE_OUTER_BOUND('',#684,.T.);
#427=FACE_OUTER_BOUND('',#685,.T.);
#428=FACE_OUTER_BOUND('',#686,.T.);
#429=FACE_OUTER_BOUND('',#687,.T.);
#430=FACE_OUTER_BOUND('',#688,.T.);
#431=FACE_OUTER_BOUND('',#689,.T.);
#432=FACE_OUTER_BOUND('',#690,.T.);
#433=FACE_OUTER_BOUND('',#691,.T.);
#434=FACE_OUTER_BOUND('',#692,.T.);
#435=FACE_OUTER_BOUND('',#693,.T.);
#436=FACE_OUTER_BOUND('',#694,.T.);
#437=FACE_OUTER_BOUND('',#695,.T.);
#438=FACE_OUTER_BOUND('',#696,.T.);
#439=FACE_OUTER_BOUND('',#697,.T.);
#440=FACE_OUTER_BOUND('',#698,.T.);
#441=FACE_OUTER_BOUND('',#699,.T.);
#442=FACE_OUTER_BOUND('',#700,.T.);
#443=FACE_OUTER_BOUND('',#701,.T.);
#444=FACE_OUTER_BOUND('',#702,.T.);
#445=FACE_OUTER_BOUND('',#703,.T.);
#446=FACE_OUTER_BOUND('',#704,.T.);
#447=FACE_OUTER_BOUND('',#705,.T.);
#448=FACE_OUTER_BOUND('',#706,.T.);
#449=FACE_OUTER_BOUND('',#707,.T.);
#450=FACE_OUTER_BOUND('',#708,.T.);
#451=FACE_OUTER_BOUND('',#709,.T.);
#452=FACE_OUTER_BOUND('',#710,.T.);
#453=FACE_OUTER_BOUND('',#711,.T.);
#454=FACE_OUTER_BOUND('',#712,.T.);
#455=FACE_OUTER_BOUND('',#713,.T.);
#456=FACE_OUTER_BOUND('',#714,.T.);
#457=FACE_OUTER_BOUND('',#715,.T.);
#458=FACE_OUTER_BOUND('',#716,.T.);
#459=FACE_OUTER_BOUND('',#717,.T.);
#460=FACE_OUTER_BOUND('',#718,.T.);
#461=FACE_OUTER_BOUND('',#719,.T.);
#462=FACE_OUTER_BOUND('',#720,.T.);
#463=FACE_OUTER_BOUND('',#721,.T.);
#464=FACE_OUTER_BOUND('',#722,.T.);
#465=FACE_OUTER_BOUND('',#723,.T.);
#466=FACE_OUTER_BOUND('',#724,.T.);
#467=FACE_OUTER_BOUND('',#725,.T.);
#468=FACE_OUTER_BOUND('',#726,.T.);
#469=FACE_OUTER_BOUND('',#727,.T.);
#470=FACE_OUTER_BOUND('',#728,.T.);
#471=FACE_OUTER_BOUND('',#729,.T.);
#472=FACE_OUTER_BOUND('',#730,.T.);
#473=FACE_OUTER_BOUND('',#731,.T.);
#474=FACE_OUTER_BOUND('',#732,.T.);
#475=FACE_OUTER_BOUND('',#733,.T.);
#476=FACE_OUTER_BOUND('',#734,.T.);
#477=FACE_OUTER_BOUND('',#735,.T.);
#478=FACE_OUTER_BOUND('',#736,.T.);
#479=FACE_OUTER_BOUND('',#737,.T.);
#480=FACE_OUTER_BOUND('',#738,.T.);
#481=FACE_OUTER_BOUND('',#739,.T.);
#482=FACE_OUTER_BOUND('',#740,.T.);
#483=FACE_OUTER_BOUND('',#741,.T.);
#484=FACE_OUTER_BOUND('',#742,.T.);
#485=FACE_OUTER_BOUND('',#743,.T.);
#486=FACE_OUTER_BOUND('',#744,.T.);
#487=FACE_OUTER_BOUND('',#745,.T.);
#488=FACE_OUTER_BOUND('',#746,.T.);
#489=FACE_OUTER_BOUND('',#747,.T.);
#490=FACE_OUTER_BOUND('',#748,.T.);
#491=FACE_OUTER_BOUND('',#749,.T.);
#492=FACE_OUTER_BOUND('',#750,.T.);
#493=FACE_OUTER_BOUND('',#751,.T.);
#494=FACE_OUTER_BOUND('',#752,.T.);
#495=FACE_OUTER_BOUND('',#753,.T.);
#496=FACE_OUTER_BOUND('',#754,.T.);
#497=FACE_OUTER_BOUND('',#755,.T.);
#498=FACE_OUTER_BOUND('',#756,.T.);
#499=FACE_OUTER_BOUND('',#757,.T.);
#500=FACE_OUTER_BOUND('',#758,.T.);
#501=FACE_OUTER_BOUND('',#759,.T.);
#502=FACE_OUTER_BOUND('',#760,.T.);
#503=FACE_OUTER_BOUND('',#761,.T.);
#504=FACE_OUTER_BOUND('',#762,.T.);
#505=FACE_OUTER_BOUND('',#763,.T.);
#506=FACE_OUTER_BOUND('',#764,.T.);
#507=FACE_OUTER_BOUND('',#765,.T.);
#508=FACE_OUTER_BOUND('',#766,.T.);
#509=FACE_OUTER_BOUND('',#767,.T.);
#510=FACE_OUTER_BOUND('',#768,.T.);
#511=FACE_OUTER_BOUND('',#769,.T.);
#512=FACE_OUTER_BOUND('',#770,.T.);
#513=FACE_OUTER_BOUND('',#771,.T.);
#514=FACE_OUTER_BOUND('',#772,.T.);
#515=FACE_OUTER_BOUND('',#773,.T.);
#516=FACE_OUTER_BOUND('',#774,.T.);
#517=FACE_OUTER_BOUND('',#775,.T.);
#518=FACE_OUTER_BOUND('',#776,.T.);
#519=FACE_OUTER_BOUND('',#777,.T.);
#520=FACE_OUTER_BOUND('',#778,.T.);
#521=FACE_OUTER_BOUND('',#779,.T.);
#522=FACE_OUTER_BOUND('',#780,.T.);
#523=FACE_OUTER_BOUND('',#781,.T.);
#524=FACE_OUTER_BOUND('',#782,.T.);
#525=FACE_OUTER_BOUND('',#783,.T.);
#526=FACE_OUTER_BOUND('',#784,.T.);
#527=FACE_OUTER_BOUND('',#785,.T.);
#528=FACE_OUTER_BOUND('',#786,.T.);
#529=FACE_OUTER_BOUND('',#787,.T.);
#530=FACE_OUTER_BOUND('',#788,.T.);
#531=FACE_OUTER_BOUND('',#789,.T.);
#532=FACE_OUTER_BOUND('',#790,.T.);
#533=FACE_OUTER_BOUND('',#791,.T.);
#534=FACE_OUTER_BOUND('',#792,.T.);
#535=FACE_OUTER_BOUND('',#793,.T.);
#536=FACE_OUTER_BOUND('',#794,.T.);
#537=FACE_OUTER_BOUND('',#795,.T.);
#538=FACE_OUTER_BOUND('',#796,.T.);
#539=FACE_OUTER_BOUND('',#797,.T.);
#540=FACE_OUTER_BOUND('',#798,.T.);
#541=FACE_OUTER_BOUND('',#799,.T.);
#542=FACE_OUTER_BOUND('',#800,.T.);
#543=FACE_OUTER_BOUND('',#801,.T.);
#544=FACE_OUTER_BOUND('',#802,.T.);
#545=FACE_OUTER_BOUND('',#803,.T.);
#546=FACE_OUTER_BOUND('',#804,.T.);
#547=FACE_OUTER_BOUND('',#805,.T.);
#548=FACE_OUTER_BOUND('',#806,.T.);
#549=FACE_OUTER_BOUND('',#807,.T.);
#550=FACE_OUTER_BOUND('',#808,.T.);
#551=FACE_OUTER_BOUND('',#809,.T.);
#552=FACE_OUTER_BOUND('',#810,.T.);
#553=FACE_OUTER_BOUND('',#811,.T.);
#554=FACE_OUTER_BOUND('',#812,.T.);
#555=FACE_OUTER_BOUND('',#813,.T.);
#556=FACE_OUTER_BOUND('',#814,.T.);
#557=FACE_OUTER_BOUND('',#815,.T.);
#558=FACE_OUTER_BOUND('',#816,.T.);
#559=FACE_OUTER_BOUND('',#817,.T.);
#560=FACE_OUTER_BOUND('',#818,.T.);
#561=FACE_OUTER_BOUND('',#819,.T.);
#562=FACE_OUTER_BOUND('',#820,.T.);
#563=FACE_OUTER_BOUND('',#821,.T.);
#564=FACE_OUTER_BOUND('',#822,.T.);
#565=FACE_OUTER_BOUND('',#823,.T.);
#566=FACE_OUTER_BOUND('',#824,.T.);
#567=FACE_OUTER_BOUND('',#825,.T.);
#568=FACE_OUTER_BOUND('',#826,.T.);
#569=FACE_OUTER_BOUND('',#827,.T.);
#570=FACE_OUTER_BOUND('',#828,.T.);
#571=FACE_OUTER_BOUND('',#829,.T.);
#572=FACE_OUTER_BOUND('',#830,.T.);
#573=FACE_OUTER_BOUND('',#831,.T.);
#574=FACE_OUTER_BOUND('',#832,.T.);
#575=FACE_OUTER_BOUND('',#833,.T.);
#576=FACE_OUTER_BOUND('',#834,.T.);
#577=FACE_OUTER_BOUND('',#835,.T.);
#578=FACE_OUTER_BOUND('',#836,.T.);
#579=FACE_OUTER_BOUND('',#837,.T.);
#580=FACE_OUTER_BOUND('',#838,.T.);
#581=FACE_OUTER_BOUND('',#839,.T.);
#582=FACE_OUTER_BOUND('',#840,.T.);
#583=FACE_OUTER_BOUND('',#841,.T.);
#584=FACE_OUTER_BOUND('',#842,.T.);
#585=FACE_OUTER_BOUND('',#843,.T.);
#586=FACE_OUTER_BOUND('',#844,.T.);
#587=FACE_OUTER_BOUND('',#845,.T.);
#588=FACE_OUTER_BOUND('',#846,.T.);
#589=FACE_OUTER_BOUND('',#847,.T.);
#590=FACE_OUTER_BOUND('',#848,.T.);
#591=EDGE_LOOP('',(#2836,#2837,#2838,#2839));
#592=EDGE_LOOP('',(#2840,#2841,#2842,#2843));
#593=EDGE_LOOP('',(#2844,#2845,#2846,#2847));
#594=EDGE_LOOP('',(#2848,#2849,#2850,#2851));
#595=EDGE_LOOP('',(#2852,#2853,#2854,#2855));
#596=EDGE_LOOP('',(#2856,#2857,#2858,#2859));
#597=EDGE_LOOP('',(#2860,#2861,#2862,#2863));
#598=EDGE_LOOP('',(#2864,#2865,#2866,#2867,#2868,#2869,#2870));
#599=EDGE_LOOP('',(#2871,#2872,#2873,#2874));
#600=EDGE_LOOP('',(#2875,#2876,#2877,#2878));
#601=EDGE_LOOP('',(#2879,#2880,#2881,#2882));
#602=EDGE_LOOP('',(#2883,#2884,#2885,#2886));
#603=EDGE_LOOP('',(#2887,#2888,#2889,#2890));
#604=EDGE_LOOP('',(#2891,#2892,#2893,#2894,#2895));
#605=EDGE_LOOP('',(#2896,#2897,#2898,#2899));
#606=EDGE_LOOP('',(#2900,#2901,#2902,#2903));
#607=EDGE_LOOP('',(#2904,#2905,#2906,#2907));
#608=EDGE_LOOP('',(#2908,#2909,#2910,#2911));
#609=EDGE_LOOP('',(#2912,#2913,#2914,#2915));
#610=EDGE_LOOP('',(#2916,#2917,#2918,#2919,#2920,#2921,#2922,#2923));
#611=EDGE_LOOP('',(#2924,#2925,#2926,#2927,#2928,#2929,#2930,#2931,#2932,
#2933,#2934));
#612=EDGE_LOOP('',(#2935,#2936,#2937,#2938));
#613=EDGE_LOOP('',(#2939,#2940,#2941,#2942));
#614=EDGE_LOOP('',(#2943,#2944,#2945,#2946,#2947,#2948,#2949,#2950,#2951,
#2952,#2953,#2954,#2955,#2956,#2957,#2958,#2959,#2960,#2961,#2962,#2963,
#2964,#2965,#2966,#2967,#2968,#2969));
#615=EDGE_LOOP('',(#2970));
#616=EDGE_LOOP('',(#2971,#2972,#2973,#2974));
#617=EDGE_LOOP('',(#2975,#2976,#2977,#2978));
#618=EDGE_LOOP('',(#2979,#2980,#2981,#2982));
#619=EDGE_LOOP('',(#2983,#2984,#2985,#2986));
#620=EDGE_LOOP('',(#2987,#2988,#2989,#2990));
#621=EDGE_LOOP('',(#2991,#2992,#2993,#2994));
#622=EDGE_LOOP('',(#2995,#2996,#2997,#2998));
#623=EDGE_LOOP('',(#2999,#3000,#3001,#3002));
#624=EDGE_LOOP('',(#3003,#3004,#3005,#3006));
#625=EDGE_LOOP('',(#3007,#3008,#3009,#3010));
#626=EDGE_LOOP('',(#3011,#3012,#3013,#3014));
#627=EDGE_LOOP('',(#3015,#3016,#3017,#3018));
#628=EDGE_LOOP('',(#3019,#3020,#3021,#3022));
#629=EDGE_LOOP('',(#3023,#3024,#3025,#3026));
#630=EDGE_LOOP('',(#3027,#3028,#3029,#3030));
#631=EDGE_LOOP('',(#3031,#3032,#3033,#3034,#3035,#3036,#3037,#3038));
#632=EDGE_LOOP('',(#3039,#3040,#3041,#3042));
#633=EDGE_LOOP('',(#3043,#3044,#3045,#3046,#3047,#3048,#3049,#3050,#3051,
#3052,#3053));
#634=EDGE_LOOP('',(#3054,#3055,#3056,#3057,#3058,#3059,#3060,#3061,#3062));
#635=EDGE_LOOP('',(#3063,#3064,#3065,#3066));
#636=EDGE_LOOP('',(#3067,#3068,#3069,#3070));
#637=EDGE_LOOP('',(#3071,#3072,#3073,#3074,#3075,#3076,#3077,#3078,#3079,
#3080,#3081,#3082,#3083,#3084,#3085,#3086,#3087,#3088,#3089,#3090,#3091,
#3092,#3093,#3094,#3095,#3096,#3097,#3098));
#638=EDGE_LOOP('',(#3099));
#639=EDGE_LOOP('',(#3100,#3101,#3102,#3103));
#640=EDGE_LOOP('',(#3104,#3105,#3106,#3107));
#641=EDGE_LOOP('',(#3108,#3109,#3110,#3111));
#642=EDGE_LOOP('',(#3112,#3113,#3114,#3115));
#643=EDGE_LOOP('',(#3116,#3117,#3118,#3119));
#644=EDGE_LOOP('',(#3120,#3121,#3122,#3123));
#645=EDGE_LOOP('',(#3124,#3125,#3126,#3127));
#646=EDGE_LOOP('',(#3128,#3129,#3130,#3131));
#647=EDGE_LOOP('',(#3132,#3133,#3134,#3135));
#648=EDGE_LOOP('',(#3136,#3137,#3138,#3139));
#649=EDGE_LOOP('',(#3140,#3141,#3142,#3143));
#650=EDGE_LOOP('',(#3144,#3145,#3146,#3147));
#651=EDGE_LOOP('',(#3148,#3149,#3150,#3151));
#652=EDGE_LOOP('',(#3152,#3153,#3154,#3155));
#653=EDGE_LOOP('',(#3156,#3157,#3158,#3159));
#654=EDGE_LOOP('',(#3160,#3161,#3162,#3163));
#655=EDGE_LOOP('',(#3164,#3165,#3166,#3167));
#656=EDGE_LOOP('',(#3168,#3169,#3170,#3171));
#657=EDGE_LOOP('',(#3172,#3173,#3174,#3175));
#658=EDGE_LOOP('',(#3176,#3177,#3178,#3179));
#659=EDGE_LOOP('',(#3180,#3181,#3182,#3183));
#660=EDGE_LOOP('',(#3184,#3185,#3186,#3187));
#661=EDGE_LOOP('',(#3188,#3189,#3190,#3191));
#662=EDGE_LOOP('',(#3192,#3193,#3194,#3195));
#663=EDGE_LOOP('',(#3196,#3197,#3198,#3199));
#664=EDGE_LOOP('',(#3200,#3201,#3202,#3203));
#665=EDGE_LOOP('',(#3204,#3205,#3206,#3207));
#666=EDGE_LOOP('',(#3208,#3209,#3210,#3211));
#667=EDGE_LOOP('',(#3212,#3213,#3214,#3215));
#668=EDGE_LOOP('',(#3216,#3217,#3218,#3219));
#669=EDGE_LOOP('',(#3220,#3221,#3222,#3223));
#670=EDGE_LOOP('',(#3224,#3225,#3226,#3227));
#671=EDGE_LOOP('',(#3228,#3229,#3230,#3231));
#672=EDGE_LOOP('',(#3232,#3233,#3234,#3235));
#673=EDGE_LOOP('',(#3236,#3237,#3238,#3239));
#674=EDGE_LOOP('',(#3240,#3241,#3242,#3243));
#675=EDGE_LOOP('',(#3244,#3245,#3246,#3247));
#676=EDGE_LOOP('',(#3248,#3249,#3250,#3251));
#677=EDGE_LOOP('',(#3252,#3253,#3254,#3255));
#678=EDGE_LOOP('',(#3256,#3257,#3258,#3259));
#679=EDGE_LOOP('',(#3260,#3261,#3262,#3263));
#680=EDGE_LOOP('',(#3264,#3265,#3266,#3267));
#681=EDGE_LOOP('',(#3268,#3269,#3270,#3271));
#682=EDGE_LOOP('',(#3272,#3273,#3274,#3275));
#683=EDGE_LOOP('',(#3276,#3277,#3278,#3279));
#684=EDGE_LOOP('',(#3280,#3281,#3282,#3283));
#685=EDGE_LOOP('',(#3284,#3285,#3286,#3287));
#686=EDGE_LOOP('',(#3288,#3289,#3290,#3291));
#687=EDGE_LOOP('',(#3292,#3293,#3294,#3295));
#688=EDGE_LOOP('',(#3296,#3297,#3298,#3299));
#689=EDGE_LOOP('',(#3300,#3301,#3302,#3303));
#690=EDGE_LOOP('',(#3304,#3305,#3306,#3307));
#691=EDGE_LOOP('',(#3308,#3309,#3310,#3311));
#692=EDGE_LOOP('',(#3312,#3313,#3314,#3315));
#693=EDGE_LOOP('',(#3316,#3317,#3318,#3319));
#694=EDGE_LOOP('',(#3320,#3321,#3322,#3323));
#695=EDGE_LOOP('',(#3324,#3325,#3326,#3327));
#696=EDGE_LOOP('',(#3328,#3329,#3330,#3331));
#697=EDGE_LOOP('',(#3332,#3333,#3334,#3335));
#698=EDGE_LOOP('',(#3336,#3337,#3338,#3339));
#699=EDGE_LOOP('',(#3340,#3341,#3342,#3343));
#700=EDGE_LOOP('',(#3344,#3345,#3346,#3347));
#701=EDGE_LOOP('',(#3348,#3349,#3350,#3351));
#702=EDGE_LOOP('',(#3352,#3353,#3354,#3355));
#703=EDGE_LOOP('',(#3356,#3357,#3358,#3359));
#704=EDGE_LOOP('',(#3360,#3361,#3362,#3363));
#705=EDGE_LOOP('',(#3364,#3365,#3366,#3367));
#706=EDGE_LOOP('',(#3368,#3369,#3370,#3371));
#707=EDGE_LOOP('',(#3372,#3373,#3374,#3375));
#708=EDGE_LOOP('',(#3376,#3377,#3378,#3379));
#709=EDGE_LOOP('',(#3380,#3381,#3382,#3383));
#710=EDGE_LOOP('',(#3384,#3385,#3386,#3387));
#711=EDGE_LOOP('',(#3388,#3389,#3390,#3391));
#712=EDGE_LOOP('',(#3392,#3393,#3394,#3395));
#713=EDGE_LOOP('',(#3396,#3397,#3398,#3399));
#714=EDGE_LOOP('',(#3400,#3401,#3402,#3403));
#715=EDGE_LOOP('',(#3404,#3405,#3406,#3407));
#716=EDGE_LOOP('',(#3408,#3409,#3410,#3411));
#717=EDGE_LOOP('',(#3412,#3413,#3414,#3415));
#718=EDGE_LOOP('',(#3416,#3417,#3418,#3419));
#719=EDGE_LOOP('',(#3420,#3421,#3422,#3423));
#720=EDGE_LOOP('',(#3424,#3425,#3426,#3427));
#721=EDGE_LOOP('',(#3428,#3429,#3430,#3431));
#722=EDGE_LOOP('',(#3432,#3433,#3434,#3435));
#723=EDGE_LOOP('',(#3436,#3437,#3438,#3439));
#724=EDGE_LOOP('',(#3440,#3441,#3442,#3443));
#725=EDGE_LOOP('',(#3444,#3445,#3446,#3447));
#726=EDGE_LOOP('',(#3448,#3449,#3450,#3451));
#727=EDGE_LOOP('',(#3452,#3453,#3454,#3455));
#728=EDGE_LOOP('',(#3456,#3457,#3458,#3459));
#729=EDGE_LOOP('',(#3460,#3461,#3462,#3463));
#730=EDGE_LOOP('',(#3464,#3465,#3466,#3467));
#731=EDGE_LOOP('',(#3468,#3469,#3470,#3471));
#732=EDGE_LOOP('',(#3472,#3473,#3474,#3475));
#733=EDGE_LOOP('',(#3476,#3477,#3478,#3479));
#734=EDGE_LOOP('',(#3480,#3481,#3482,#3483));
#735=EDGE_LOOP('',(#3484,#3485,#3486,#3487));
#736=EDGE_LOOP('',(#3488,#3489,#3490,#3491));
#737=EDGE_LOOP('',(#3492,#3493,#3494,#3495));
#738=EDGE_LOOP('',(#3496,#3497,#3498,#3499));
#739=EDGE_LOOP('',(#3500,#3501,#3502,#3503));
#740=EDGE_LOOP('',(#3504,#3505,#3506,#3507));
#741=EDGE_LOOP('',(#3508,#3509,#3510,#3511));
#742=EDGE_LOOP('',(#3512,#3513,#3514,#3515));
#743=EDGE_LOOP('',(#3516,#3517,#3518,#3519));
#744=EDGE_LOOP('',(#3520,#3521,#3522,#3523));
#745=EDGE_LOOP('',(#3524,#3525,#3526,#3527));
#746=EDGE_LOOP('',(#3528,#3529,#3530,#3531));
#747=EDGE_LOOP('',(#3532,#3533,#3534,#3535));
#748=EDGE_LOOP('',(#3536,#3537,#3538,#3539));
#749=EDGE_LOOP('',(#3540,#3541,#3542,#3543));
#750=EDGE_LOOP('',(#3544,#3545,#3546,#3547));
#751=EDGE_LOOP('',(#3548,#3549,#3550,#3551));
#752=EDGE_LOOP('',(#3552,#3553,#3554,#3555));
#753=EDGE_LOOP('',(#3556,#3557,#3558,#3559));
#754=EDGE_LOOP('',(#3560,#3561,#3562,#3563));
#755=EDGE_LOOP('',(#3564,#3565,#3566,#3567));
#756=EDGE_LOOP('',(#3568,#3569,#3570,#3571));
#757=EDGE_LOOP('',(#3572,#3573,#3574,#3575));
#758=EDGE_LOOP('',(#3576,#3577,#3578,#3579));
#759=EDGE_LOOP('',(#3580,#3581,#3582,#3583));
#760=EDGE_LOOP('',(#3584,#3585,#3586,#3587));
#761=EDGE_LOOP('',(#3588,#3589,#3590,#3591));
#762=EDGE_LOOP('',(#3592,#3593,#3594,#3595));
#763=EDGE_LOOP('',(#3596,#3597,#3598,#3599));
#764=EDGE_LOOP('',(#3600,#3601,#3602,#3603));
#765=EDGE_LOOP('',(#3604,#3605,#3606,#3607));
#766=EDGE_LOOP('',(#3608,#3609,#3610,#3611));
#767=EDGE_LOOP('',(#3612,#3613,#3614,#3615));
#768=EDGE_LOOP('',(#3616,#3617,#3618,#3619));
#769=EDGE_LOOP('',(#3620,#3621,#3622,#3623));
#770=EDGE_LOOP('',(#3624,#3625,#3626,#3627));
#771=EDGE_LOOP('',(#3628,#3629,#3630,#3631));
#772=EDGE_LOOP('',(#3632,#3633,#3634,#3635));
#773=EDGE_LOOP('',(#3636,#3637,#3638,#3639));
#774=EDGE_LOOP('',(#3640,#3641,#3642,#3643));
#775=EDGE_LOOP('',(#3644,#3645,#3646,#3647));
#776=EDGE_LOOP('',(#3648,#3649,#3650,#3651));
#777=EDGE_LOOP('',(#3652,#3653,#3654,#3655));
#778=EDGE_LOOP('',(#3656,#3657,#3658,#3659));
#779=EDGE_LOOP('',(#3660,#3661,#3662,#3663));
#780=EDGE_LOOP('',(#3664,#3665,#3666,#3667));
#781=EDGE_LOOP('',(#3668,#3669,#3670,#3671));
#782=EDGE_LOOP('',(#3672,#3673,#3674,#3675));
#783=EDGE_LOOP('',(#3676,#3677,#3678,#3679));
#784=EDGE_LOOP('',(#3680,#3681,#3682,#3683));
#785=EDGE_LOOP('',(#3684,#3685,#3686,#3687));
#786=EDGE_LOOP('',(#3688,#3689,#3690,#3691));
#787=EDGE_LOOP('',(#3692,#3693,#3694,#3695));
#788=EDGE_LOOP('',(#3696,#3697,#3698,#3699));
#789=EDGE_LOOP('',(#3700,#3701,#3702,#3703));
#790=EDGE_LOOP('',(#3704,#3705,#3706,#3707));
#791=EDGE_LOOP('',(#3708,#3709,#3710,#3711));
#792=EDGE_LOOP('',(#3712,#3713,#3714,#3715));
#793=EDGE_LOOP('',(#3716,#3717,#3718,#3719));
#794=EDGE_LOOP('',(#3720,#3721,#3722,#3723));
#795=EDGE_LOOP('',(#3724,#3725,#3726,#3727));
#796=EDGE_LOOP('',(#3728,#3729,#3730,#3731));
#797=EDGE_LOOP('',(#3732,#3733,#3734,#3735));
#798=EDGE_LOOP('',(#3736,#3737,#3738,#3739));
#799=EDGE_LOOP('',(#3740,#3741,#3742,#3743));
#800=EDGE_LOOP('',(#3744,#3745,#3746,#3747));
#801=EDGE_LOOP('',(#3748,#3749,#3750,#3751));
#802=EDGE_LOOP('',(#3752,#3753,#3754,#3755));
#803=EDGE_LOOP('',(#3756,#3757,#3758,#3759));
#804=EDGE_LOOP('',(#3760,#3761,#3762,#3763));
#805=EDGE_LOOP('',(#3764,#3765,#3766,#3767));
#806=EDGE_LOOP('',(#3768,#3769,#3770,#3771));
#807=EDGE_LOOP('',(#3772,#3773,#3774,#3775));
#808=EDGE_LOOP('',(#3776,#3777,#3778,#3779));
#809=EDGE_LOOP('',(#3780,#3781,#3782,#3783));
#810=EDGE_LOOP('',(#3784,#3785,#3786,#3787));
#811=EDGE_LOOP('',(#3788,#3789,#3790,#3791));
#812=EDGE_LOOP('',(#3792,#3793,#3794,#3795));
#813=EDGE_LOOP('',(#3796,#3797,#3798,#3799));
#814=EDGE_LOOP('',(#3800,#3801,#3802,#3803));
#815=EDGE_LOOP('',(#3804,#3805,#3806,#3807));
#816=EDGE_LOOP('',(#3808,#3809,#3810,#3811));
#817=EDGE_LOOP('',(#3812,#3813,#3814,#3815));
#818=EDGE_LOOP('',(#3816,#3817,#3818,#3819));
#819=EDGE_LOOP('',(#3820,#3821,#3822,#3823));
#820=EDGE_LOOP('',(#3824,#3825,#3826,#3827));
#821=EDGE_LOOP('',(#3828,#3829,#3830,#3831));
#822=EDGE_LOOP('',(#3832,#3833,#3834,#3835));
#823=EDGE_LOOP('',(#3836,#3837,#3838,#3839));
#824=EDGE_LOOP('',(#3840,#3841,#3842,#3843));
#825=EDGE_LOOP('',(#3844,#3845,#3846,#3847));
#826=EDGE_LOOP('',(#3848,#3849,#3850,#3851));
#827=EDGE_LOOP('',(#3852,#3853,#3854,#3855));
#828=EDGE_LOOP('',(#3856,#3857,#3858,#3859));
#829=EDGE_LOOP('',(#3860,#3861,#3862,#3863));
#830=EDGE_LOOP('',(#3864,#3865,#3866,#3867));
#831=EDGE_LOOP('',(#3868,#3869,#3870,#3871));
#832=EDGE_LOOP('',(#3872,#3873,#3874,#3875));
#833=EDGE_LOOP('',(#3876,#3877,#3878,#3879));
#834=EDGE_LOOP('',(#3880,#3881,#3882,#3883));
#835=EDGE_LOOP('',(#3884,#3885,#3886,#3887));
#836=EDGE_LOOP('',(#3888,#3889,#3890,#3891));
#837=EDGE_LOOP('',(#3892,#3893,#3894,#3895));
#838=EDGE_LOOP('',(#3896,#3897,#3898,#3899));
#839=EDGE_LOOP('',(#3900,#3901,#3902,#3903));
#840=EDGE_LOOP('',(#3904,#3905,#3906,#3907));
#841=EDGE_LOOP('',(#3908,#3909,#3910,#3911));
#842=EDGE_LOOP('',(#3912,#3913,#3914,#3915));
#843=EDGE_LOOP('',(#3916,#3917,#3918,#3919));
#844=EDGE_LOOP('',(#3920,#3921,#3922,#3923));
#845=EDGE_LOOP('',(#3924,#3925,#3926,#3927));
#846=EDGE_LOOP('',(#3928,#3929,#3930,#3931));
#847=EDGE_LOOP('',(#3932,#3933,#3934,#3935));
#848=EDGE_LOOP('',(#3936,#3937,#3938,#3939));
#849=LINE('',#5645,#1370);
#850=LINE('',#5650,#1371);
#851=LINE('',#5652,#1372);
#852=LINE('',#5654,#1373);
#853=LINE('',#5655,#1374);
#854=LINE('',#5658,#1375);
#855=LINE('',#5660,#1376);
#856=LINE('',#5661,#1377);
#857=LINE('',#5664,#1378);
#858=LINE('',#5666,#1379);
#859=LINE('',#5667,#1380);
#860=LINE('',#5670,#1381);
#861=LINE('',#5672,#1382);
#862=LINE('',#5673,#1383);
#863=LINE('',#5679,#1384);
#864=LINE('',#5682,#1385);
#865=LINE('',#5684,#1386);
#866=LINE('',#5685,#1387);
#867=LINE('',#5687,#1388);
#868=LINE('',#5691,#1389);
#869=LINE('',#5693,#1390);
#870=LINE('',#5695,#1391);
#871=LINE('',#5696,#1392);
#872=LINE('',#5702,#1393);
#873=LINE('',#5706,#1394);
#874=LINE('',#5708,#1395);
#875=LINE('',#5710,#1396);
#876=LINE('',#5711,#1397);
#877=LINE('',#5713,#1398);
#878=LINE('',#5714,#1399);
#879=LINE('',#5720,#1400);
#880=LINE('',#5722,#1401);
#881=LINE('',#5723,#1402);
#882=LINE('',#5728,#1403);
#883=LINE('',#5730,#1404);
#884=LINE('',#5731,#1405);
#885=LINE('',#5734,#1406);
#886=LINE('',#5736,#1407);
#887=LINE('',#5737,#1408);
#888=LINE('',#5743,#1409);
#889=LINE('',#5758,#1410);
#890=LINE('',#5761,#1411);
#891=LINE('',#5764,#1412);
#892=LINE('',#5766,#1413);
#893=LINE('',#5767,#1414);
#894=LINE('',#5770,#1415);
#895=LINE('',#5772,#1416);
#896=LINE('',#5775,#1417);
#897=LINE('',#5777,#1418);
#898=LINE('',#5779,#1419);
#899=LINE('',#5781,#1420);
#900=LINE('',#5782,#1421);
#901=LINE('',#5788,#1422);
#902=LINE('',#5791,#1423);
#903=LINE('',#5794,#1424);
#904=LINE('',#5796,#1425);
#905=LINE('',#5797,#1426);
#906=LINE('',#5801,#1427);
#907=LINE('',#5803,#1428);
#908=LINE('',#5807,#1429);
#909=LINE('',#5809,#1430);
#910=LINE('',#5813,#1431);
#911=LINE('',#5817,#1432);
#912=LINE('',#5821,#1433);
#913=LINE('',#5824,#1434);
#914=LINE('',#5828,#1435);
#915=LINE('',#5830,#1436);
#916=LINE('',#5834,#1437);
#917=LINE('',#5836,#1438);
#918=LINE('',#5837,#1439);
#919=LINE('',#5841,#1440);
#920=LINE('',#5844,#1441);
#921=LINE('',#5845,#1442);
#922=LINE('',#5849,#1443);
#923=LINE('',#5852,#1444);
#924=LINE('',#5853,#1445);
#925=LINE('',#5857,#1446);
#926=LINE('',#5860,#1447);
#927=LINE('',#5861,#1448);
#928=LINE('',#5866,#1449);
#929=LINE('',#5867,#1450);
#930=LINE('',#5870,#1451);
#931=LINE('',#5871,#1452);
#932=LINE('',#5876,#1453);
#933=LINE('',#5877,#1454);
#934=LINE('',#5880,#1455);
#935=LINE('',#5881,#1456);
#936=LINE('',#5884,#1457);
#937=LINE('',#5885,#1458);
#938=LINE('',#5890,#1459);
#939=LINE('',#5891,#1460);
#940=LINE('',#5895,#1461);
#941=LINE('',#5897,#1462);
#942=LINE('',#5899,#1463);
#943=LINE('',#5900,#1464);
#944=LINE('',#5902,#1465);
#945=LINE('',#5905,#1466);
#946=LINE('',#5906,#1467);
#947=LINE('',#5911,#1468);
#948=LINE('',#5912,#1469);
#949=LINE('',#5914,#1470);
#950=LINE('',#5919,#1471);
#951=LINE('',#5921,#1472);
#952=LINE('',#5923,#1473);
#953=LINE('',#5924,#1474);
#954=LINE('',#5927,#1475);
#955=LINE('',#5929,#1476);
#956=LINE('',#5930,#1477);
#957=LINE('',#5933,#1478);
#958=LINE('',#5935,#1479);
#959=LINE('',#5936,#1480);
#960=LINE('',#5938,#1481);
#961=LINE('',#5939,#1482);
#962=LINE('',#5945,#1483);
#963=LINE('',#5947,#1484);
#964=LINE('',#5949,#1485);
#965=LINE('',#5950,#1486);
#966=LINE('',#5953,#1487);
#967=LINE('',#5955,#1488);
#968=LINE('',#5956,#1489);
#969=LINE('',#5959,#1490);
#970=LINE('',#5961,#1491);
#971=LINE('',#5962,#1492);
#972=LINE('',#5964,#1493);
#973=LINE('',#5965,#1494);
#974=LINE('',#5971,#1495);
#975=LINE('',#5973,#1496);
#976=LINE('',#5975,#1497);
#977=LINE('',#5976,#1498);
#978=LINE('',#5979,#1499);
#979=LINE('',#5981,#1500);
#980=LINE('',#5982,#1501);
#981=LINE('',#5985,#1502);
#982=LINE('',#5987,#1503);
#983=LINE('',#5988,#1504);
#984=LINE('',#5990,#1505);
#985=LINE('',#5991,#1506);
#986=LINE('',#5997,#1507);
#987=LINE('',#5999,#1508);
#988=LINE('',#6001,#1509);
#989=LINE('',#6002,#1510);
#990=LINE('',#6005,#1511);
#991=LINE('',#6007,#1512);
#992=LINE('',#6008,#1513);
#993=LINE('',#6011,#1514);
#994=LINE('',#6013,#1515);
#995=LINE('',#6014,#1516);
#996=LINE('',#6016,#1517);
#997=LINE('',#6017,#1518);
#998=LINE('',#6023,#1519);
#999=LINE('',#6025,#1520);
#1000=LINE('',#6027,#1521);
#1001=LINE('',#6028,#1522);
#1002=LINE('',#6031,#1523);
#1003=LINE('',#6033,#1524);
#1004=LINE('',#6034,#1525);
#1005=LINE('',#6037,#1526);
#1006=LINE('',#6039,#1527);
#1007=LINE('',#6040,#1528);
#1008=LINE('',#6042,#1529);
#1009=LINE('',#6043,#1530);
#1010=LINE('',#6049,#1531);
#1011=LINE('',#6051,#1532);
#1012=LINE('',#6053,#1533);
#1013=LINE('',#6054,#1534);
#1014=LINE('',#6057,#1535);
#1015=LINE('',#6059,#1536);
#1016=LINE('',#6060,#1537);
#1017=LINE('',#6063,#1538);
#1018=LINE('',#6065,#1539);
#1019=LINE('',#6066,#1540);
#1020=LINE('',#6068,#1541);
#1021=LINE('',#6069,#1542);
#1022=LINE('',#6075,#1543);
#1023=LINE('',#6077,#1544);
#1024=LINE('',#6079,#1545);
#1025=LINE('',#6080,#1546);
#1026=LINE('',#6083,#1547);
#1027=LINE('',#6085,#1548);
#1028=LINE('',#6086,#1549);
#1029=LINE('',#6089,#1550);
#1030=LINE('',#6091,#1551);
#1031=LINE('',#6092,#1552);
#1032=LINE('',#6094,#1553);
#1033=LINE('',#6095,#1554);
#1034=LINE('',#6101,#1555);
#1035=LINE('',#6103,#1556);
#1036=LINE('',#6105,#1557);
#1037=LINE('',#6106,#1558);
#1038=LINE('',#6109,#1559);
#1039=LINE('',#6111,#1560);
#1040=LINE('',#6112,#1561);
#1041=LINE('',#6115,#1562);
#1042=LINE('',#6117,#1563);
#1043=LINE('',#6118,#1564);
#1044=LINE('',#6120,#1565);
#1045=LINE('',#6121,#1566);
#1046=LINE('',#6127,#1567);
#1047=LINE('',#6129,#1568);
#1048=LINE('',#6131,#1569);
#1049=LINE('',#6132,#1570);
#1050=LINE('',#6135,#1571);
#1051=LINE('',#6137,#1572);
#1052=LINE('',#6138,#1573);
#1053=LINE('',#6141,#1574);
#1054=LINE('',#6143,#1575);
#1055=LINE('',#6144,#1576);
#1056=LINE('',#6146,#1577);
#1057=LINE('',#6147,#1578);
#1058=LINE('',#6153,#1579);
#1059=LINE('',#6155,#1580);
#1060=LINE('',#6157,#1581);
#1061=LINE('',#6158,#1582);
#1062=LINE('',#6161,#1583);
#1063=LINE('',#6163,#1584);
#1064=LINE('',#6164,#1585);
#1065=LINE('',#6167,#1586);
#1066=LINE('',#6169,#1587);
#1067=LINE('',#6170,#1588);
#1068=LINE('',#6172,#1589);
#1069=LINE('',#6173,#1590);
#1070=LINE('',#6179,#1591);
#1071=LINE('',#6181,#1592);
#1072=LINE('',#6183,#1593);
#1073=LINE('',#6184,#1594);
#1074=LINE('',#6187,#1595);
#1075=LINE('',#6189,#1596);
#1076=LINE('',#6190,#1597);
#1077=LINE('',#6193,#1598);
#1078=LINE('',#6195,#1599);
#1079=LINE('',#6196,#1600);
#1080=LINE('',#6198,#1601);
#1081=LINE('',#6199,#1602);
#1082=LINE('',#6205,#1603);
#1083=LINE('',#6207,#1604);
#1084=LINE('',#6209,#1605);
#1085=LINE('',#6210,#1606);
#1086=LINE('',#6213,#1607);
#1087=LINE('',#6215,#1608);
#1088=LINE('',#6216,#1609);
#1089=LINE('',#6219,#1610);
#1090=LINE('',#6221,#1611);
#1091=LINE('',#6222,#1612);
#1092=LINE('',#6224,#1613);
#1093=LINE('',#6225,#1614);
#1094=LINE('',#6231,#1615);
#1095=LINE('',#6233,#1616);
#1096=LINE('',#6235,#1617);
#1097=LINE('',#6236,#1618);
#1098=LINE('',#6239,#1619);
#1099=LINE('',#6241,#1620);
#1100=LINE('',#6242,#1621);
#1101=LINE('',#6245,#1622);
#1102=LINE('',#6247,#1623);
#1103=LINE('',#6248,#1624);
#1104=LINE('',#6250,#1625);
#1105=LINE('',#6251,#1626);
#1106=LINE('',#6257,#1627);
#1107=LINE('',#6259,#1628);
#1108=LINE('',#6261,#1629);
#1109=LINE('',#6262,#1630);
#1110=LINE('',#6265,#1631);
#1111=LINE('',#6267,#1632);
#1112=LINE('',#6268,#1633);
#1113=LINE('',#6271,#1634);
#1114=LINE('',#6273,#1635);
#1115=LINE('',#6274,#1636);
#1116=LINE('',#6276,#1637);
#1117=LINE('',#6277,#1638);
#1118=LINE('',#6283,#1639);
#1119=LINE('',#6285,#1640);
#1120=LINE('',#6287,#1641);
#1121=LINE('',#6288,#1642);
#1122=LINE('',#6291,#1643);
#1123=LINE('',#6293,#1644);
#1124=LINE('',#6294,#1645);
#1125=LINE('',#6297,#1646);
#1126=LINE('',#6299,#1647);
#1127=LINE('',#6300,#1648);
#1128=LINE('',#6302,#1649);
#1129=LINE('',#6303,#1650);
#1130=LINE('',#6309,#1651);
#1131=LINE('',#6311,#1652);
#1132=LINE('',#6313,#1653);
#1133=LINE('',#6314,#1654);
#1134=LINE('',#6317,#1655);
#1135=LINE('',#6319,#1656);
#1136=LINE('',#6320,#1657);
#1137=LINE('',#6323,#1658);
#1138=LINE('',#6325,#1659);
#1139=LINE('',#6326,#1660);
#1140=LINE('',#6328,#1661);
#1141=LINE('',#6329,#1662);
#1142=LINE('',#6335,#1663);
#1143=LINE('',#6337,#1664);
#1144=LINE('',#6339,#1665);
#1145=LINE('',#6340,#1666);
#1146=LINE('',#6343,#1667);
#1147=LINE('',#6345,#1668);
#1148=LINE('',#6346,#1669);
#1149=LINE('',#6349,#1670);
#1150=LINE('',#6351,#1671);
#1151=LINE('',#6352,#1672);
#1152=LINE('',#6354,#1673);
#1153=LINE('',#6355,#1674);
#1154=LINE('',#6361,#1675);
#1155=LINE('',#6363,#1676);
#1156=LINE('',#6365,#1677);
#1157=LINE('',#6366,#1678);
#1158=LINE('',#6369,#1679);
#1159=LINE('',#6371,#1680);
#1160=LINE('',#6372,#1681);
#1161=LINE('',#6375,#1682);
#1162=LINE('',#6377,#1683);
#1163=LINE('',#6378,#1684);
#1164=LINE('',#6380,#1685);
#1165=LINE('',#6381,#1686);
#1166=LINE('',#6387,#1687);
#1167=LINE('',#6389,#1688);
#1168=LINE('',#6391,#1689);
#1169=LINE('',#6392,#1690);
#1170=LINE('',#6395,#1691);
#1171=LINE('',#6397,#1692);
#1172=LINE('',#6398,#1693);
#1173=LINE('',#6401,#1694);
#1174=LINE('',#6403,#1695);
#1175=LINE('',#6404,#1696);
#1176=LINE('',#6406,#1697);
#1177=LINE('',#6407,#1698);
#1178=LINE('',#6413,#1699);
#1179=LINE('',#6415,#1700);
#1180=LINE('',#6417,#1701);
#1181=LINE('',#6418,#1702);
#1182=LINE('',#6421,#1703);
#1183=LINE('',#6423,#1704);
#1184=LINE('',#6424,#1705);
#1185=LINE('',#6427,#1706);
#1186=LINE('',#6429,#1707);
#1187=LINE('',#6430,#1708);
#1188=LINE('',#6432,#1709);
#1189=LINE('',#6433,#1710);
#1190=LINE('',#6439,#1711);
#1191=LINE('',#6441,#1712);
#1192=LINE('',#6443,#1713);
#1193=LINE('',#6444,#1714);
#1194=LINE('',#6447,#1715);
#1195=LINE('',#6449,#1716);
#1196=LINE('',#6450,#1717);
#1197=LINE('',#6453,#1718);
#1198=LINE('',#6455,#1719);
#1199=LINE('',#6456,#1720);
#1200=LINE('',#6458,#1721);
#1201=LINE('',#6459,#1722);
#1202=LINE('',#6465,#1723);
#1203=LINE('',#6467,#1724);
#1204=LINE('',#6469,#1725);
#1205=LINE('',#6470,#1726);
#1206=LINE('',#6473,#1727);
#1207=LINE('',#6475,#1728);
#1208=LINE('',#6476,#1729);
#1209=LINE('',#6479,#1730);
#1210=LINE('',#6481,#1731);
#1211=LINE('',#6482,#1732);
#1212=LINE('',#6484,#1733);
#1213=LINE('',#6485,#1734);
#1214=LINE('',#6491,#1735);
#1215=LINE('',#6493,#1736);
#1216=LINE('',#6495,#1737);
#1217=LINE('',#6496,#1738);
#1218=LINE('',#6499,#1739);
#1219=LINE('',#6501,#1740);
#1220=LINE('',#6502,#1741);
#1221=LINE('',#6505,#1742);
#1222=LINE('',#6507,#1743);
#1223=LINE('',#6508,#1744);
#1224=LINE('',#6510,#1745);
#1225=LINE('',#6511,#1746);
#1226=LINE('',#6517,#1747);
#1227=LINE('',#6519,#1748);
#1228=LINE('',#6521,#1749);
#1229=LINE('',#6522,#1750);
#1230=LINE('',#6525,#1751);
#1231=LINE('',#6527,#1752);
#1232=LINE('',#6528,#1753);
#1233=LINE('',#6531,#1754);
#1234=LINE('',#6533,#1755);
#1235=LINE('',#6534,#1756);
#1236=LINE('',#6536,#1757);
#1237=LINE('',#6537,#1758);
#1238=LINE('',#6543,#1759);
#1239=LINE('',#6545,#1760);
#1240=LINE('',#6547,#1761);
#1241=LINE('',#6548,#1762);
#1242=LINE('',#6551,#1763);
#1243=LINE('',#6553,#1764);
#1244=LINE('',#6554,#1765);
#1245=LINE('',#6557,#1766);
#1246=LINE('',#6559,#1767);
#1247=LINE('',#6560,#1768);
#1248=LINE('',#6562,#1769);
#1249=LINE('',#6563,#1770);
#1250=LINE('',#6569,#1771);
#1251=LINE('',#6571,#1772);
#1252=LINE('',#6573,#1773);
#1253=LINE('',#6574,#1774);
#1254=LINE('',#6577,#1775);
#1255=LINE('',#6579,#1776);
#1256=LINE('',#6580,#1777);
#1257=LINE('',#6583,#1778);
#1258=LINE('',#6585,#1779);
#1259=LINE('',#6586,#1780);
#1260=LINE('',#6588,#1781);
#1261=LINE('',#6589,#1782);
#1262=LINE('',#6595,#1783);
#1263=LINE('',#6597,#1784);
#1264=LINE('',#6599,#1785);
#1265=LINE('',#6600,#1786);
#1266=LINE('',#6603,#1787);
#1267=LINE('',#6605,#1788);
#1268=LINE('',#6606,#1789);
#1269=LINE('',#6609,#1790);
#1270=LINE('',#6611,#1791);
#1271=LINE('',#6612,#1792);
#1272=LINE('',#6614,#1793);
#1273=LINE('',#6615,#1794);
#1274=LINE('',#6621,#1795);
#1275=LINE('',#6623,#1796);
#1276=LINE('',#6625,#1797);
#1277=LINE('',#6626,#1798);
#1278=LINE('',#6629,#1799);
#1279=LINE('',#6631,#1800);
#1280=LINE('',#6632,#1801);
#1281=LINE('',#6635,#1802);
#1282=LINE('',#6637,#1803);
#1283=LINE('',#6638,#1804);
#1284=LINE('',#6640,#1805);
#1285=LINE('',#6641,#1806);
#1286=LINE('',#6647,#1807);
#1287=LINE('',#6649,#1808);
#1288=LINE('',#6651,#1809);
#1289=LINE('',#6652,#1810);
#1290=LINE('',#6655,#1811);
#1291=LINE('',#6657,#1812);
#1292=LINE('',#6658,#1813);
#1293=LINE('',#6661,#1814);
#1294=LINE('',#6663,#1815);
#1295=LINE('',#6664,#1816);
#1296=LINE('',#6666,#1817);
#1297=LINE('',#6667,#1818);
#1298=LINE('',#6673,#1819);
#1299=LINE('',#6675,#1820);
#1300=LINE('',#6677,#1821);
#1301=LINE('',#6678,#1822);
#1302=LINE('',#6681,#1823);
#1303=LINE('',#6683,#1824);
#1304=LINE('',#6684,#1825);
#1305=LINE('',#6687,#1826);
#1306=LINE('',#6689,#1827);
#1307=LINE('',#6690,#1828);
#1308=LINE('',#6692,#1829);
#1309=LINE('',#6693,#1830);
#1310=LINE('',#6699,#1831);
#1311=LINE('',#6701,#1832);
#1312=LINE('',#6703,#1833);
#1313=LINE('',#6704,#1834);
#1314=LINE('',#6707,#1835);
#1315=LINE('',#6709,#1836);
#1316=LINE('',#6710,#1837);
#1317=LINE('',#6713,#1838);
#1318=LINE('',#6715,#1839);
#1319=LINE('',#6716,#1840);
#1320=LINE('',#6718,#1841);
#1321=LINE('',#6719,#1842);
#1322=LINE('',#6725,#1843);
#1323=LINE('',#6727,#1844);
#1324=LINE('',#6729,#1845);
#1325=LINE('',#6730,#1846);
#1326=LINE('',#6733,#1847);
#1327=LINE('',#6735,#1848);
#1328=LINE('',#6736,#1849);
#1329=LINE('',#6739,#1850);
#1330=LINE('',#6741,#1851);
#1331=LINE('',#6742,#1852);
#1332=LINE('',#6744,#1853);
#1333=LINE('',#6745,#1854);
#1334=LINE('',#6751,#1855);
#1335=LINE('',#6753,#1856);
#1336=LINE('',#6755,#1857);
#1337=LINE('',#6756,#1858);
#1338=LINE('',#6759,#1859);
#1339=LINE('',#6761,#1860);
#1340=LINE('',#6762,#1861);
#1341=LINE('',#6765,#1862);
#1342=LINE('',#6767,#1863);
#1343=LINE('',#6768,#1864);
#1344=LINE('',#6770,#1865);
#1345=LINE('',#6771,#1866);
#1346=LINE('',#6777,#1867);
#1347=LINE('',#6779,#1868);
#1348=LINE('',#6781,#1869);
#1349=LINE('',#6782,#1870);
#1350=LINE('',#6785,#1871);
#1351=LINE('',#6787,#1872);
#1352=LINE('',#6788,#1873);
#1353=LINE('',#6791,#1874);
#1354=LINE('',#6793,#1875);
#1355=LINE('',#6794,#1876);
#1356=LINE('',#6796,#1877);
#1357=LINE('',#6797,#1878);
#1358=LINE('',#6803,#1879);
#1359=LINE('',#6805,#1880);
#1360=LINE('',#6807,#1881);
#1361=LINE('',#6808,#1882);
#1362=LINE('',#6811,#1883);
#1363=LINE('',#6813,#1884);
#1364=LINE('',#6814,#1885);
#1365=LINE('',#6817,#1886);
#1366=LINE('',#6819,#1887);
#1367=LINE('',#6820,#1888);
#1368=LINE('',#6822,#1889);
#1369=LINE('',#6823,#1890);
#1370=VECTOR('',#4551,2.75);
#1371=VECTOR('',#4556,10.);
#1372=VECTOR('',#4557,10.);
#1373=VECTOR('',#4558,10.);
#1374=VECTOR('',#4559,10.);
#1375=VECTOR('',#4562,10.);
#1376=VECTOR('',#4563,10.);
#1377=VECTOR('',#4564,10.);
#1378=VECTOR('',#4567,10.);
#1379=VECTOR('',#4568,10.);
#1380=VECTOR('',#4569,10.);
#1381=VECTOR('',#4572,10.);
#1382=VECTOR('',#4573,10.);
#1383=VECTOR('',#4574,10.);
#1384=VECTOR('',#4579,10.);
#1385=VECTOR('',#4582,10.);
#1386=VECTOR('',#4585,10.);
#1387=VECTOR('',#4586,10.);
#1388=VECTOR('',#4589,10.);
#1389=VECTOR('',#4592,10.);
#1390=VECTOR('',#4593,10.);
#1391=VECTOR('',#4594,10.);
#1392=VECTOR('',#4595,10.);
#1393=VECTOR('',#4602,10.);
#1394=VECTOR('',#4605,10.);
#1395=VECTOR('',#4606,10.);
#1396=VECTOR('',#4607,10.);
#1397=VECTOR('',#4608,10.);
#1398=VECTOR('',#4611,10.);
#1399=VECTOR('',#4612,10.);
#1400=VECTOR('',#4617,10.);
#1401=VECTOR('',#4618,10.);
#1402=VECTOR('',#4619,10.);
#1403=VECTOR('',#4624,10.);
#1404=VECTOR('',#4625,10.);
#1405=VECTOR('',#4626,10.);
#1406=VECTOR('',#4629,10.);
#1407=VECTOR('',#4630,10.);
#1408=VECTOR('',#4631,10.);
#1409=VECTOR('',#4638,10.);
#1410=VECTOR('',#4641,10.);
#1411=VECTOR('',#4644,10.);
#1412=VECTOR('',#4647,10.);
#1413=VECTOR('',#4648,10.);
#1414=VECTOR('',#4649,10.);
#1415=VECTOR('',#4654,10.);
#1416=VECTOR('',#4657,10.);
#1417=VECTOR('',#4660,10.);
#1418=VECTOR('',#4661,10.);
#1419=VECTOR('',#4662,10.);
#1420=VECTOR('',#4663,10.);
#1421=VECTOR('',#4664,10.);
#1422=VECTOR('',#4669,10.);
#1423=VECTOR('',#4672,10.);
#1424=VECTOR('',#4675,10.);
#1425=VECTOR('',#4676,10.);
#1426=VECTOR('',#4677,10.);
#1427=VECTOR('',#4682,10.);
#1428=VECTOR('',#4683,10.);
#1429=VECTOR('',#4686,10.);
#1430=VECTOR('',#4687,10.);
#1431=VECTOR('',#4690,10.);
#1432=VECTOR('',#4693,10.);
#1433=VECTOR('',#4696,10.);
#1434=VECTOR('',#4699,10.);
#1435=VECTOR('',#4702,10.);
#1436=VECTOR('',#4703,10.);
#1437=VECTOR('',#4706,10.);
#1438=VECTOR('',#4707,10.);
#1439=VECTOR('',#4708,10.);
#1440=VECTOR('',#4713,10.);
#1441=VECTOR('',#4716,10.);
#1442=VECTOR('',#4717,10.);
#1443=VECTOR('',#4722,10.);
#1444=VECTOR('',#4725,10.);
#1445=VECTOR('',#4726,10.);
#1446=VECTOR('',#4731,10.);
#1447=VECTOR('',#4734,10.);
#1448=VECTOR('',#4735,10.);
#1449=VECTOR('',#4740,10.);
#1450=VECTOR('',#4741,10.);
#1451=VECTOR('',#4744,10.);
#1452=VECTOR('',#4745,10.);
#1453=VECTOR('',#4750,10.);
#1454=VECTOR('',#4751,10.);
#1455=VECTOR('',#4754,10.);
#1456=VECTOR('',#4755,10.);
#1457=VECTOR('',#4758,10.);
#1458=VECTOR('',#4759,10.);
#1459=VECTOR('',#4766,10.);
#1460=VECTOR('',#4767,10.);
#1461=VECTOR('',#4772,10.);
#1462=VECTOR('',#4775,10.);
#1463=VECTOR('',#4778,10.);
#1464=VECTOR('',#4779,10.);
#1465=VECTOR('',#4782,10.);
#1466=VECTOR('',#4785,10.);
#1467=VECTOR('',#4786,10.);
#1468=VECTOR('',#4793,10.);
#1469=VECTOR('',#4794,10.);
#1470=VECTOR('',#4797,10.);
#1471=VECTOR('',#4802,10.);
#1472=VECTOR('',#4803,10.);
#1473=VECTOR('',#4804,10.);
#1474=VECTOR('',#4805,10.);
#1475=VECTOR('',#4808,10.);
#1476=VECTOR('',#4809,10.);
#1477=VECTOR('',#4810,10.);
#1478=VECTOR('',#4813,10.);
#1479=VECTOR('',#4814,10.);
#1480=VECTOR('',#4815,10.);
#1481=VECTOR('',#4818,10.);
#1482=VECTOR('',#4819,10.);
#1483=VECTOR('',#4826,10.);
#1484=VECTOR('',#4827,10.);
#1485=VECTOR('',#4828,10.);
#1486=VECTOR('',#4829,10.);
#1487=VECTOR('',#4832,10.);
#1488=VECTOR('',#4833,10.);
#1489=VECTOR('',#4834,10.);
#1490=VECTOR('',#4837,10.);
#1491=VECTOR('',#4838,10.);
#1492=VECTOR('',#4839,10.);
#1493=VECTOR('',#4842,10.);
#1494=VECTOR('',#4843,10.);
#1495=VECTOR('',#4850,10.);
#1496=VECTOR('',#4851,10.);
#1497=VECTOR('',#4852,10.);
#1498=VECTOR('',#4853,10.);
#1499=VECTOR('',#4856,10.);
#1500=VECTOR('',#4857,10.);
#1501=VECTOR('',#4858,10.);
#1502=VECTOR('',#4861,10.);
#1503=VECTOR('',#4862,10.);
#1504=VECTOR('',#4863,10.);
#1505=VECTOR('',#4866,10.);
#1506=VECTOR('',#4867,10.);
#1507=VECTOR('',#4874,10.);
#1508=VECTOR('',#4875,10.);
#1509=VECTOR('',#4876,10.);
#1510=VECTOR('',#4877,10.);
#1511=VECTOR('',#4880,10.);
#1512=VECTOR('',#4881,10.);
#1513=VECTOR('',#4882,10.);
#1514=VECTOR('',#4885,10.);
#1515=VECTOR('',#4886,10.);
#1516=VECTOR('',#4887,10.);
#1517=VECTOR('',#4890,10.);
#1518=VECTOR('',#4891,10.);
#1519=VECTOR('',#4898,10.);
#1520=VECTOR('',#4899,10.);
#1521=VECTOR('',#4900,10.);
#1522=VECTOR('',#4901,10.);
#1523=VECTOR('',#4904,10.);
#1524=VECTOR('',#4905,10.);
#1525=VECTOR('',#4906,10.);
#1526=VECTOR('',#4909,10.);
#1527=VECTOR('',#4910,10.);
#1528=VECTOR('',#4911,10.);
#1529=VECTOR('',#4914,10.);
#1530=VECTOR('',#4915,10.);
#1531=VECTOR('',#4922,10.);
#1532=VECTOR('',#4923,10.);
#1533=VECTOR('',#4924,10.);
#1534=VECTOR('',#4925,10.);
#1535=VECTOR('',#4928,10.);
#1536=VECTOR('',#4929,10.);
#1537=VECTOR('',#4930,10.);
#1538=VECTOR('',#4933,10.);
#1539=VECTOR('',#4934,10.);
#1540=VECTOR('',#4935,10.);
#1541=VECTOR('',#4938,10.);
#1542=VECTOR('',#4939,10.);
#1543=VECTOR('',#4946,10.);
#1544=VECTOR('',#4947,10.);
#1545=VECTOR('',#4948,10.);
#1546=VECTOR('',#4949,10.);
#1547=VECTOR('',#4952,10.);
#1548=VECTOR('',#4953,10.);
#1549=VECTOR('',#4954,10.);
#1550=VECTOR('',#4957,10.);
#1551=VECTOR('',#4958,10.);
#1552=VECTOR('',#4959,10.);
#1553=VECTOR('',#4962,10.);
#1554=VECTOR('',#4963,10.);
#1555=VECTOR('',#4970,10.);
#1556=VECTOR('',#4971,10.);
#1557=VECTOR('',#4972,10.);
#1558=VECTOR('',#4973,10.);
#1559=VECTOR('',#4976,10.);
#1560=VECTOR('',#4977,10.);
#1561=VECTOR('',#4978,10.);
#1562=VECTOR('',#4981,10.);
#1563=VECTOR('',#4982,10.);
#1564=VECTOR('',#4983,10.);
#1565=VECTOR('',#4986,10.);
#1566=VECTOR('',#4987,10.);
#1567=VECTOR('',#4994,10.);
#1568=VECTOR('',#4995,10.);
#1569=VECTOR('',#4996,10.);
#1570=VECTOR('',#4997,10.);
#1571=VECTOR('',#5000,10.);
#1572=VECTOR('',#5001,10.);
#1573=VECTOR('',#5002,10.);
#1574=VECTOR('',#5005,10.);
#1575=VECTOR('',#5006,10.);
#1576=VECTOR('',#5007,10.);
#1577=VECTOR('',#5010,10.);
#1578=VECTOR('',#5011,10.);
#1579=VECTOR('',#5018,10.);
#1580=VECTOR('',#5019,10.);
#1581=VECTOR('',#5020,10.);
#1582=VECTOR('',#5021,10.);
#1583=VECTOR('',#5024,10.);
#1584=VECTOR('',#5025,10.);
#1585=VECTOR('',#5026,10.);
#1586=VECTOR('',#5029,10.);
#1587=VECTOR('',#5030,10.);
#1588=VECTOR('',#5031,10.);
#1589=VECTOR('',#5034,10.);
#1590=VECTOR('',#5035,10.);
#1591=VECTOR('',#5042,10.);
#1592=VECTOR('',#5043,10.);
#1593=VECTOR('',#5044,10.);
#1594=VECTOR('',#5045,10.);
#1595=VECTOR('',#5048,10.);
#1596=VECTOR('',#5049,10.);
#1597=VECTOR('',#5050,10.);
#1598=VECTOR('',#5053,10.);
#1599=VECTOR('',#5054,10.);
#1600=VECTOR('',#5055,10.);
#1601=VECTOR('',#5058,10.);
#1602=VECTOR('',#5059,10.);
#1603=VECTOR('',#5066,10.);
#1604=VECTOR('',#5067,10.);
#1605=VECTOR('',#5068,10.);
#1606=VECTOR('',#5069,10.);
#1607=VECTOR('',#5072,10.);
#1608=VECTOR('',#5073,10.);
#1609=VECTOR('',#5074,10.);
#1610=VECTOR('',#5077,10.);
#1611=VECTOR('',#5078,10.);
#1612=VECTOR('',#5079,10.);
#1613=VECTOR('',#5082,10.);
#1614=VECTOR('',#5083,10.);
#1615=VECTOR('',#5090,10.);
#1616=VECTOR('',#5091,10.);
#1617=VECTOR('',#5092,10.);
#1618=VECTOR('',#5093,10.);
#1619=VECTOR('',#5096,10.);
#1620=VECTOR('',#5097,10.);
#1621=VECTOR('',#5098,10.);
#1622=VECTOR('',#5101,10.);
#1623=VECTOR('',#5102,10.);
#1624=VECTOR('',#5103,10.);
#1625=VECTOR('',#5106,10.);
#1626=VECTOR('',#5107,10.);
#1627=VECTOR('',#5114,10.);
#1628=VECTOR('',#5115,10.);
#1629=VECTOR('',#5116,10.);
#1630=VECTOR('',#5117,10.);
#1631=VECTOR('',#5120,10.);
#1632=VECTOR('',#5121,10.);
#1633=VECTOR('',#5122,10.);
#1634=VECTOR('',#5125,10.);
#1635=VECTOR('',#5126,10.);
#1636=VECTOR('',#5127,10.);
#1637=VECTOR('',#5130,10.);
#1638=VECTOR('',#5131,10.);
#1639=VECTOR('',#5138,10.);
#1640=VECTOR('',#5139,10.);
#1641=VECTOR('',#5140,10.);
#1642=VECTOR('',#5141,10.);
#1643=VECTOR('',#5144,10.);
#1644=VECTOR('',#5145,10.);
#1645=VECTOR('',#5146,10.);
#1646=VECTOR('',#5149,10.);
#1647=VECTOR('',#5150,10.);
#1648=VECTOR('',#5151,10.);
#1649=VECTOR('',#5154,10.);
#1650=VECTOR('',#5155,10.);
#1651=VECTOR('',#5162,10.);
#1652=VECTOR('',#5163,10.);
#1653=VECTOR('',#5164,10.);
#1654=VECTOR('',#5165,10.);
#1655=VECTOR('',#5168,10.);
#1656=VECTOR('',#5169,10.);
#1657=VECTOR('',#5170,10.);
#1658=VECTOR('',#5173,10.);
#1659=VECTOR('',#5174,10.);
#1660=VECTOR('',#5175,10.);
#1661=VECTOR('',#5178,10.);
#1662=VECTOR('',#5179,10.);
#1663=VECTOR('',#5186,10.);
#1664=VECTOR('',#5187,10.);
#1665=VECTOR('',#5188,10.);
#1666=VECTOR('',#5189,10.);
#1667=VECTOR('',#5192,10.);
#1668=VECTOR('',#5193,10.);
#1669=VECTOR('',#5194,10.);
#1670=VECTOR('',#5197,10.);
#1671=VECTOR('',#5198,10.);
#1672=VECTOR('',#5199,10.);
#1673=VECTOR('',#5202,10.);
#1674=VECTOR('',#5203,10.);
#1675=VECTOR('',#5210,10.);
#1676=VECTOR('',#5211,10.);
#1677=VECTOR('',#5212,10.);
#1678=VECTOR('',#5213,10.);
#1679=VECTOR('',#5216,10.);
#1680=VECTOR('',#5217,10.);
#1681=VECTOR('',#5218,10.);
#1682=VECTOR('',#5221,10.);
#1683=VECTOR('',#5222,10.);
#1684=VECTOR('',#5223,10.);
#1685=VECTOR('',#5226,10.);
#1686=VECTOR('',#5227,10.);
#1687=VECTOR('',#5234,10.);
#1688=VECTOR('',#5235,10.);
#1689=VECTOR('',#5236,10.);
#1690=VECTOR('',#5237,10.);
#1691=VECTOR('',#5240,10.);
#1692=VECTOR('',#5241,10.);
#1693=VECTOR('',#5242,10.);
#1694=VECTOR('',#5245,10.);
#1695=VECTOR('',#5246,10.);
#1696=VECTOR('',#5247,10.);
#1697=VECTOR('',#5250,10.);
#1698=VECTOR('',#5251,10.);
#1699=VECTOR('',#5258,10.);
#1700=VECTOR('',#5259,10.);
#1701=VECTOR('',#5260,10.);
#1702=VECTOR('',#5261,10.);
#1703=VECTOR('',#5264,10.);
#1704=VECTOR('',#5265,10.);
#1705=VECTOR('',#5266,10.);
#1706=VECTOR('',#5269,10.);
#1707=VECTOR('',#5270,10.);
#1708=VECTOR('',#5271,10.);
#1709=VECTOR('',#5274,10.);
#1710=VECTOR('',#5275,10.);
#1711=VECTOR('',#5282,10.);
#1712=VECTOR('',#5283,10.);
#1713=VECTOR('',#5284,10.);
#1714=VECTOR('',#5285,10.);
#1715=VECTOR('',#5288,10.);
#1716=VECTOR('',#5289,10.);
#1717=VECTOR('',#5290,10.);
#1718=VECTOR('',#5293,10.);
#1719=VECTOR('',#5294,10.);
#1720=VECTOR('',#5295,10.);
#1721=VECTOR('',#5298,10.);
#1722=VECTOR('',#5299,10.);
#1723=VECTOR('',#5306,10.);
#1724=VECTOR('',#5307,10.);
#1725=VECTOR('',#5308,10.);
#1726=VECTOR('',#5309,10.);
#1727=VECTOR('',#5312,10.);
#1728=VECTOR('',#5313,10.);
#1729=VECTOR('',#5314,10.);
#1730=VECTOR('',#5317,10.);
#1731=VECTOR('',#5318,10.);
#1732=VECTOR('',#5319,10.);
#1733=VECTOR('',#5322,10.);
#1734=VECTOR('',#5323,10.);
#1735=VECTOR('',#5330,10.);
#1736=VECTOR('',#5331,10.);
#1737=VECTOR('',#5332,10.);
#1738=VECTOR('',#5333,10.);
#1739=VECTOR('',#5336,10.);
#1740=VECTOR('',#5337,10.);
#1741=VECTOR('',#5338,10.);
#1742=VECTOR('',#5341,10.);
#1743=VECTOR('',#5342,10.);
#1744=VECTOR('',#5343,10.);
#1745=VECTOR('',#5346,10.);
#1746=VECTOR('',#5347,10.);
#1747=VECTOR('',#5354,10.);
#1748=VECTOR('',#5355,10.);
#1749=VECTOR('',#5356,10.);
#1750=VECTOR('',#5357,10.);
#1751=VECTOR('',#5360,10.);
#1752=VECTOR('',#5361,10.);
#1753=VECTOR('',#5362,10.);
#1754=VECTOR('',#5365,10.);
#1755=VECTOR('',#5366,10.);
#1756=VECTOR('',#5367,10.);
#1757=VECTOR('',#5370,10.);
#1758=VECTOR('',#5371,10.);
#1759=VECTOR('',#5378,10.);
#1760=VECTOR('',#5379,10.);
#1761=VECTOR('',#5380,10.);
#1762=VECTOR('',#5381,10.);
#1763=VECTOR('',#5384,10.);
#1764=VECTOR('',#5385,10.);
#1765=VECTOR('',#5386,10.);
#1766=VECTOR('',#5389,10.);
#1767=VECTOR('',#5390,10.);
#1768=VECTOR('',#5391,10.);
#1769=VECTOR('',#5394,10.);
#1770=VECTOR('',#5395,10.);
#1771=VECTOR('',#5402,10.);
#1772=VECTOR('',#5403,10.);
#1773=VECTOR('',#5404,10.);
#1774=VECTOR('',#5405,10.);
#1775=VECTOR('',#5408,10.);
#1776=VECTOR('',#5409,10.);
#1777=VECTOR('',#5410,10.);
#1778=VECTOR('',#5413,10.);
#1779=VECTOR('',#5414,10.);
#1780=VECTOR('',#5415,10.);
#1781=VECTOR('',#5418,10.);
#1782=VECTOR('',#5419,10.);
#1783=VECTOR('',#5426,10.);
#1784=VECTOR('',#5427,10.);
#1785=VECTOR('',#5428,10.);
#1786=VECTOR('',#5429,10.);
#1787=VECTOR('',#5432,10.);
#1788=VECTOR('',#5433,10.);
#1789=VECTOR('',#5434,10.);
#1790=VECTOR('',#5437,10.);
#1791=VECTOR('',#5438,10.);
#1792=VECTOR('',#5439,10.);
#1793=VECTOR('',#5442,10.);
#1794=VECTOR('',#5443,10.);
#1795=VECTOR('',#5450,10.);
#1796=VECTOR('',#5451,10.);
#1797=VECTOR('',#5452,10.);
#1798=VECTOR('',#5453,10.);
#1799=VECTOR('',#5456,10.);
#1800=VECTOR('',#5457,10.);
#1801=VECTOR('',#5458,10.);
#1802=VECTOR('',#5461,10.);
#1803=VECTOR('',#5462,10.);
#1804=VECTOR('',#5463,10.);
#1805=VECTOR('',#5466,10.);
#1806=VECTOR('',#5467,10.);
#1807=VECTOR('',#5474,10.);
#1808=VECTOR('',#5475,10.);
#1809=VECTOR('',#5476,10.);
#1810=VECTOR('',#5477,10.);
#1811=VECTOR('',#5480,10.);
#1812=VECTOR('',#5481,10.);
#1813=VECTOR('',#5482,10.);
#1814=VECTOR('',#5485,10.);
#1815=VECTOR('',#5486,10.);
#1816=VECTOR('',#5487,10.);
#1817=VECTOR('',#5490,10.);
#1818=VECTOR('',#5491,10.);
#1819=VECTOR('',#5498,10.);
#1820=VECTOR('',#5499,10.);
#1821=VECTOR('',#5500,10.);
#1822=VECTOR('',#5501,10.);
#1823=VECTOR('',#5504,10.);
#1824=VECTOR('',#5505,10.);
#1825=VECTOR('',#5506,10.);
#1826=VECTOR('',#5509,10.);
#1827=VECTOR('',#5510,10.);
#1828=VECTOR('',#5511,10.);
#1829=VECTOR('',#5514,10.);
#1830=VECTOR('',#5515,10.);
#1831=VECTOR('',#5522,10.);
#1832=VECTOR('',#5523,10.);
#1833=VECTOR('',#5524,10.);
#1834=VECTOR('',#5525,10.);
#1835=VECTOR('',#5528,10.);
#1836=VECTOR('',#5529,10.);
#1837=VECTOR('',#5530,10.);
#1838=VECTOR('',#5533,10.);
#1839=VECTOR('',#5534,10.);
#1840=VECTOR('',#5535,10.);
#1841=VECTOR('',#5538,10.);
#1842=VECTOR('',#5539,10.);
#1843=VECTOR('',#5546,10.);
#1844=VECTOR('',#5547,10.);
#1845=VECTOR('',#5548,10.);
#1846=VECTOR('',#5549,10.);
#1847=VECTOR('',#5552,10.);
#1848=VECTOR('',#5553,10.);
#1849=VECTOR('',#5554,10.);
#1850=VECTOR('',#5557,10.);
#1851=VECTOR('',#5558,10.);
#1852=VECTOR('',#5559,10.);
#1853=VECTOR('',#5562,10.);
#1854=VECTOR('',#5563,10.);
#1855=VECTOR('',#5570,10.);
#1856=VECTOR('',#5571,10.);
#1857=VECTOR('',#5572,10.);
#1858=VECTOR('',#5573,10.);
#1859=VECTOR('',#5576,10.);
#1860=VECTOR('',#5577,10.);
#1861=VECTOR('',#5578,10.);
#1862=VECTOR('',#5581,10.);
#1863=VECTOR('',#5582,10.);
#1864=VECTOR('',#5583,10.);
#1865=VECTOR('',#5586,10.);
#1866=VECTOR('',#5587,10.);
#1867=VECTOR('',#5594,10.);
#1868=VECTOR('',#5595,10.);
#1869=VECTOR('',#5596,10.);
#1870=VECTOR('',#5597,10.);
#1871=VECTOR('',#5600,10.);
#1872=VECTOR('',#5601,10.);
#1873=VECTOR('',#5602,10.);
#1874=VECTOR('',#5605,10.);
#1875=VECTOR('',#5606,10.);
#1876=VECTOR('',#5607,10.);
#1877=VECTOR('',#5610,10.);
#1878=VECTOR('',#5611,10.);
#1879=VECTOR('',#5618,10.);
#1880=VECTOR('',#5619,10.);
#1881=VECTOR('',#5620,10.);
#1882=VECTOR('',#5621,10.);
#1883=VECTOR('',#5624,10.);
#1884=VECTOR('',#5625,10.);
#1885=VECTOR('',#5626,10.);
#1886=VECTOR('',#5629,10.);
#1887=VECTOR('',#5630,10.);
#1888=VECTOR('',#5631,10.);
#1889=VECTOR('',#5634,10.);
#1890=VECTOR('',#5635,10.);
#1891=CIRCLE('',#4260,2.75);
#1892=CIRCLE('',#4261,2.75);
#1893=CIRCLE('',#4268,0.2);
#1894=CIRCLE('',#4274,0.2);
#1895=CIRCLE('',#4278,0.999999999999999);
#1896=CIRCLE('',#4284,0.2);
#1897=CIRCLE('',#4286,0.2);
#1898=CIRCLE('',#4293,4.);
#1899=CIRCLE('',#4294,4.);
#1900=CIRCLE('',#4297,0.999999999999999);
#1901=CIRCLE('',#4298,1.);
#1902=CIRCLE('',#4299,2.5);
#1903=CIRCLE('',#4300,4.);
#1904=CIRCLE('',#4301,4.);
#1905=CIRCLE('',#4302,4.);
#1906=CIRCLE('',#4303,2.5);
#1907=CIRCLE('',#4304,1.);
#1908=CIRCLE('',#4306,4.);
#1909=CIRCLE('',#4309,4.);
#1910=CIRCLE('',#4312,4.);
#1911=CIRCLE('',#4315,1.);
#1912=CIRCLE('',#4318,1.);
#1913=CIRCLE('',#4322,2.5);
#1914=CIRCLE('',#4325,2.5);
#1915=CIRCLE('',#4331,0.999999999999999);
#1916=VERTEX_POINT('',#5642);
#1917=VERTEX_POINT('',#5644);
#1918=VERTEX_POINT('',#5648);
#1919=VERTEX_POINT('',#5649);
#1920=VERTEX_POINT('',#5651);
#1921=VERTEX_POINT('',#5653);
#1922=VERTEX_POINT('',#5657);
#1923=VERTEX_POINT('',#5659);
#1924=VERTEX_POINT('',#5663);
#1925=VERTEX_POINT('',#5665);
#1926=VERTEX_POINT('',#5669);
#1927=VERTEX_POINT('',#5671);
#1928=VERTEX_POINT('',#5675);
#1929=VERTEX_POINT('',#5676);
#1930=VERTEX_POINT('',#5678);
#1931=VERTEX_POINT('',#5680);
#1932=VERTEX_POINT('',#5689);
#1933=VERTEX_POINT('',#5690);
#1934=VERTEX_POINT('',#5692);
#1935=VERTEX_POINT('',#5694);
#1936=VERTEX_POINT('',#5698);
#1937=VERTEX_POINT('',#5700);
#1938=VERTEX_POINT('',#5704);
#1939=VERTEX_POINT('',#5705);
#1940=VERTEX_POINT('',#5707);
#1941=VERTEX_POINT('',#5709);
#1942=VERTEX_POINT('',#5716);
#1943=VERTEX_POINT('',#5717);
#1944=VERTEX_POINT('',#5719);
#1945=VERTEX_POINT('',#5721);
#1946=VERTEX_POINT('',#5725);
#1947=VERTEX_POINT('',#5727);
#1948=VERTEX_POINT('',#5729);
#1949=VERTEX_POINT('',#5733);
#1950=VERTEX_POINT('',#5735);
#1951=VERTEX_POINT('',#5739);
#1952=VERTEX_POINT('',#5741);
#1953=VERTEX_POINT('',#5745);
#1954=VERTEX_POINT('',#5746);
#1955=VERTEX_POINT('',#5757);
#1956=VERTEX_POINT('',#5759);
#1957=VERTEX_POINT('',#5763);
#1958=VERTEX_POINT('',#5765);
#1959=VERTEX_POINT('',#5774);
#1960=VERTEX_POINT('',#5776);
#1961=VERTEX_POINT('',#5778);
#1962=VERTEX_POINT('',#5780);
#1963=VERTEX_POINT('',#5784);
#1964=VERTEX_POINT('',#5785);
#1965=VERTEX_POINT('',#5787);
#1966=VERTEX_POINT('',#5789);
#1967=VERTEX_POINT('',#5793);
#1968=VERTEX_POINT('',#5795);
#1969=VERTEX_POINT('',#5800);
#1970=VERTEX_POINT('',#5802);
#1971=VERTEX_POINT('',#5804);
#1972=VERTEX_POINT('',#5806);
#1973=VERTEX_POINT('',#5808);
#1974=VERTEX_POINT('',#5810);
#1975=VERTEX_POINT('',#5812);
#1976=VERTEX_POINT('',#5814);
#1977=VERTEX_POINT('',#5816);
#1978=VERTEX_POINT('',#5818);
#1979=VERTEX_POINT('',#5820);
#1980=VERTEX_POINT('',#5823);
#1981=VERTEX_POINT('',#5825);
#1982=VERTEX_POINT('',#5827);
#1983=VERTEX_POINT('',#5829);
#1984=VERTEX_POINT('',#5831);
#1985=VERTEX_POINT('',#5833);
#1986=VERTEX_POINT('',#5835);
#1987=VERTEX_POINT('',#5839);
#1988=VERTEX_POINT('',#5843);
#1989=VERTEX_POINT('',#5847);
#1990=VERTEX_POINT('',#5851);
#1991=VERTEX_POINT('',#5855);
#1992=VERTEX_POINT('',#5859);
#1993=VERTEX_POINT('',#5863);
#1994=VERTEX_POINT('',#5864);
#1995=VERTEX_POINT('',#5869);
#1996=VERTEX_POINT('',#5873);
#1997=VERTEX_POINT('',#5874);
#1998=VERTEX_POINT('',#5879);
#1999=VERTEX_POINT('',#5883);
#2000=VERTEX_POINT('',#5889);
#2001=VERTEX_POINT('',#5893);
#2002=VERTEX_POINT('',#5904);
#2003=VERTEX_POINT('',#5910);
#2004=VERTEX_POINT('',#5917);
#2005=VERTEX_POINT('',#5918);
#2006=VERTEX_POINT('',#5920);
#2007=VERTEX_POINT('',#5922);
#2008=VERTEX_POINT('',#5926);
#2009=VERTEX_POINT('',#5928);
#2010=VERTEX_POINT('',#5932);
#2011=VERTEX_POINT('',#5934);
#2012=VERTEX_POINT('',#5943);
#2013=VERTEX_POINT('',#5944);
#2014=VERTEX_POINT('',#5946);
#2015=VERTEX_POINT('',#5948);
#2016=VERTEX_POINT('',#5952);
#2017=VERTEX_POINT('',#5954);
#2018=VERTEX_POINT('',#5958);
#2019=VERTEX_POINT('',#5960);
#2020=VERTEX_POINT('',#5969);
#2021=VERTEX_POINT('',#5970);
#2022=VERTEX_POINT('',#5972);
#2023=VERTEX_POINT('',#5974);
#2024=VERTEX_POINT('',#5978);
#2025=VERTEX_POINT('',#5980);
#2026=VERTEX_POINT('',#5984);
#2027=VERTEX_POINT('',#5986);
#2028=VERTEX_POINT('',#5995);
#2029=VERTEX_POINT('',#5996);
#2030=VERTEX_POINT('',#5998);
#2031=VERTEX_POINT('',#6000);
#2032=VERTEX_POINT('',#6004);
#2033=VERTEX_POINT('',#6006);
#2034=VERTEX_POINT('',#6010);
#2035=VERTEX_POINT('',#6012);
#2036=VERTEX_POINT('',#6021);
#2037=VERTEX_POINT('',#6022);
#2038=VERTEX_POINT('',#6024);
#2039=VERTEX_POINT('',#6026);
#2040=VERTEX_POINT('',#6030);
#2041=VERTEX_POINT('',#6032);
#2042=VERTEX_POINT('',#6036);
#2043=VERTEX_POINT('',#6038);
#2044=VERTEX_POINT('',#6047);
#2045=VERTEX_POINT('',#6048);
#2046=VERTEX_POINT('',#6050);
#2047=VERTEX_POINT('',#6052);
#2048=VERTEX_POINT('',#6056);
#2049=VERTEX_POINT('',#6058);
#2050=VERTEX_POINT('',#6062);
#2051=VERTEX_POINT('',#6064);
#2052=VERTEX_POINT('',#6073);
#2053=VERTEX_POINT('',#6074);
#2054=VERTEX_POINT('',#6076);
#2055=VERTEX_POINT('',#6078);
#2056=VERTEX_POINT('',#6082);
#2057=VERTEX_POINT('',#6084);
#2058=VERTEX_POINT('',#6088);
#2059=VERTEX_POINT('',#6090);
#2060=VERTEX_POINT('',#6099);
#2061=VERTEX_POINT('',#6100);
#2062=VERTEX_POINT('',#6102);
#2063=VERTEX_POINT('',#6104);
#2064=VERTEX_POINT('',#6108);
#2065=VERTEX_POINT('',#6110);
#2066=VERTEX_POINT('',#6114);
#2067=VERTEX_POINT('',#6116);
#2068=VERTEX_POINT('',#6125);
#2069=VERTEX_POINT('',#6126);
#2070=VERTEX_POINT('',#6128);
#2071=VERTEX_POINT('',#6130);
#2072=VERTEX_POINT('',#6134);
#2073=VERTEX_POINT('',#6136);
#2074=VERTEX_POINT('',#6140);
#2075=VERTEX_POINT('',#6142);
#2076=VERTEX_POINT('',#6151);
#2077=VERTEX_POINT('',#6152);
#2078=VERTEX_POINT('',#6154);
#2079=VERTEX_POINT('',#6156);
#2080=VERTEX_POINT('',#6160);
#2081=VERTEX_POINT('',#6162);
#2082=VERTEX_POINT('',#6166);
#2083=VERTEX_POINT('',#6168);
#2084=VERTEX_POINT('',#6177);
#2085=VERTEX_POINT('',#6178);
#2086=VERTEX_POINT('',#6180);
#2087=VERTEX_POINT('',#6182);
#2088=VERTEX_POINT('',#6186);
#2089=VERTEX_POINT('',#6188);
#2090=VERTEX_POINT('',#6192);
#2091=VERTEX_POINT('',#6194);
#2092=VERTEX_POINT('',#6203);
#2093=VERTEX_POINT('',#6204);
#2094=VERTEX_POINT('',#6206);
#2095=VERTEX_POINT('',#6208);
#2096=VERTEX_POINT('',#6212);
#2097=VERTEX_POINT('',#6214);
#2098=VERTEX_POINT('',#6218);
#2099=VERTEX_POINT('',#6220);
#2100=VERTEX_POINT('',#6229);
#2101=VERTEX_POINT('',#6230);
#2102=VERTEX_POINT('',#6232);
#2103=VERTEX_POINT('',#6234);
#2104=VERTEX_POINT('',#6238);
#2105=VERTEX_POINT('',#6240);
#2106=VERTEX_POINT('',#6244);
#2107=VERTEX_POINT('',#6246);
#2108=VERTEX_POINT('',#6255);
#2109=VERTEX_POINT('',#6256);
#2110=VERTEX_POINT('',#6258);
#2111=VERTEX_POINT('',#6260);
#2112=VERTEX_POINT('',#6264);
#2113=VERTEX_POINT('',#6266);
#2114=VERTEX_POINT('',#6270);
#2115=VERTEX_POINT('',#6272);
#2116=VERTEX_POINT('',#6281);
#2117=VERTEX_POINT('',#6282);
#2118=VERTEX_POINT('',#6284);
#2119=VERTEX_POINT('',#6286);
#2120=VERTEX_POINT('',#6290);
#2121=VERTEX_POINT('',#6292);
#2122=VERTEX_POINT('',#6296);
#2123=VERTEX_POINT('',#6298);
#2124=VERTEX_POINT('',#6307);
#2125=VERTEX_POINT('',#6308);
#2126=VERTEX_POINT('',#6310);
#2127=VERTEX_POINT('',#6312);
#2128=VERTEX_POINT('',#6316);
#2129=VERTEX_POINT('',#6318);
#2130=VERTEX_POINT('',#6322);
#2131=VERTEX_POINT('',#6324);
#2132=VERTEX_POINT('',#6333);
#2133=VERTEX_POINT('',#6334);
#2134=VERTEX_POINT('',#6336);
#2135=VERTEX_POINT('',#6338);
#2136=VERTEX_POINT('',#6342);
#2137=VERTEX_POINT('',#6344);
#2138=VERTEX_POINT('',#6348);
#2139=VERTEX_POINT('',#6350);
#2140=VERTEX_POINT('',#6359);
#2141=VERTEX_POINT('',#6360);
#2142=VERTEX_POINT('',#6362);
#2143=VERTEX_POINT('',#6364);
#2144=VERTEX_POINT('',#6368);
#2145=VERTEX_POINT('',#6370);
#2146=VERTEX_POINT('',#6374);
#2147=VERTEX_POINT('',#6376);
#2148=VERTEX_POINT('',#6385);
#2149=VERTEX_POINT('',#6386);
#2150=VERTEX_POINT('',#6388);
#2151=VERTEX_POINT('',#6390);
#2152=VERTEX_POINT('',#6394);
#2153=VERTEX_POINT('',#6396);
#2154=VERTEX_POINT('',#6400);
#2155=VERTEX_POINT('',#6402);
#2156=VERTEX_POINT('',#6411);
#2157=VERTEX_POINT('',#6412);
#2158=VERTEX_POINT('',#6414);
#2159=VERTEX_POINT('',#6416);
#2160=VERTEX_POINT('',#6420);
#2161=VERTEX_POINT('',#6422);
#2162=VERTEX_POINT('',#6426);
#2163=VERTEX_POINT('',#6428);
#2164=VERTEX_POINT('',#6437);
#2165=VERTEX_POINT('',#6438);
#2166=VERTEX_POINT('',#6440);
#2167=VERTEX_POINT('',#6442);
#2168=VERTEX_POINT('',#6446);
#2169=VERTEX_POINT('',#6448);
#2170=VERTEX_POINT('',#6452);
#2171=VERTEX_POINT('',#6454);
#2172=VERTEX_POINT('',#6463);
#2173=VERTEX_POINT('',#6464);
#2174=VERTEX_POINT('',#6466);
#2175=VERTEX_POINT('',#6468);
#2176=VERTEX_POINT('',#6472);
#2177=VERTEX_POINT('',#6474);
#2178=VERTEX_POINT('',#6478);
#2179=VERTEX_POINT('',#6480);
#2180=VERTEX_POINT('',#6489);
#2181=VERTEX_POINT('',#6490);
#2182=VERTEX_POINT('',#6492);
#2183=VERTEX_POINT('',#6494);
#2184=VERTEX_POINT('',#6498);
#2185=VERTEX_POINT('',#6500);
#2186=VERTEX_POINT('',#6504);
#2187=VERTEX_POINT('',#6506);
#2188=VERTEX_POINT('',#6515);
#2189=VERTEX_POINT('',#6516);
#2190=VERTEX_POINT('',#6518);
#2191=VERTEX_POINT('',#6520);
#2192=VERTEX_POINT('',#6524);
#2193=VERTEX_POINT('',#6526);
#2194=VERTEX_POINT('',#6530);
#2195=VERTEX_POINT('',#6532);
#2196=VERTEX_POINT('',#6541);
#2197=VERTEX_POINT('',#6542);
#2198=VERTEX_POINT('',#6544);
#2199=VERTEX_POINT('',#6546);
#2200=VERTEX_POINT('',#6550);
#2201=VERTEX_POINT('',#6552);
#2202=VERTEX_POINT('',#6556);
#2203=VERTEX_POINT('',#6558);
#2204=VERTEX_POINT('',#6567);
#2205=VERTEX_POINT('',#6568);
#2206=VERTEX_POINT('',#6570);
#2207=VERTEX_POINT('',#6572);
#2208=VERTEX_POINT('',#6576);
#2209=VERTEX_POINT('',#6578);
#2210=VERTEX_POINT('',#6582);
#2211=VERTEX_POINT('',#6584);
#2212=VERTEX_POINT('',#6593);
#2213=VERTEX_POINT('',#6594);
#2214=VERTEX_POINT('',#6596);
#2215=VERTEX_POINT('',#6598);
#2216=VERTEX_POINT('',#6602);
#2217=VERTEX_POINT('',#6604);
#2218=VERTEX_POINT('',#6608);
#2219=VERTEX_POINT('',#6610);
#2220=VERTEX_POINT('',#6619);
#2221=VERTEX_POINT('',#6620);
#2222=VERTEX_POINT('',#6622);
#2223=VERTEX_POINT('',#6624);
#2224=VERTEX_POINT('',#6628);
#2225=VERTEX_POINT('',#6630);
#2226=VERTEX_POINT('',#6634);
#2227=VERTEX_POINT('',#6636);
#2228=VERTEX_POINT('',#6645);
#2229=VERTEX_POINT('',#6646);
#2230=VERTEX_POINT('',#6648);
#2231=VERTEX_POINT('',#6650);
#2232=VERTEX_POINT('',#6654);
#2233=VERTEX_POINT('',#6656);
#2234=VERTEX_POINT('',#6660);
#2235=VERTEX_POINT('',#6662);
#2236=VERTEX_POINT('',#6671);
#2237=VERTEX_POINT('',#6672);
#2238=VERTEX_POINT('',#6674);
#2239=VERTEX_POINT('',#6676);
#2240=VERTEX_POINT('',#6680);
#2241=VERTEX_POINT('',#6682);
#2242=VERTEX_POINT('',#6686);
#2243=VERTEX_POINT('',#6688);
#2244=VERTEX_POINT('',#6697);
#2245=VERTEX_POINT('',#6698);
#2246=VERTEX_POINT('',#6700);
#2247=VERTEX_POINT('',#6702);
#2248=VERTEX_POINT('',#6706);
#2249=VERTEX_POINT('',#6708);
#2250=VERTEX_POINT('',#6712);
#2251=VERTEX_POINT('',#6714);
#2252=VERTEX_POINT('',#6723);
#2253=VERTEX_POINT('',#6724);
#2254=VERTEX_POINT('',#6726);
#2255=VERTEX_POINT('',#6728);
#2256=VERTEX_POINT('',#6732);
#2257=VERTEX_POINT('',#6734);
#2258=VERTEX_POINT('',#6738);
#2259=VERTEX_POINT('',#6740);
#2260=VERTEX_POINT('',#6749);
#2261=VERTEX_POINT('',#6750);
#2262=VERTEX_POINT('',#6752);
#2263=VERTEX_POINT('',#6754);
#2264=VERTEX_POINT('',#6758);
#2265=VERTEX_POINT('',#6760);
#2266=VERTEX_POINT('',#6764);
#2267=VERTEX_POINT('',#6766);
#2268=VERTEX_POINT('',#6775);
#2269=VERTEX_POINT('',#6776);
#2270=VERTEX_POINT('',#6778);
#2271=VERTEX_POINT('',#6780);
#2272=VERTEX_POINT('',#6784);
#2273=VERTEX_POINT('',#6786);
#2274=VERTEX_POINT('',#6790);
#2275=VERTEX_POINT('',#6792);
#2276=VERTEX_POINT('',#6801);
#2277=VERTEX_POINT('',#6802);
#2278=VERTEX_POINT('',#6804);
#2279=VERTEX_POINT('',#6806);
#2280=VERTEX_POINT('',#6810);
#2281=VERTEX_POINT('',#6812);
#2282=VERTEX_POINT('',#6816);
#2283=VERTEX_POINT('',#6818);
#2284=EDGE_CURVE('',#1916,#1916,#1891,.T.);
#2285=EDGE_CURVE('',#1916,#1917,#849,.T.);
#2286=EDGE_CURVE('',#1917,#1917,#1892,.T.);
#2287=EDGE_CURVE('',#1918,#1919,#850,.T.);
#2288=EDGE_CURVE('',#1920,#1918,#851,.T.);
#2289=EDGE_CURVE('',#1920,#1921,#852,.T.);
#2290=EDGE_CURVE('',#1921,#1919,#853,.T.);
#2291=EDGE_CURVE('',#1919,#1922,#854,.T.);
#2292=EDGE_CURVE('',#1923,#1921,#855,.T.);
#2293=EDGE_CURVE('',#1923,#1922,#856,.T.);
#2294=EDGE_CURVE('',#1922,#1924,#857,.T.);
#2295=EDGE_CURVE('',#1925,#1923,#858,.T.);
#2296=EDGE_CURVE('',#1925,#1924,#859,.T.);
#2297=EDGE_CURVE('',#1924,#1926,#860,.T.);
#2298=EDGE_CURVE('',#1925,#1927,#861,.T.);
#2299=EDGE_CURVE('',#1926,#1927,#862,.T.);
#2300=EDGE_CURVE('',#1928,#1929,#88,.T.);
#2301=EDGE_CURVE('',#1928,#1930,#863,.T.);
#2302=EDGE_CURVE('',#1930,#1931,#1893,.T.);
#2303=EDGE_CURVE('',#1931,#1929,#864,.T.);
#2304=EDGE_CURVE('',#1929,#1918,#865,.T.);
#2305=EDGE_CURVE('',#1931,#1920,#866,.T.);
#2306=EDGE_CURVE('',#1927,#1930,#867,.T.);
#2307=EDGE_CURVE('',#1932,#1933,#868,.T.);
#2308=EDGE_CURVE('',#1934,#1932,#869,.T.);
#2309=EDGE_CURVE('',#1935,#1934,#870,.T.);
#2310=EDGE_CURVE('',#1935,#1933,#871,.T.);
#2311=EDGE_CURVE('',#1933,#1936,#89,.T.);
#2312=EDGE_CURVE('',#1935,#1937,#1894,.T.);
#2313=EDGE_CURVE('',#1936,#1937,#872,.T.);
#2314=EDGE_CURVE('',#1938,#1939,#873,.T.);
#2315=EDGE_CURVE('',#1940,#1938,#874,.T.);
#2316=EDGE_CURVE('',#1941,#1940,#875,.T.);
#2317=EDGE_CURVE('',#1941,#1939,#876,.T.);
#2318=EDGE_CURVE('',#1939,#1932,#877,.T.);
#2319=EDGE_CURVE('',#1934,#1941,#878,.T.);
#2320=EDGE_CURVE('',#1942,#1943,#1895,.T.);
#2321=EDGE_CURVE('',#1944,#1942,#879,.T.);
#2322=EDGE_CURVE('',#1944,#1945,#880,.T.);
#2323=EDGE_CURVE('',#1945,#1943,#881,.T.);
#2324=EDGE_CURVE('',#1943,#1946,#90,.T.);
#2325=EDGE_CURVE('',#1947,#1945,#882,.T.);
#2326=EDGE_CURVE('',#1947,#1948,#883,.T.);
#2327=EDGE_CURVE('',#1946,#1948,#884,.T.);
#2328=EDGE_CURVE('',#1948,#1949,#885,.T.);
#2329=EDGE_CURVE('',#1947,#1950,#886,.T.);
#2330=EDGE_CURVE('',#1950,#1949,#887,.T.);
#2331=EDGE_CURVE('',#1949,#1951,#91,.T.);
#2332=EDGE_CURVE('',#1950,#1952,#1896,.T.);
#2333=EDGE_CURVE('',#1951,#1952,#888,.T.);
#2334=EDGE_CURVE('',#1953,#1954,#87,.T.);
#2335=EDGE_CURVE('',#1953,#1955,#889,.T.);
#2336=EDGE_CURVE('',#1955,#1956,#1897,.T.);
#2337=EDGE_CURVE('',#1956,#1954,#890,.T.);
#2338=EDGE_CURVE('',#1954,#1957,#891,.T.);
#2339=EDGE_CURVE('',#1958,#1956,#892,.T.);
#2340=EDGE_CURVE('',#1958,#1957,#893,.T.);
#2341=EDGE_CURVE('',#1957,#1942,#92,.T.);
#2342=EDGE_CURVE('',#1958,#1944,#894,.T.);
#2343=EDGE_CURVE('',#1952,#1955,#895,.T.);
#2344=EDGE_CURVE('',#1959,#1926,#896,.T.);
#2345=EDGE_CURVE('',#1960,#1959,#897,.T.);
#2346=EDGE_CURVE('',#1960,#1961,#898,.T.);
#2347=EDGE_CURVE('',#1961,#1962,#899,.T.);
#2348=EDGE_CURVE('',#1928,#1962,#900,.T.);
#2349=EDGE_CURVE('',#1963,#1964,#1898,.T.);
#2350=EDGE_CURVE('',#1964,#1965,#901,.T.);
#2351=EDGE_CURVE('',#1965,#1966,#1899,.T.);
#2352=EDGE_CURVE('',#1966,#1963,#902,.T.);
#2353=EDGE_CURVE('',#1966,#1967,#903,.T.);
#2354=EDGE_CURVE('',#1968,#1967,#904,.T.);
#2355=EDGE_CURVE('',#1963,#1968,#905,.T.);
#2356=EDGE_CURVE('',#1961,#1953,#1900,.T.);
#2357=EDGE_CURVE('',#1969,#1960,#906,.T.);
#2358=EDGE_CURVE('',#1970,#1969,#907,.T.);
#2359=EDGE_CURVE('',#1971,#1970,#1901,.T.);
#2360=EDGE_CURVE('',#1972,#1971,#908,.T.);
#2361=EDGE_CURVE('',#1972,#1973,#909,.T.);
#2362=EDGE_CURVE('',#1974,#1973,#1902,.T.);
#2363=EDGE_CURVE('',#1974,#1975,#910,.T.);
#2364=EDGE_CURVE('',#1976,#1975,#1903,.T.);
#2365=EDGE_CURVE('',#1976,#1977,#911,.T.);
#2366=EDGE_CURVE('',#1978,#1977,#1904,.T.);
#2367=EDGE_CURVE('',#1978,#1979,#912,.T.);
#2368=EDGE_CURVE('',#1967,#1979,#1905,.T.);
#2369=EDGE_CURVE('',#1965,#1980,#913,.T.);
#2370=EDGE_CURVE('',#1981,#1980,#1906,.T.);
#2371=EDGE_CURVE('',#1981,#1982,#914,.T.);
#2372=EDGE_CURVE('',#1983,#1982,#915,.T.);
#2373=EDGE_CURVE('',#1984,#1983,#1907,.T.);
#2374=EDGE_CURVE('',#1985,#1984,#916,.T.);
#2375=EDGE_CURVE('',#1985,#1986,#917,.T.);
#2376=EDGE_CURVE('',#1986,#1951,#918,.T.);
#2377=EDGE_CURVE('',#1987,#1968,#1908,.T.);
#2378=EDGE_CURVE('',#1979,#1987,#919,.T.);
#2379=EDGE_CURVE('',#1988,#1978,#920,.T.);
#2380=EDGE_CURVE('',#1987,#1988,#921,.T.);
#2381=EDGE_CURVE('',#1989,#1988,#1909,.T.);
#2382=EDGE_CURVE('',#1977,#1989,#922,.T.);
#2383=EDGE_CURVE('',#1990,#1976,#923,.T.);
#2384=EDGE_CURVE('',#1989,#1990,#924,.T.);
#2385=EDGE_CURVE('',#1991,#1990,#1910,.T.);
#2386=EDGE_CURVE('',#1975,#1991,#925,.T.);
#2387=EDGE_CURVE('',#1974,#1992,#926,.T.);
#2388=EDGE_CURVE('',#1991,#1992,#927,.T.);
#2389=EDGE_CURVE('',#1993,#1994,#1911,.T.);
#2390=EDGE_CURVE('',#1994,#1984,#928,.T.);
#2391=EDGE_CURVE('',#1983,#1993,#929,.T.);
#2392=EDGE_CURVE('',#1982,#1995,#930,.T.);
#2393=EDGE_CURVE('',#1993,#1995,#931,.T.);
#2394=EDGE_CURVE('',#1996,#1997,#1912,.T.);
#2395=EDGE_CURVE('',#1997,#1971,#932,.T.);
#2396=EDGE_CURVE('',#1970,#1996,#933,.T.);
#2397=EDGE_CURVE('',#1998,#1997,#934,.T.);
#2398=EDGE_CURVE('',#1972,#1998,#935,.T.);
#2399=EDGE_CURVE('',#1999,#1998,#936,.T.);
#2400=EDGE_CURVE('',#1973,#1999,#937,.T.);
#2401=EDGE_CURVE('',#1992,#1999,#1913,.T.);
#2402=EDGE_CURVE('',#2000,#1964,#938,.T.);
#2403=EDGE_CURVE('',#1980,#2000,#939,.T.);
#2404=EDGE_CURVE('',#2001,#2000,#1914,.T.);
#2405=EDGE_CURVE('',#1981,#2001,#940,.T.);
#2406=EDGE_CURVE('',#1995,#2001,#941,.T.);
#2407=EDGE_CURVE('',#1937,#1994,#942,.T.);
#2408=EDGE_CURVE('',#1985,#1940,#943,.T.);
#2409=EDGE_CURVE('',#1986,#1938,#944,.T.);
#2410=EDGE_CURVE('',#2002,#1936,#945,.T.);
#2411=EDGE_CURVE('',#1946,#2002,#946,.T.);
#2412=EDGE_CURVE('',#1962,#2002,#1915,.T.);
#2413=EDGE_CURVE('',#2003,#1959,#947,.T.);
#2414=EDGE_CURVE('',#1969,#2003,#948,.T.);
#2415=EDGE_CURVE('',#1996,#2003,#949,.T.);
#2416=EDGE_CURVE('',#2004,#2005,#950,.T.);
#2417=EDGE_CURVE('',#2004,#2006,#951,.T.);
#2418=EDGE_CURVE('',#2007,#2006,#952,.T.);
#2419=EDGE_CURVE('',#2005,#2007,#953,.T.);
#2420=EDGE_CURVE('',#2008,#2005,#954,.T.);
#2421=EDGE_CURVE('',#2009,#2007,#955,.T.);
#2422=EDGE_CURVE('',#2008,#2009,#956,.T.);
#2423=EDGE_CURVE('',#2010,#2008,#957,.T.);
#2424=EDGE_CURVE('',#2011,#2009,#958,.T.);
#2425=EDGE_CURVE('',#2010,#2011,#959,.T.);
#2426=EDGE_CURVE('',#2010,#2004,#960,.T.);
#2427=EDGE_CURVE('',#2006,#2011,#961,.T.);
#2428=EDGE_CURVE('',#2012,#2013,#962,.T.);
#2429=EDGE_CURVE('',#2012,#2014,#963,.T.);
#2430=EDGE_CURVE('',#2015,#2014,#964,.T.);
#2431=EDGE_CURVE('',#2013,#2015,#965,.T.);
#2432=EDGE_CURVE('',#2016,#2013,#966,.T.);
#2433=EDGE_CURVE('',#2017,#2015,#967,.T.);
#2434=EDGE_CURVE('',#2016,#2017,#968,.T.);
#2435=EDGE_CURVE('',#2018,#2016,#969,.T.);
#2436=EDGE_CURVE('',#2019,#2017,#970,.T.);
#2437=EDGE_CURVE('',#2018,#2019,#971,.T.);
#2438=EDGE_CURVE('',#2018,#2012,#972,.T.);
#2439=EDGE_CURVE('',#2014,#2019,#973,.T.);
#2440=EDGE_CURVE('',#2020,#2021,#974,.T.);
#2441=EDGE_CURVE('',#2020,#2022,#975,.T.);
#2442=EDGE_CURVE('',#2023,#2022,#976,.T.);
#2443=EDGE_CURVE('',#2021,#2023,#977,.T.);
#2444=EDGE_CURVE('',#2024,#2021,#978,.T.);
#2445=EDGE_CURVE('',#2025,#2023,#979,.T.);
#2446=EDGE_CURVE('',#2024,#2025,#980,.T.);
#2447=EDGE_CURVE('',#2026,#2024,#981,.T.);
#2448=EDGE_CURVE('',#2027,#2025,#982,.T.);
#2449=EDGE_CURVE('',#2026,#2027,#983,.T.);
#2450=EDGE_CURVE('',#2026,#2020,#984,.T.);
#2451=EDGE_CURVE('',#2022,#2027,#985,.T.);
#2452=EDGE_CURVE('',#2028,#2029,#986,.T.);
#2453=EDGE_CURVE('',#2028,#2030,#987,.T.);
#2454=EDGE_CURVE('',#2031,#2030,#988,.T.);
#2455=EDGE_CURVE('',#2029,#2031,#989,.T.);
#2456=EDGE_CURVE('',#2032,#2029,#990,.T.);
#2457=EDGE_CURVE('',#2033,#2031,#991,.T.);
#2458=EDGE_CURVE('',#2032,#2033,#992,.T.);
#2459=EDGE_CURVE('',#2034,#2032,#993,.T.);
#2460=EDGE_CURVE('',#2035,#2033,#994,.T.);
#2461=EDGE_CURVE('',#2034,#2035,#995,.T.);
#2462=EDGE_CURVE('',#2034,#2028,#996,.T.);
#2463=EDGE_CURVE('',#2030,#2035,#997,.T.);
#2464=EDGE_CURVE('',#2036,#2037,#998,.T.);
#2465=EDGE_CURVE('',#2036,#2038,#999,.T.);
#2466=EDGE_CURVE('',#2039,#2038,#1000,.T.);
#2467=EDGE_CURVE('',#2037,#2039,#1001,.T.);
#2468=EDGE_CURVE('',#2040,#2037,#1002,.T.);
#2469=EDGE_CURVE('',#2041,#2039,#1003,.T.);
#2470=EDGE_CURVE('',#2040,#2041,#1004,.T.);
#2471=EDGE_CURVE('',#2042,#2040,#1005,.T.);
#2472=EDGE_CURVE('',#2043,#2041,#1006,.T.);
#2473=EDGE_CURVE('',#2042,#2043,#1007,.T.);
#2474=EDGE_CURVE('',#2042,#2036,#1008,.T.);
#2475=EDGE_CURVE('',#2038,#2043,#1009,.T.);
#2476=EDGE_CURVE('',#2044,#2045,#1010,.T.);
#2477=EDGE_CURVE('',#2044,#2046,#1011,.T.);
#2478=EDGE_CURVE('',#2047,#2046,#1012,.T.);
#2479=EDGE_CURVE('',#2045,#2047,#1013,.T.);
#2480=EDGE_CURVE('',#2048,#2045,#1014,.T.);
#2481=EDGE_CURVE('',#2049,#2047,#1015,.T.);
#2482=EDGE_CURVE('',#2048,#2049,#1016,.T.);
#2483=EDGE_CURVE('',#2050,#2048,#1017,.T.);
#2484=EDGE_CURVE('',#2051,#2049,#1018,.T.);
#2485=EDGE_CURVE('',#2050,#2051,#1019,.T.);
#2486=EDGE_CURVE('',#2050,#2044,#1020,.T.);
#2487=EDGE_CURVE('',#2046,#2051,#1021,.T.);
#2488=EDGE_CURVE('',#2052,#2053,#1022,.T.);
#2489=EDGE_CURVE('',#2052,#2054,#1023,.T.);
#2490=EDGE_CURVE('',#2055,#2054,#1024,.T.);
#2491=EDGE_CURVE('',#2053,#2055,#1025,.T.);
#2492=EDGE_CURVE('',#2056,#2053,#1026,.T.);
#2493=EDGE_CURVE('',#2057,#2055,#1027,.T.);
#2494=EDGE_CURVE('',#2056,#2057,#1028,.T.);
#2495=EDGE_CURVE('',#2058,#2056,#1029,.T.);
#2496=EDGE_CURVE('',#2059,#2057,#1030,.T.);
#2497=EDGE_CURVE('',#2058,#2059,#1031,.T.);
#2498=EDGE_CURVE('',#2058,#2052,#1032,.T.);
#2499=EDGE_CURVE('',#2054,#2059,#1033,.T.);
#2500=EDGE_CURVE('',#2060,#2061,#1034,.T.);
#2501=EDGE_CURVE('',#2060,#2062,#1035,.T.);
#2502=EDGE_CURVE('',#2063,#2062,#1036,.T.);
#2503=EDGE_CURVE('',#2061,#2063,#1037,.T.);
#2504=EDGE_CURVE('',#2064,#2061,#1038,.T.);
#2505=EDGE_CURVE('',#2065,#2063,#1039,.T.);
#2506=EDGE_CURVE('',#2064,#2065,#1040,.T.);
#2507=EDGE_CURVE('',#2066,#2064,#1041,.T.);
#2508=EDGE_CURVE('',#2067,#2065,#1042,.T.);
#2509=EDGE_CURVE('',#2066,#2067,#1043,.T.);
#2510=EDGE_CURVE('',#2066,#2060,#1044,.T.);
#2511=EDGE_CURVE('',#2062,#2067,#1045,.T.);
#2512=EDGE_CURVE('',#2068,#2069,#1046,.T.);
#2513=EDGE_CURVE('',#2068,#2070,#1047,.T.);
#2514=EDGE_CURVE('',#2071,#2070,#1048,.T.);
#2515=EDGE_CURVE('',#2069,#2071,#1049,.T.);
#2516=EDGE_CURVE('',#2072,#2069,#1050,.T.);
#2517=EDGE_CURVE('',#2073,#2071,#1051,.T.);
#2518=EDGE_CURVE('',#2072,#2073,#1052,.T.);
#2519=EDGE_CURVE('',#2074,#2072,#1053,.T.);
#2520=EDGE_CURVE('',#2075,#2073,#1054,.T.);
#2521=EDGE_CURVE('',#2074,#2075,#1055,.T.);
#2522=EDGE_CURVE('',#2074,#2068,#1056,.T.);
#2523=EDGE_CURVE('',#2070,#2075,#1057,.T.);
#2524=EDGE_CURVE('',#2076,#2077,#1058,.T.);
#2525=EDGE_CURVE('',#2076,#2078,#1059,.T.);
#2526=EDGE_CURVE('',#2079,#2078,#1060,.T.);
#2527=EDGE_CURVE('',#2077,#2079,#1061,.T.);
#2528=EDGE_CURVE('',#2080,#2077,#1062,.T.);
#2529=EDGE_CURVE('',#2081,#2079,#1063,.T.);
#2530=EDGE_CURVE('',#2080,#2081,#1064,.T.);
#2531=EDGE_CURVE('',#2082,#2080,#1065,.T.);
#2532=EDGE_CURVE('',#2083,#2081,#1066,.T.);
#2533=EDGE_CURVE('',#2082,#2083,#1067,.T.);
#2534=EDGE_CURVE('',#2082,#2076,#1068,.T.);
#2535=EDGE_CURVE('',#2078,#2083,#1069,.T.);
#2536=EDGE_CURVE('',#2084,#2085,#1070,.T.);
#2537=EDGE_CURVE('',#2084,#2086,#1071,.T.);
#2538=EDGE_CURVE('',#2087,#2086,#1072,.T.);
#2539=EDGE_CURVE('',#2085,#2087,#1073,.T.);
#2540=EDGE_CURVE('',#2088,#2085,#1074,.T.);
#2541=EDGE_CURVE('',#2089,#2087,#1075,.T.);
#2542=EDGE_CURVE('',#2088,#2089,#1076,.T.);
#2543=EDGE_CURVE('',#2090,#2088,#1077,.T.);
#2544=EDGE_CURVE('',#2091,#2089,#1078,.T.);
#2545=EDGE_CURVE('',#2090,#2091,#1079,.T.);
#2546=EDGE_CURVE('',#2090,#2084,#1080,.T.);
#2547=EDGE_CURVE('',#2086,#2091,#1081,.T.);
#2548=EDGE_CURVE('',#2092,#2093,#1082,.T.);
#2549=EDGE_CURVE('',#2092,#2094,#1083,.T.);
#2550=EDGE_CURVE('',#2095,#2094,#1084,.T.);
#2551=EDGE_CURVE('',#2093,#2095,#1085,.T.);
#2552=EDGE_CURVE('',#2096,#2093,#1086,.T.);
#2553=EDGE_CURVE('',#2097,#2095,#1087,.T.);
#2554=EDGE_CURVE('',#2096,#2097,#1088,.T.);
#2555=EDGE_CURVE('',#2098,#2096,#1089,.T.);
#2556=EDGE_CURVE('',#2099,#2097,#1090,.T.);
#2557=EDGE_CURVE('',#2098,#2099,#1091,.T.);
#2558=EDGE_CURVE('',#2098,#2092,#1092,.T.);
#2559=EDGE_CURVE('',#2094,#2099,#1093,.T.);
#2560=EDGE_CURVE('',#2100,#2101,#1094,.T.);
#2561=EDGE_CURVE('',#2100,#2102,#1095,.T.);
#2562=EDGE_CURVE('',#2103,#2102,#1096,.T.);
#2563=EDGE_CURVE('',#2101,#2103,#1097,.T.);
#2564=EDGE_CURVE('',#2104,#2101,#1098,.T.);
#2565=EDGE_CURVE('',#2105,#2103,#1099,.T.);
#2566=EDGE_CURVE('',#2104,#2105,#1100,.T.);
#2567=EDGE_CURVE('',#2106,#2104,#1101,.T.);
#2568=EDGE_CURVE('',#2107,#2105,#1102,.T.);
#2569=EDGE_CURVE('',#2106,#2107,#1103,.T.);
#2570=EDGE_CURVE('',#2106,#2100,#1104,.T.);
#2571=EDGE_CURVE('',#2102,#2107,#1105,.T.);
#2572=EDGE_CURVE('',#2108,#2109,#1106,.T.);
#2573=EDGE_CURVE('',#2108,#2110,#1107,.T.);
#2574=EDGE_CURVE('',#2111,#2110,#1108,.T.);
#2575=EDGE_CURVE('',#2109,#2111,#1109,.T.);
#2576=EDGE_CURVE('',#2112,#2109,#1110,.T.);
#2577=EDGE_CURVE('',#2113,#2111,#1111,.T.);
#2578=EDGE_CURVE('',#2112,#2113,#1112,.T.);
#2579=EDGE_CURVE('',#2114,#2112,#1113,.T.);
#2580=EDGE_CURVE('',#2115,#2113,#1114,.T.);
#2581=EDGE_CURVE('',#2114,#2115,#1115,.T.);
#2582=EDGE_CURVE('',#2114,#2108,#1116,.T.);
#2583=EDGE_CURVE('',#2110,#2115,#1117,.T.);
#2584=EDGE_CURVE('',#2116,#2117,#1118,.T.);
#2585=EDGE_CURVE('',#2116,#2118,#1119,.T.);
#2586=EDGE_CURVE('',#2119,#2118,#1120,.T.);
#2587=EDGE_CURVE('',#2117,#2119,#1121,.T.);
#2588=EDGE_CURVE('',#2120,#2117,#1122,.T.);
#2589=EDGE_CURVE('',#2121,#2119,#1123,.T.);
#2590=EDGE_CURVE('',#2120,#2121,#1124,.T.);
#2591=EDGE_CURVE('',#2122,#2120,#1125,.T.);
#2592=EDGE_CURVE('',#2123,#2121,#1126,.T.);
#2593=EDGE_CURVE('',#2122,#2123,#1127,.T.);
#2594=EDGE_CURVE('',#2122,#2116,#1128,.T.);
#2595=EDGE_CURVE('',#2118,#2123,#1129,.T.);
#2596=EDGE_CURVE('',#2124,#2125,#1130,.T.);
#2597=EDGE_CURVE('',#2124,#2126,#1131,.T.);
#2598=EDGE_CURVE('',#2127,#2126,#1132,.T.);
#2599=EDGE_CURVE('',#2125,#2127,#1133,.T.);
#2600=EDGE_CURVE('',#2128,#2125,#1134,.T.);
#2601=EDGE_CURVE('',#2129,#2127,#1135,.T.);
#2602=EDGE_CURVE('',#2128,#2129,#1136,.T.);
#2603=EDGE_CURVE('',#2130,#2128,#1137,.T.);
#2604=EDGE_CURVE('',#2131,#2129,#1138,.T.);
#2605=EDGE_CURVE('',#2130,#2131,#1139,.T.);
#2606=EDGE_CURVE('',#2130,#2124,#1140,.T.);
#2607=EDGE_CURVE('',#2126,#2131,#1141,.T.);
#2608=EDGE_CURVE('',#2132,#2133,#1142,.T.);
#2609=EDGE_CURVE('',#2132,#2134,#1143,.T.);
#2610=EDGE_CURVE('',#2135,#2134,#1144,.T.);
#2611=EDGE_CURVE('',#2133,#2135,#1145,.T.);
#2612=EDGE_CURVE('',#2136,#2133,#1146,.T.);
#2613=EDGE_CURVE('',#2137,#2135,#1147,.T.);
#2614=EDGE_CURVE('',#2136,#2137,#1148,.T.);
#2615=EDGE_CURVE('',#2138,#2136,#1149,.T.);
#2616=EDGE_CURVE('',#2139,#2137,#1150,.T.);
#2617=EDGE_CURVE('',#2138,#2139,#1151,.T.);
#2618=EDGE_CURVE('',#2138,#2132,#1152,.T.);
#2619=EDGE_CURVE('',#2134,#2139,#1153,.T.);
#2620=EDGE_CURVE('',#2140,#2141,#1154,.T.);
#2621=EDGE_CURVE('',#2140,#2142,#1155,.T.);
#2622=EDGE_CURVE('',#2143,#2142,#1156,.T.);
#2623=EDGE_CURVE('',#2141,#2143,#1157,.T.);
#2624=EDGE_CURVE('',#2144,#2141,#1158,.T.);
#2625=EDGE_CURVE('',#2145,#2143,#1159,.T.);
#2626=EDGE_CURVE('',#2144,#2145,#1160,.T.);
#2627=EDGE_CURVE('',#2146,#2144,#1161,.T.);
#2628=EDGE_CURVE('',#2147,#2145,#1162,.T.);
#2629=EDGE_CURVE('',#2146,#2147,#1163,.T.);
#2630=EDGE_CURVE('',#2146,#2140,#1164,.T.);
#2631=EDGE_CURVE('',#2142,#2147,#1165,.T.);
#2632=EDGE_CURVE('',#2148,#2149,#1166,.T.);
#2633=EDGE_CURVE('',#2148,#2150,#1167,.T.);
#2634=EDGE_CURVE('',#2151,#2150,#1168,.T.);
#2635=EDGE_CURVE('',#2149,#2151,#1169,.T.);
#2636=EDGE_CURVE('',#2152,#2149,#1170,.T.);
#2637=EDGE_CURVE('',#2153,#2151,#1171,.T.);
#2638=EDGE_CURVE('',#2152,#2153,#1172,.T.);
#2639=EDGE_CURVE('',#2154,#2152,#1173,.T.);
#2640=EDGE_CURVE('',#2155,#2153,#1174,.T.);
#2641=EDGE_CURVE('',#2154,#2155,#1175,.T.);
#2642=EDGE_CURVE('',#2154,#2148,#1176,.T.);
#2643=EDGE_CURVE('',#2150,#2155,#1177,.T.);
#2644=EDGE_CURVE('',#2156,#2157,#1178,.T.);
#2645=EDGE_CURVE('',#2156,#2158,#1179,.T.);
#2646=EDGE_CURVE('',#2159,#2158,#1180,.T.);
#2647=EDGE_CURVE('',#2157,#2159,#1181,.T.);
#2648=EDGE_CURVE('',#2160,#2157,#1182,.T.);
#2649=EDGE_CURVE('',#2161,#2159,#1183,.T.);
#2650=EDGE_CURVE('',#2160,#2161,#1184,.T.);
#2651=EDGE_CURVE('',#2162,#2160,#1185,.T.);
#2652=EDGE_CURVE('',#2163,#2161,#1186,.T.);
#2653=EDGE_CURVE('',#2162,#2163,#1187,.T.);
#2654=EDGE_CURVE('',#2162,#2156,#1188,.T.);
#2655=EDGE_CURVE('',#2158,#2163,#1189,.T.);
#2656=EDGE_CURVE('',#2164,#2165,#1190,.T.);
#2657=EDGE_CURVE('',#2164,#2166,#1191,.T.);
#2658=EDGE_CURVE('',#2167,#2166,#1192,.T.);
#2659=EDGE_CURVE('',#2165,#2167,#1193,.T.);
#2660=EDGE_CURVE('',#2168,#2165,#1194,.T.);
#2661=EDGE_CURVE('',#2169,#2167,#1195,.T.);
#2662=EDGE_CURVE('',#2168,#2169,#1196,.T.);
#2663=EDGE_CURVE('',#2170,#2168,#1197,.T.);
#2664=EDGE_CURVE('',#2171,#2169,#1198,.T.);
#2665=EDGE_CURVE('',#2170,#2171,#1199,.T.);
#2666=EDGE_CURVE('',#2170,#2164,#1200,.T.);
#2667=EDGE_CURVE('',#2166,#2171,#1201,.T.);
#2668=EDGE_CURVE('',#2172,#2173,#1202,.T.);
#2669=EDGE_CURVE('',#2172,#2174,#1203,.T.);
#2670=EDGE_CURVE('',#2175,#2174,#1204,.T.);
#2671=EDGE_CURVE('',#2173,#2175,#1205,.T.);
#2672=EDGE_CURVE('',#2176,#2173,#1206,.T.);
#2673=EDGE_CURVE('',#2177,#2175,#1207,.T.);
#2674=EDGE_CURVE('',#2176,#2177,#1208,.T.);
#2675=EDGE_CURVE('',#2178,#2176,#1209,.T.);
#2676=EDGE_CURVE('',#2179,#2177,#1210,.T.);
#2677=EDGE_CURVE('',#2178,#2179,#1211,.T.);
#2678=EDGE_CURVE('',#2178,#2172,#1212,.T.);
#2679=EDGE_CURVE('',#2174,#2179,#1213,.T.);
#2680=EDGE_CURVE('',#2180,#2181,#1214,.T.);
#2681=EDGE_CURVE('',#2180,#2182,#1215,.T.);
#2682=EDGE_CURVE('',#2183,#2182,#1216,.T.);
#2683=EDGE_CURVE('',#2181,#2183,#1217,.T.);
#2684=EDGE_CURVE('',#2184,#2181,#1218,.T.);
#2685=EDGE_CURVE('',#2185,#2183,#1219,.T.);
#2686=EDGE_CURVE('',#2184,#2185,#1220,.T.);
#2687=EDGE_CURVE('',#2186,#2184,#1221,.T.);
#2688=EDGE_CURVE('',#2187,#2185,#1222,.T.);
#2689=EDGE_CURVE('',#2186,#2187,#1223,.T.);
#2690=EDGE_CURVE('',#2186,#2180,#1224,.T.);
#2691=EDGE_CURVE('',#2182,#2187,#1225,.T.);
#2692=EDGE_CURVE('',#2188,#2189,#1226,.T.);
#2693=EDGE_CURVE('',#2188,#2190,#1227,.T.);
#2694=EDGE_CURVE('',#2191,#2190,#1228,.T.);
#2695=EDGE_CURVE('',#2189,#2191,#1229,.T.);
#2696=EDGE_CURVE('',#2192,#2189,#1230,.T.);
#2697=EDGE_CURVE('',#2193,#2191,#1231,.T.);
#2698=EDGE_CURVE('',#2192,#2193,#1232,.T.);
#2699=EDGE_CURVE('',#2194,#2192,#1233,.T.);
#2700=EDGE_CURVE('',#2195,#2193,#1234,.T.);
#2701=EDGE_CURVE('',#2194,#2195,#1235,.T.);
#2702=EDGE_CURVE('',#2194,#2188,#1236,.T.);
#2703=EDGE_CURVE('',#2190,#2195,#1237,.T.);
#2704=EDGE_CURVE('',#2196,#2197,#1238,.T.);
#2705=EDGE_CURVE('',#2196,#2198,#1239,.T.);
#2706=EDGE_CURVE('',#2199,#2198,#1240,.T.);
#2707=EDGE_CURVE('',#2197,#2199,#1241,.T.);
#2708=EDGE_CURVE('',#2200,#2197,#1242,.T.);
#2709=EDGE_CURVE('',#2201,#2199,#1243,.T.);
#2710=EDGE_CURVE('',#2200,#2201,#1244,.T.);
#2711=EDGE_CURVE('',#2202,#2200,#1245,.T.);
#2712=EDGE_CURVE('',#2203,#2201,#1246,.T.);
#2713=EDGE_CURVE('',#2202,#2203,#1247,.T.);
#2714=EDGE_CURVE('',#2202,#2196,#1248,.T.);
#2715=EDGE_CURVE('',#2198,#2203,#1249,.T.);
#2716=EDGE_CURVE('',#2204,#2205,#1250,.T.);
#2717=EDGE_CURVE('',#2204,#2206,#1251,.T.);
#2718=EDGE_CURVE('',#2207,#2206,#1252,.T.);
#2719=EDGE_CURVE('',#2205,#2207,#1253,.T.);
#2720=EDGE_CURVE('',#2208,#2205,#1254,.T.);
#2721=EDGE_CURVE('',#2209,#2207,#1255,.T.);
#2722=EDGE_CURVE('',#2208,#2209,#1256,.T.);
#2723=EDGE_CURVE('',#2210,#2208,#1257,.T.);
#2724=EDGE_CURVE('',#2211,#2209,#1258,.T.);
#2725=EDGE_CURVE('',#2210,#2211,#1259,.T.);
#2726=EDGE_CURVE('',#2210,#2204,#1260,.T.);
#2727=EDGE_CURVE('',#2206,#2211,#1261,.T.);
#2728=EDGE_CURVE('',#2212,#2213,#1262,.T.);
#2729=EDGE_CURVE('',#2212,#2214,#1263,.T.);
#2730=EDGE_CURVE('',#2215,#2214,#1264,.T.);
#2731=EDGE_CURVE('',#2213,#2215,#1265,.T.);
#2732=EDGE_CURVE('',#2216,#2213,#1266,.T.);
#2733=EDGE_CURVE('',#2217,#2215,#1267,.T.);
#2734=EDGE_CURVE('',#2216,#2217,#1268,.T.);
#2735=EDGE_CURVE('',#2218,#2216,#1269,.T.);
#2736=EDGE_CURVE('',#2219,#2217,#1270,.T.);
#2737=EDGE_CURVE('',#2218,#2219,#1271,.T.);
#2738=EDGE_CURVE('',#2218,#2212,#1272,.T.);
#2739=EDGE_CURVE('',#2214,#2219,#1273,.T.);
#2740=EDGE_CURVE('',#2220,#2221,#1274,.T.);
#2741=EDGE_CURVE('',#2220,#2222,#1275,.T.);
#2742=EDGE_CURVE('',#2223,#2222,#1276,.T.);
#2743=EDGE_CURVE('',#2221,#2223,#1277,.T.);
#2744=EDGE_CURVE('',#2224,#2221,#1278,.T.);
#2745=EDGE_CURVE('',#2225,#2223,#1279,.T.);
#2746=EDGE_CURVE('',#2224,#2225,#1280,.T.);
#2747=EDGE_CURVE('',#2226,#2224,#1281,.T.);
#2748=EDGE_CURVE('',#2227,#2225,#1282,.T.);
#2749=EDGE_CURVE('',#2226,#2227,#1283,.T.);
#2750=EDGE_CURVE('',#2226,#2220,#1284,.T.);
#2751=EDGE_CURVE('',#2222,#2227,#1285,.T.);
#2752=EDGE_CURVE('',#2228,#2229,#1286,.T.);
#2753=EDGE_CURVE('',#2228,#2230,#1287,.T.);
#2754=EDGE_CURVE('',#2231,#2230,#1288,.T.);
#2755=EDGE_CURVE('',#2229,#2231,#1289,.T.);
#2756=EDGE_CURVE('',#2232,#2229,#1290,.T.);
#2757=EDGE_CURVE('',#2233,#2231,#1291,.T.);
#2758=EDGE_CURVE('',#2232,#2233,#1292,.T.);
#2759=EDGE_CURVE('',#2234,#2232,#1293,.T.);
#2760=EDGE_CURVE('',#2235,#2233,#1294,.T.);
#2761=EDGE_CURVE('',#2234,#2235,#1295,.T.);
#2762=EDGE_CURVE('',#2234,#2228,#1296,.T.);
#2763=EDGE_CURVE('',#2230,#2235,#1297,.T.);
#2764=EDGE_CURVE('',#2236,#2237,#1298,.T.);
#2765=EDGE_CURVE('',#2236,#2238,#1299,.T.);
#2766=EDGE_CURVE('',#2239,#2238,#1300,.T.);
#2767=EDGE_CURVE('',#2237,#2239,#1301,.T.);
#2768=EDGE_CURVE('',#2240,#2237,#1302,.T.);
#2769=EDGE_CURVE('',#2241,#2239,#1303,.T.);
#2770=EDGE_CURVE('',#2240,#2241,#1304,.T.);
#2771=EDGE_CURVE('',#2242,#2240,#1305,.T.);
#2772=EDGE_CURVE('',#2243,#2241,#1306,.T.);
#2773=EDGE_CURVE('',#2242,#2243,#1307,.T.);
#2774=EDGE_CURVE('',#2242,#2236,#1308,.T.);
#2775=EDGE_CURVE('',#2238,#2243,#1309,.T.);
#2776=EDGE_CURVE('',#2244,#2245,#1310,.T.);
#2777=EDGE_CURVE('',#2244,#2246,#1311,.T.);
#2778=EDGE_CURVE('',#2247,#2246,#1312,.T.);
#2779=EDGE_CURVE('',#2245,#2247,#1313,.T.);
#2780=EDGE_CURVE('',#2248,#2245,#1314,.T.);
#2781=EDGE_CURVE('',#2249,#2247,#1315,.T.);
#2782=EDGE_CURVE('',#2248,#2249,#1316,.T.);
#2783=EDGE_CURVE('',#2250,#2248,#1317,.T.);
#2784=EDGE_CURVE('',#2251,#2249,#1318,.T.);
#2785=EDGE_CURVE('',#2250,#2251,#1319,.T.);
#2786=EDGE_CURVE('',#2250,#2244,#1320,.T.);
#2787=EDGE_CURVE('',#2246,#2251,#1321,.T.);
#2788=EDGE_CURVE('',#2252,#2253,#1322,.T.);
#2789=EDGE_CURVE('',#2252,#2254,#1323,.T.);
#2790=EDGE_CURVE('',#2255,#2254,#1324,.T.);
#2791=EDGE_CURVE('',#2253,#2255,#1325,.T.);
#2792=EDGE_CURVE('',#2256,#2253,#1326,.T.);
#2793=EDGE_CURVE('',#2257,#2255,#1327,.T.);
#2794=EDGE_CURVE('',#2256,#2257,#1328,.T.);
#2795=EDGE_CURVE('',#2258,#2256,#1329,.T.);
#2796=EDGE_CURVE('',#2259,#2257,#1330,.T.);
#2797=EDGE_CURVE('',#2258,#2259,#1331,.T.);
#2798=EDGE_CURVE('',#2258,#2252,#1332,.T.);
#2799=EDGE_CURVE('',#2254,#2259,#1333,.T.);
#2800=EDGE_CURVE('',#2260,#2261,#1334,.T.);
#2801=EDGE_CURVE('',#2260,#2262,#1335,.T.);
#2802=EDGE_CURVE('',#2263,#2262,#1336,.T.);
#2803=EDGE_CURVE('',#2261,#2263,#1337,.T.);
#2804=EDGE_CURVE('',#2264,#2261,#1338,.T.);
#2805=EDGE_CURVE('',#2265,#2263,#1339,.T.);
#2806=EDGE_CURVE('',#2264,#2265,#1340,.T.);
#2807=EDGE_CURVE('',#2266,#2264,#1341,.T.);
#2808=EDGE_CURVE('',#2267,#2265,#1342,.T.);
#2809=EDGE_CURVE('',#2266,#2267,#1343,.T.);
#2810=EDGE_CURVE('',#2266,#2260,#1344,.T.);
#2811=EDGE_CURVE('',#2262,#2267,#1345,.T.);
#2812=EDGE_CURVE('',#2268,#2269,#1346,.T.);
#2813=EDGE_CURVE('',#2268,#2270,#1347,.T.);
#2814=EDGE_CURVE('',#2271,#2270,#1348,.T.);
#2815=EDGE_CURVE('',#2269,#2271,#1349,.T.);
#2816=EDGE_CURVE('',#2272,#2269,#1350,.T.);
#2817=EDGE_CURVE('',#2273,#2271,#1351,.T.);
#2818=EDGE_CURVE('',#2272,#2273,#1352,.T.);
#2819=EDGE_CURVE('',#2274,#2272,#1353,.T.);
#2820=EDGE_CURVE('',#2275,#2273,#1354,.T.);
#2821=EDGE_CURVE('',#2274,#2275,#1355,.T.);
#2822=EDGE_CURVE('',#2274,#2268,#1356,.T.);
#2823=EDGE_CURVE('',#2270,#2275,#1357,.T.);
#2824=EDGE_CURVE('',#2276,#2277,#1358,.T.);
#2825=EDGE_CURVE('',#2276,#2278,#1359,.T.);
#2826=EDGE_CURVE('',#2279,#2278,#1360,.T.);
#2827=EDGE_CURVE('',#2277,#2279,#1361,.T.);
#2828=EDGE_CURVE('',#2280,#2277,#1362,.T.);
#2829=EDGE_CURVE('',#2281,#2279,#1363,.T.);
#2830=EDGE_CURVE('',#2280,#2281,#1364,.T.);
#2831=EDGE_CURVE('',#2282,#2280,#1365,.T.);
#2832=EDGE_CURVE('',#2283,#2281,#1366,.T.);
#2833=EDGE_CURVE('',#2282,#2283,#1367,.T.);
#2834=EDGE_CURVE('',#2282,#2276,#1368,.T.);
#2835=EDGE_CURVE('',#2278,#2283,#1369,.T.);
#2836=ORIENTED_EDGE('',*,*,#2284,.F.);
#2837=ORIENTED_EDGE('',*,*,#2285,.T.);
#2838=ORIENTED_EDGE('',*,*,#2286,.F.);
#2839=ORIENTED_EDGE('',*,*,#2285,.F.);
#2840=ORIENTED_EDGE('',*,*,#2287,.F.);
#2841=ORIENTED_EDGE('',*,*,#2288,.F.);
#2842=ORIENTED_EDGE('',*,*,#2289,.T.);
#2843=ORIENTED_EDGE('',*,*,#2290,.T.);
#2844=ORIENTED_EDGE('',*,*,#2291,.F.);
#2845=ORIENTED_EDGE('',*,*,#2290,.F.);
#2846=ORIENTED_EDGE('',*,*,#2292,.F.);
#2847=ORIENTED_EDGE('',*,*,#2293,.T.);
#2848=ORIENTED_EDGE('',*,*,#2294,.F.);
#2849=ORIENTED_EDGE('',*,*,#2293,.F.);
#2850=ORIENTED_EDGE('',*,*,#2295,.F.);
#2851=ORIENTED_EDGE('',*,*,#2296,.T.);
#2852=ORIENTED_EDGE('',*,*,#2297,.F.);
#2853=ORIENTED_EDGE('',*,*,#2296,.F.);
#2854=ORIENTED_EDGE('',*,*,#2298,.T.);
#2855=ORIENTED_EDGE('',*,*,#2299,.F.);
#2856=ORIENTED_EDGE('',*,*,#2300,.F.);
#2857=ORIENTED_EDGE('',*,*,#2301,.T.);
#2858=ORIENTED_EDGE('',*,*,#2302,.T.);
#2859=ORIENTED_EDGE('',*,*,#2303,.T.);
#2860=ORIENTED_EDGE('',*,*,#2304,.F.);
#2861=ORIENTED_EDGE('',*,*,#2303,.F.);
#2862=ORIENTED_EDGE('',*,*,#2305,.T.);
#2863=ORIENTED_EDGE('',*,*,#2288,.T.);
#2864=ORIENTED_EDGE('',*,*,#2295,.T.);
#2865=ORIENTED_EDGE('',*,*,#2292,.T.);
#2866=ORIENTED_EDGE('',*,*,#2289,.F.);
#2867=ORIENTED_EDGE('',*,*,#2305,.F.);
#2868=ORIENTED_EDGE('',*,*,#2302,.F.);
#2869=ORIENTED_EDGE('',*,*,#2306,.F.);
#2870=ORIENTED_EDGE('',*,*,#2298,.F.);
#2871=ORIENTED_EDGE('',*,*,#2307,.F.);
#2872=ORIENTED_EDGE('',*,*,#2308,.F.);
#2873=ORIENTED_EDGE('',*,*,#2309,.F.);
#2874=ORIENTED_EDGE('',*,*,#2310,.T.);
#2875=ORIENTED_EDGE('',*,*,#2311,.F.);
#2876=ORIENTED_EDGE('',*,*,#2310,.F.);
#2877=ORIENTED_EDGE('',*,*,#2312,.T.);
#2878=ORIENTED_EDGE('',*,*,#2313,.F.);
#2879=ORIENTED_EDGE('',*,*,#2314,.F.);
#2880=ORIENTED_EDGE('',*,*,#2315,.F.);
#2881=ORIENTED_EDGE('',*,*,#2316,.F.);
#2882=ORIENTED_EDGE('',*,*,#2317,.T.);
#2883=ORIENTED_EDGE('',*,*,#2318,.F.);
#2884=ORIENTED_EDGE('',*,*,#2317,.F.);
#2885=ORIENTED_EDGE('',*,*,#2319,.F.);
#2886=ORIENTED_EDGE('',*,*,#2308,.T.);
#2887=ORIENTED_EDGE('',*,*,#2320,.F.);
#2888=ORIENTED_EDGE('',*,*,#2321,.F.);
#2889=ORIENTED_EDGE('',*,*,#2322,.T.);
#2890=ORIENTED_EDGE('',*,*,#2323,.T.);
#2891=ORIENTED_EDGE('',*,*,#2324,.F.);
#2892=ORIENTED_EDGE('',*,*,#2323,.F.);
#2893=ORIENTED_EDGE('',*,*,#2325,.F.);
#2894=ORIENTED_EDGE('',*,*,#2326,.T.);
#2895=ORIENTED_EDGE('',*,*,#2327,.F.);
#2896=ORIENTED_EDGE('',*,*,#2328,.F.);
#2897=ORIENTED_EDGE('',*,*,#2326,.F.);
#2898=ORIENTED_EDGE('',*,*,#2329,.T.);
#2899=ORIENTED_EDGE('',*,*,#2330,.T.);
#2900=ORIENTED_EDGE('',*,*,#2331,.F.);
#2901=ORIENTED_EDGE('',*,*,#2330,.F.);
#2902=ORIENTED_EDGE('',*,*,#2332,.T.);
#2903=ORIENTED_EDGE('',*,*,#2333,.F.);
#2904=ORIENTED_EDGE('',*,*,#2334,.F.);
#2905=ORIENTED_EDGE('',*,*,#2335,.T.);
#2906=ORIENTED_EDGE('',*,*,#2336,.T.);
#2907=ORIENTED_EDGE('',*,*,#2337,.T.);
#2908=ORIENTED_EDGE('',*,*,#2338,.F.);
#2909=ORIENTED_EDGE('',*,*,#2337,.F.);
#2910=ORIENTED_EDGE('',*,*,#2339,.F.);
#2911=ORIENTED_EDGE('',*,*,#2340,.T.);
#2912=ORIENTED_EDGE('',*,*,#2341,.F.);
#2913=ORIENTED_EDGE('',*,*,#2340,.F.);
#2914=ORIENTED_EDGE('',*,*,#2342,.T.);
#2915=ORIENTED_EDGE('',*,*,#2321,.T.);
#2916=ORIENTED_EDGE('',*,*,#2343,.F.);
#2917=ORIENTED_EDGE('',*,*,#2332,.F.);
#2918=ORIENTED_EDGE('',*,*,#2329,.F.);
#2919=ORIENTED_EDGE('',*,*,#2325,.T.);
#2920=ORIENTED_EDGE('',*,*,#2322,.F.);
#2921=ORIENTED_EDGE('',*,*,#2342,.F.);
#2922=ORIENTED_EDGE('',*,*,#2339,.T.);
#2923=ORIENTED_EDGE('',*,*,#2336,.F.);
#2924=ORIENTED_EDGE('',*,*,#2300,.T.);
#2925=ORIENTED_EDGE('',*,*,#2304,.T.);
#2926=ORIENTED_EDGE('',*,*,#2287,.T.);
#2927=ORIENTED_EDGE('',*,*,#2291,.T.);
#2928=ORIENTED_EDGE('',*,*,#2294,.T.);
#2929=ORIENTED_EDGE('',*,*,#2297,.T.);
#2930=ORIENTED_EDGE('',*,*,#2344,.F.);
#2931=ORIENTED_EDGE('',*,*,#2345,.F.);
#2932=ORIENTED_EDGE('',*,*,#2346,.T.);
#2933=ORIENTED_EDGE('',*,*,#2347,.T.);
#2934=ORIENTED_EDGE('',*,*,#2348,.F.);
#2935=ORIENTED_EDGE('',*,*,#2349,.T.);
#2936=ORIENTED_EDGE('',*,*,#2350,.T.);
#2937=ORIENTED_EDGE('',*,*,#2351,.T.);
#2938=ORIENTED_EDGE('',*,*,#2352,.T.);
#2939=ORIENTED_EDGE('',*,*,#2352,.F.);
#2940=ORIENTED_EDGE('',*,*,#2353,.T.);
#2941=ORIENTED_EDGE('',*,*,#2354,.F.);
#2942=ORIENTED_EDGE('',*,*,#2355,.F.);
#2943=ORIENTED_EDGE('',*,*,#2335,.F.);
#2944=ORIENTED_EDGE('',*,*,#2356,.F.);
#2945=ORIENTED_EDGE('',*,*,#2346,.F.);
#2946=ORIENTED_EDGE('',*,*,#2357,.F.);
#2947=ORIENTED_EDGE('',*,*,#2358,.F.);
#2948=ORIENTED_EDGE('',*,*,#2359,.F.);
#2949=ORIENTED_EDGE('',*,*,#2360,.F.);
#2950=ORIENTED_EDGE('',*,*,#2361,.T.);
#2951=ORIENTED_EDGE('',*,*,#2362,.F.);
#2952=ORIENTED_EDGE('',*,*,#2363,.T.);
#2953=ORIENTED_EDGE('',*,*,#2364,.F.);
#2954=ORIENTED_EDGE('',*,*,#2365,.T.);
#2955=ORIENTED_EDGE('',*,*,#2366,.F.);
#2956=ORIENTED_EDGE('',*,*,#2367,.T.);
#2957=ORIENTED_EDGE('',*,*,#2368,.F.);
#2958=ORIENTED_EDGE('',*,*,#2353,.F.);
#2959=ORIENTED_EDGE('',*,*,#2351,.F.);
#2960=ORIENTED_EDGE('',*,*,#2369,.T.);
#2961=ORIENTED_EDGE('',*,*,#2370,.F.);
#2962=ORIENTED_EDGE('',*,*,#2371,.T.);
#2963=ORIENTED_EDGE('',*,*,#2372,.F.);
#2964=ORIENTED_EDGE('',*,*,#2373,.F.);
#2965=ORIENTED_EDGE('',*,*,#2374,.F.);
#2966=ORIENTED_EDGE('',*,*,#2375,.T.);
#2967=ORIENTED_EDGE('',*,*,#2376,.T.);
#2968=ORIENTED_EDGE('',*,*,#2333,.T.);
#2969=ORIENTED_EDGE('',*,*,#2343,.T.);
#2970=ORIENTED_EDGE('',*,*,#2286,.T.);
#2971=ORIENTED_EDGE('',*,*,#2377,.T.);
#2972=ORIENTED_EDGE('',*,*,#2354,.T.);
#2973=ORIENTED_EDGE('',*,*,#2368,.T.);
#2974=ORIENTED_EDGE('',*,*,#2378,.T.);
#2975=ORIENTED_EDGE('',*,*,#2378,.F.);
#2976=ORIENTED_EDGE('',*,*,#2367,.F.);
#2977=ORIENTED_EDGE('',*,*,#2379,.F.);
#2978=ORIENTED_EDGE('',*,*,#2380,.F.);
#2979=ORIENTED_EDGE('',*,*,#2381,.T.);
#2980=ORIENTED_EDGE('',*,*,#2379,.T.);
#2981=ORIENTED_EDGE('',*,*,#2366,.T.);
#2982=ORIENTED_EDGE('',*,*,#2382,.T.);
#2983=ORIENTED_EDGE('',*,*,#2382,.F.);
#2984=ORIENTED_EDGE('',*,*,#2365,.F.);
#2985=ORIENTED_EDGE('',*,*,#2383,.F.);
#2986=ORIENTED_EDGE('',*,*,#2384,.F.);
#2987=ORIENTED_EDGE('',*,*,#2385,.T.);
#2988=ORIENTED_EDGE('',*,*,#2383,.T.);
#2989=ORIENTED_EDGE('',*,*,#2364,.T.);
#2990=ORIENTED_EDGE('',*,*,#2386,.T.);
#2991=ORIENTED_EDGE('',*,*,#2386,.F.);
#2992=ORIENTED_EDGE('',*,*,#2363,.F.);
#2993=ORIENTED_EDGE('',*,*,#2387,.T.);
#2994=ORIENTED_EDGE('',*,*,#2388,.F.);
#2995=ORIENTED_EDGE('',*,*,#2389,.T.);
#2996=ORIENTED_EDGE('',*,*,#2390,.T.);
#2997=ORIENTED_EDGE('',*,*,#2373,.T.);
#2998=ORIENTED_EDGE('',*,*,#2391,.T.);
#2999=ORIENTED_EDGE('',*,*,#2391,.F.);
#3000=ORIENTED_EDGE('',*,*,#2372,.T.);
#3001=ORIENTED_EDGE('',*,*,#2392,.T.);
#3002=ORIENTED_EDGE('',*,*,#2393,.F.);
#3003=ORIENTED_EDGE('',*,*,#2394,.T.);
#3004=ORIENTED_EDGE('',*,*,#2395,.T.);
#3005=ORIENTED_EDGE('',*,*,#2359,.T.);
#3006=ORIENTED_EDGE('',*,*,#2396,.T.);
#3007=ORIENTED_EDGE('',*,*,#2395,.F.);
#3008=ORIENTED_EDGE('',*,*,#2397,.F.);
#3009=ORIENTED_EDGE('',*,*,#2398,.F.);
#3010=ORIENTED_EDGE('',*,*,#2360,.T.);
#3011=ORIENTED_EDGE('',*,*,#2361,.F.);
#3012=ORIENTED_EDGE('',*,*,#2398,.T.);
#3013=ORIENTED_EDGE('',*,*,#2399,.F.);
#3014=ORIENTED_EDGE('',*,*,#2400,.F.);
#3015=ORIENTED_EDGE('',*,*,#2362,.T.);
#3016=ORIENTED_EDGE('',*,*,#2400,.T.);
#3017=ORIENTED_EDGE('',*,*,#2401,.F.);
#3018=ORIENTED_EDGE('',*,*,#2387,.F.);
#3019=ORIENTED_EDGE('',*,*,#2350,.F.);
#3020=ORIENTED_EDGE('',*,*,#2402,.F.);
#3021=ORIENTED_EDGE('',*,*,#2403,.F.);
#3022=ORIENTED_EDGE('',*,*,#2369,.F.);
#3023=ORIENTED_EDGE('',*,*,#2370,.T.);
#3024=ORIENTED_EDGE('',*,*,#2403,.T.);
#3025=ORIENTED_EDGE('',*,*,#2404,.F.);
#3026=ORIENTED_EDGE('',*,*,#2405,.F.);
#3027=ORIENTED_EDGE('',*,*,#2371,.F.);
#3028=ORIENTED_EDGE('',*,*,#2405,.T.);
#3029=ORIENTED_EDGE('',*,*,#2406,.F.);
#3030=ORIENTED_EDGE('',*,*,#2392,.F.);
#3031=ORIENTED_EDGE('',*,*,#2390,.F.);
#3032=ORIENTED_EDGE('',*,*,#2407,.F.);
#3033=ORIENTED_EDGE('',*,*,#2312,.F.);
#3034=ORIENTED_EDGE('',*,*,#2309,.T.);
#3035=ORIENTED_EDGE('',*,*,#2319,.T.);
#3036=ORIENTED_EDGE('',*,*,#2316,.T.);
#3037=ORIENTED_EDGE('',*,*,#2408,.F.);
#3038=ORIENTED_EDGE('',*,*,#2374,.T.);
#3039=ORIENTED_EDGE('',*,*,#2315,.T.);
#3040=ORIENTED_EDGE('',*,*,#2409,.F.);
#3041=ORIENTED_EDGE('',*,*,#2375,.F.);
#3042=ORIENTED_EDGE('',*,*,#2408,.T.);
#3043=ORIENTED_EDGE('',*,*,#2311,.T.);
#3044=ORIENTED_EDGE('',*,*,#2410,.F.);
#3045=ORIENTED_EDGE('',*,*,#2411,.F.);
#3046=ORIENTED_EDGE('',*,*,#2327,.T.);
#3047=ORIENTED_EDGE('',*,*,#2328,.T.);
#3048=ORIENTED_EDGE('',*,*,#2331,.T.);
#3049=ORIENTED_EDGE('',*,*,#2376,.F.);
#3050=ORIENTED_EDGE('',*,*,#2409,.T.);
#3051=ORIENTED_EDGE('',*,*,#2314,.T.);
#3052=ORIENTED_EDGE('',*,*,#2318,.T.);
#3053=ORIENTED_EDGE('',*,*,#2307,.T.);
#3054=ORIENTED_EDGE('',*,*,#2324,.T.);
#3055=ORIENTED_EDGE('',*,*,#2411,.T.);
#3056=ORIENTED_EDGE('',*,*,#2412,.F.);
#3057=ORIENTED_EDGE('',*,*,#2347,.F.);
#3058=ORIENTED_EDGE('',*,*,#2356,.T.);
#3059=ORIENTED_EDGE('',*,*,#2334,.T.);
#3060=ORIENTED_EDGE('',*,*,#2338,.T.);
#3061=ORIENTED_EDGE('',*,*,#2341,.T.);
#3062=ORIENTED_EDGE('',*,*,#2320,.T.);
#3063=ORIENTED_EDGE('',*,*,#2357,.T.);
#3064=ORIENTED_EDGE('',*,*,#2345,.T.);
#3065=ORIENTED_EDGE('',*,*,#2413,.F.);
#3066=ORIENTED_EDGE('',*,*,#2414,.F.);
#3067=ORIENTED_EDGE('',*,*,#2396,.F.);
#3068=ORIENTED_EDGE('',*,*,#2358,.T.);
#3069=ORIENTED_EDGE('',*,*,#2414,.T.);
#3070=ORIENTED_EDGE('',*,*,#2415,.F.);
#3071=ORIENTED_EDGE('',*,*,#2301,.F.);
#3072=ORIENTED_EDGE('',*,*,#2348,.T.);
#3073=ORIENTED_EDGE('',*,*,#2412,.T.);
#3074=ORIENTED_EDGE('',*,*,#2410,.T.);
#3075=ORIENTED_EDGE('',*,*,#2313,.T.);
#3076=ORIENTED_EDGE('',*,*,#2407,.T.);
#3077=ORIENTED_EDGE('',*,*,#2389,.F.);
#3078=ORIENTED_EDGE('',*,*,#2393,.T.);
#3079=ORIENTED_EDGE('',*,*,#2406,.T.);
#3080=ORIENTED_EDGE('',*,*,#2404,.T.);
#3081=ORIENTED_EDGE('',*,*,#2402,.T.);
#3082=ORIENTED_EDGE('',*,*,#2349,.F.);
#3083=ORIENTED_EDGE('',*,*,#2355,.T.);
#3084=ORIENTED_EDGE('',*,*,#2377,.F.);
#3085=ORIENTED_EDGE('',*,*,#2380,.T.);
#3086=ORIENTED_EDGE('',*,*,#2381,.F.);
#3087=ORIENTED_EDGE('',*,*,#2384,.T.);
#3088=ORIENTED_EDGE('',*,*,#2385,.F.);
#3089=ORIENTED_EDGE('',*,*,#2388,.T.);
#3090=ORIENTED_EDGE('',*,*,#2401,.T.);
#3091=ORIENTED_EDGE('',*,*,#2399,.T.);
#3092=ORIENTED_EDGE('',*,*,#2397,.T.);
#3093=ORIENTED_EDGE('',*,*,#2394,.F.);
#3094=ORIENTED_EDGE('',*,*,#2415,.T.);
#3095=ORIENTED_EDGE('',*,*,#2413,.T.);
#3096=ORIENTED_EDGE('',*,*,#2344,.T.);
#3097=ORIENTED_EDGE('',*,*,#2299,.T.);
#3098=ORIENTED_EDGE('',*,*,#2306,.T.);
#3099=ORIENTED_EDGE('',*,*,#2284,.T.);
#3100=ORIENTED_EDGE('',*,*,#2416,.F.);
#3101=ORIENTED_EDGE('',*,*,#2417,.T.);
#3102=ORIENTED_EDGE('',*,*,#2418,.F.);
#3103=ORIENTED_EDGE('',*,*,#2419,.F.);
#3104=ORIENTED_EDGE('',*,*,#2420,.T.);
#3105=ORIENTED_EDGE('',*,*,#2419,.T.);
#3106=ORIENTED_EDGE('',*,*,#2421,.F.);
#3107=ORIENTED_EDGE('',*,*,#2422,.F.);
#3108=ORIENTED_EDGE('',*,*,#2423,.T.);
#3109=ORIENTED_EDGE('',*,*,#2422,.T.);
#3110=ORIENTED_EDGE('',*,*,#2424,.F.);
#3111=ORIENTED_EDGE('',*,*,#2425,.F.);
#3112=ORIENTED_EDGE('',*,*,#2426,.F.);
#3113=ORIENTED_EDGE('',*,*,#2425,.T.);
#3114=ORIENTED_EDGE('',*,*,#2427,.F.);
#3115=ORIENTED_EDGE('',*,*,#2417,.F.);
#3116=ORIENTED_EDGE('',*,*,#2426,.T.);
#3117=ORIENTED_EDGE('',*,*,#2416,.T.);
#3118=ORIENTED_EDGE('',*,*,#2420,.F.);
#3119=ORIENTED_EDGE('',*,*,#2423,.F.);
#3120=ORIENTED_EDGE('',*,*,#2427,.T.);
#3121=ORIENTED_EDGE('',*,*,#2424,.T.);
#3122=ORIENTED_EDGE('',*,*,#2421,.T.);
#3123=ORIENTED_EDGE('',*,*,#2418,.T.);
#3124=ORIENTED_EDGE('',*,*,#2428,.F.);
#3125=ORIENTED_EDGE('',*,*,#2429,.T.);
#3126=ORIENTED_EDGE('',*,*,#2430,.F.);
#3127=ORIENTED_EDGE('',*,*,#2431,.F.);
#3128=ORIENTED_EDGE('',*,*,#2432,.T.);
#3129=ORIENTED_EDGE('',*,*,#2431,.T.);
#3130=ORIENTED_EDGE('',*,*,#2433,.F.);
#3131=ORIENTED_EDGE('',*,*,#2434,.F.);
#3132=ORIENTED_EDGE('',*,*,#2435,.T.);
#3133=ORIENTED_EDGE('',*,*,#2434,.T.);
#3134=ORIENTED_EDGE('',*,*,#2436,.F.);
#3135=ORIENTED_EDGE('',*,*,#2437,.F.);
#3136=ORIENTED_EDGE('',*,*,#2438,.F.);
#3137=ORIENTED_EDGE('',*,*,#2437,.T.);
#3138=ORIENTED_EDGE('',*,*,#2439,.F.);
#3139=ORIENTED_EDGE('',*,*,#2429,.F.);
#3140=ORIENTED_EDGE('',*,*,#2438,.T.);
#3141=ORIENTED_EDGE('',*,*,#2428,.T.);
#3142=ORIENTED_EDGE('',*,*,#2432,.F.);
#3143=ORIENTED_EDGE('',*,*,#2435,.F.);
#3144=ORIENTED_EDGE('',*,*,#2439,.T.);
#3145=ORIENTED_EDGE('',*,*,#2436,.T.);
#3146=ORIENTED_EDGE('',*,*,#2433,.T.);
#3147=ORIENTED_EDGE('',*,*,#2430,.T.);
#3148=ORIENTED_EDGE('',*,*,#2440,.F.);
#3149=ORIENTED_EDGE('',*,*,#2441,.T.);
#3150=ORIENTED_EDGE('',*,*,#2442,.F.);
#3151=ORIENTED_EDGE('',*,*,#2443,.F.);
#3152=ORIENTED_EDGE('',*,*,#2444,.T.);
#3153=ORIENTED_EDGE('',*,*,#2443,.T.);
#3154=ORIENTED_EDGE('',*,*,#2445,.F.);
#3155=ORIENTED_EDGE('',*,*,#2446,.F.);
#3156=ORIENTED_EDGE('',*,*,#2447,.T.);
#3157=ORIENTED_EDGE('',*,*,#2446,.T.);
#3158=ORIENTED_EDGE('',*,*,#2448,.F.);
#3159=ORIENTED_EDGE('',*,*,#2449,.F.);
#3160=ORIENTED_EDGE('',*,*,#2450,.F.);
#3161=ORIENTED_EDGE('',*,*,#2449,.T.);
#3162=ORIENTED_EDGE('',*,*,#2451,.F.);
#3163=ORIENTED_EDGE('',*,*,#2441,.F.);
#3164=ORIENTED_EDGE('',*,*,#2450,.T.);
#3165=ORIENTED_EDGE('',*,*,#2440,.T.);
#3166=ORIENTED_EDGE('',*,*,#2444,.F.);
#3167=ORIENTED_EDGE('',*,*,#2447,.F.);
#3168=ORIENTED_EDGE('',*,*,#2451,.T.);
#3169=ORIENTED_EDGE('',*,*,#2448,.T.);
#3170=ORIENTED_EDGE('',*,*,#2445,.T.);
#3171=ORIENTED_EDGE('',*,*,#2442,.T.);
#3172=ORIENTED_EDGE('',*,*,#2452,.F.);
#3173=ORIENTED_EDGE('',*,*,#2453,.T.);
#3174=ORIENTED_EDGE('',*,*,#2454,.F.);
#3175=ORIENTED_EDGE('',*,*,#2455,.F.);
#3176=ORIENTED_EDGE('',*,*,#2456,.T.);
#3177=ORIENTED_EDGE('',*,*,#2455,.T.);
#3178=ORIENTED_EDGE('',*,*,#2457,.F.);
#3179=ORIENTED_EDGE('',*,*,#2458,.F.);
#3180=ORIENTED_EDGE('',*,*,#2459,.T.);
#3181=ORIENTED_EDGE('',*,*,#2458,.T.);
#3182=ORIENTED_EDGE('',*,*,#2460,.F.);
#3183=ORIENTED_EDGE('',*,*,#2461,.F.);
#3184=ORIENTED_EDGE('',*,*,#2462,.F.);
#3185=ORIENTED_EDGE('',*,*,#2461,.T.);
#3186=ORIENTED_EDGE('',*,*,#2463,.F.);
#3187=ORIENTED_EDGE('',*,*,#2453,.F.);
#3188=ORIENTED_EDGE('',*,*,#2462,.T.);
#3189=ORIENTED_EDGE('',*,*,#2452,.T.);
#3190=ORIENTED_EDGE('',*,*,#2456,.F.);
#3191=ORIENTED_EDGE('',*,*,#2459,.F.);
#3192=ORIENTED_EDGE('',*,*,#2463,.T.);
#3193=ORIENTED_EDGE('',*,*,#2460,.T.);
#3194=ORIENTED_EDGE('',*,*,#2457,.T.);
#3195=ORIENTED_EDGE('',*,*,#2454,.T.);
#3196=ORIENTED_EDGE('',*,*,#2464,.F.);
#3197=ORIENTED_EDGE('',*,*,#2465,.T.);
#3198=ORIENTED_EDGE('',*,*,#2466,.F.);
#3199=ORIENTED_EDGE('',*,*,#2467,.F.);
#3200=ORIENTED_EDGE('',*,*,#2468,.T.);
#3201=ORIENTED_EDGE('',*,*,#2467,.T.);
#3202=ORIENTED_EDGE('',*,*,#2469,.F.);
#3203=ORIENTED_EDGE('',*,*,#2470,.F.);
#3204=ORIENTED_EDGE('',*,*,#2471,.T.);
#3205=ORIENTED_EDGE('',*,*,#2470,.T.);
#3206=ORIENTED_EDGE('',*,*,#2472,.F.);
#3207=ORIENTED_EDGE('',*,*,#2473,.F.);
#3208=ORIENTED_EDGE('',*,*,#2474,.F.);
#3209=ORIENTED_EDGE('',*,*,#2473,.T.);
#3210=ORIENTED_EDGE('',*,*,#2475,.F.);
#3211=ORIENTED_EDGE('',*,*,#2465,.F.);
#3212=ORIENTED_EDGE('',*,*,#2474,.T.);
#3213=ORIENTED_EDGE('',*,*,#2464,.T.);
#3214=ORIENTED_EDGE('',*,*,#2468,.F.);
#3215=ORIENTED_EDGE('',*,*,#2471,.F.);
#3216=ORIENTED_EDGE('',*,*,#2475,.T.);
#3217=ORIENTED_EDGE('',*,*,#2472,.T.);
#3218=ORIENTED_EDGE('',*,*,#2469,.T.);
#3219=ORIENTED_EDGE('',*,*,#2466,.T.);
#3220=ORIENTED_EDGE('',*,*,#2476,.F.);
#3221=ORIENTED_EDGE('',*,*,#2477,.T.);
#3222=ORIENTED_EDGE('',*,*,#2478,.F.);
#3223=ORIENTED_EDGE('',*,*,#2479,.F.);
#3224=ORIENTED_EDGE('',*,*,#2480,.T.);
#3225=ORIENTED_EDGE('',*,*,#2479,.T.);
#3226=ORIENTED_EDGE('',*,*,#2481,.F.);
#3227=ORIENTED_EDGE('',*,*,#2482,.F.);
#3228=ORIENTED_EDGE('',*,*,#2483,.T.);
#3229=ORIENTED_EDGE('',*,*,#2482,.T.);
#3230=ORIENTED_EDGE('',*,*,#2484,.F.);
#3231=ORIENTED_EDGE('',*,*,#2485,.F.);
#3232=ORIENTED_EDGE('',*,*,#2486,.F.);
#3233=ORIENTED_EDGE('',*,*,#2485,.T.);
#3234=ORIENTED_EDGE('',*,*,#2487,.F.);
#3235=ORIENTED_EDGE('',*,*,#2477,.F.);
#3236=ORIENTED_EDGE('',*,*,#2486,.T.);
#3237=ORIENTED_EDGE('',*,*,#2476,.T.);
#3238=ORIENTED_EDGE('',*,*,#2480,.F.);
#3239=ORIENTED_EDGE('',*,*,#2483,.F.);
#3240=ORIENTED_EDGE('',*,*,#2487,.T.);
#3241=ORIENTED_EDGE('',*,*,#2484,.T.);
#3242=ORIENTED_EDGE('',*,*,#2481,.T.);
#3243=ORIENTED_EDGE('',*,*,#2478,.T.);
#3244=ORIENTED_EDGE('',*,*,#2488,.F.);
#3245=ORIENTED_EDGE('',*,*,#2489,.T.);
#3246=ORIENTED_EDGE('',*,*,#2490,.F.);
#3247=ORIENTED_EDGE('',*,*,#2491,.F.);
#3248=ORIENTED_EDGE('',*,*,#2492,.T.);
#3249=ORIENTED_EDGE('',*,*,#2491,.T.);
#3250=ORIENTED_EDGE('',*,*,#2493,.F.);
#3251=ORIENTED_EDGE('',*,*,#2494,.F.);
#3252=ORIENTED_EDGE('',*,*,#2495,.T.);
#3253=ORIENTED_EDGE('',*,*,#2494,.T.);
#3254=ORIENTED_EDGE('',*,*,#2496,.F.);
#3255=ORIENTED_EDGE('',*,*,#2497,.F.);
#3256=ORIENTED_EDGE('',*,*,#2498,.F.);
#3257=ORIENTED_EDGE('',*,*,#2497,.T.);
#3258=ORIENTED_EDGE('',*,*,#2499,.F.);
#3259=ORIENTED_EDGE('',*,*,#2489,.F.);
#3260=ORIENTED_EDGE('',*,*,#2498,.T.);
#3261=ORIENTED_EDGE('',*,*,#2488,.T.);
#3262=ORIENTED_EDGE('',*,*,#2492,.F.);
#3263=ORIENTED_EDGE('',*,*,#2495,.F.);
#3264=ORIENTED_EDGE('',*,*,#2499,.T.);
#3265=ORIENTED_EDGE('',*,*,#2496,.T.);
#3266=ORIENTED_EDGE('',*,*,#2493,.T.);
#3267=ORIENTED_EDGE('',*,*,#2490,.T.);
#3268=ORIENTED_EDGE('',*,*,#2500,.F.);
#3269=ORIENTED_EDGE('',*,*,#2501,.T.);
#3270=ORIENTED_EDGE('',*,*,#2502,.F.);
#3271=ORIENTED_EDGE('',*,*,#2503,.F.);
#3272=ORIENTED_EDGE('',*,*,#2504,.T.);
#3273=ORIENTED_EDGE('',*,*,#2503,.T.);
#3274=ORIENTED_EDGE('',*,*,#2505,.F.);
#3275=ORIENTED_EDGE('',*,*,#2506,.F.);
#3276=ORIENTED_EDGE('',*,*,#2507,.T.);
#3277=ORIENTED_EDGE('',*,*,#2506,.T.);
#3278=ORIENTED_EDGE('',*,*,#2508,.F.);
#3279=ORIENTED_EDGE('',*,*,#2509,.F.);
#3280=ORIENTED_EDGE('',*,*,#2510,.F.);
#3281=ORIENTED_EDGE('',*,*,#2509,.T.);
#3282=ORIENTED_EDGE('',*,*,#2511,.F.);
#3283=ORIENTED_EDGE('',*,*,#2501,.F.);
#3284=ORIENTED_EDGE('',*,*,#2510,.T.);
#3285=ORIENTED_EDGE('',*,*,#2500,.T.);
#3286=ORIENTED_EDGE('',*,*,#2504,.F.);
#3287=ORIENTED_EDGE('',*,*,#2507,.F.);
#3288=ORIENTED_EDGE('',*,*,#2511,.T.);
#3289=ORIENTED_EDGE('',*,*,#2508,.T.);
#3290=ORIENTED_EDGE('',*,*,#2505,.T.);
#3291=ORIENTED_EDGE('',*,*,#2502,.T.);
#3292=ORIENTED_EDGE('',*,*,#2512,.F.);
#3293=ORIENTED_EDGE('',*,*,#2513,.T.);
#3294=ORIENTED_EDGE('',*,*,#2514,.F.);
#3295=ORIENTED_EDGE('',*,*,#2515,.F.);
#3296=ORIENTED_EDGE('',*,*,#2516,.T.);
#3297=ORIENTED_EDGE('',*,*,#2515,.T.);
#3298=ORIENTED_EDGE('',*,*,#2517,.F.);
#3299=ORIENTED_EDGE('',*,*,#2518,.F.);
#3300=ORIENTED_EDGE('',*,*,#2519,.T.);
#3301=ORIENTED_EDGE('',*,*,#2518,.T.);
#3302=ORIENTED_EDGE('',*,*,#2520,.F.);
#3303=ORIENTED_EDGE('',*,*,#2521,.F.);
#3304=ORIENTED_EDGE('',*,*,#2522,.F.);
#3305=ORIENTED_EDGE('',*,*,#2521,.T.);
#3306=ORIENTED_EDGE('',*,*,#2523,.F.);
#3307=ORIENTED_EDGE('',*,*,#2513,.F.);
#3308=ORIENTED_EDGE('',*,*,#2522,.T.);
#3309=ORIENTED_EDGE('',*,*,#2512,.T.);
#3310=ORIENTED_EDGE('',*,*,#2516,.F.);
#3311=ORIENTED_EDGE('',*,*,#2519,.F.);
#3312=ORIENTED_EDGE('',*,*,#2523,.T.);
#3313=ORIENTED_EDGE('',*,*,#2520,.T.);
#3314=ORIENTED_EDGE('',*,*,#2517,.T.);
#3315=ORIENTED_EDGE('',*,*,#2514,.T.);
#3316=ORIENTED_EDGE('',*,*,#2524,.F.);
#3317=ORIENTED_EDGE('',*,*,#2525,.T.);
#3318=ORIENTED_EDGE('',*,*,#2526,.F.);
#3319=ORIENTED_EDGE('',*,*,#2527,.F.);
#3320=ORIENTED_EDGE('',*,*,#2528,.T.);
#3321=ORIENTED_EDGE('',*,*,#2527,.T.);
#3322=ORIENTED_EDGE('',*,*,#2529,.F.);
#3323=ORIENTED_EDGE('',*,*,#2530,.F.);
#3324=ORIENTED_EDGE('',*,*,#2531,.T.);
#3325=ORIENTED_EDGE('',*,*,#2530,.T.);
#3326=ORIENTED_EDGE('',*,*,#2532,.F.);
#3327=ORIENTED_EDGE('',*,*,#2533,.F.);
#3328=ORIENTED_EDGE('',*,*,#2534,.F.);
#3329=ORIENTED_EDGE('',*,*,#2533,.T.);
#3330=ORIENTED_EDGE('',*,*,#2535,.F.);
#3331=ORIENTED_EDGE('',*,*,#2525,.F.);
#3332=ORIENTED_EDGE('',*,*,#2534,.T.);
#3333=ORIENTED_EDGE('',*,*,#2524,.T.);
#3334=ORIENTED_EDGE('',*,*,#2528,.F.);
#3335=ORIENTED_EDGE('',*,*,#2531,.F.);
#3336=ORIENTED_EDGE('',*,*,#2535,.T.);
#3337=ORIENTED_EDGE('',*,*,#2532,.T.);
#3338=ORIENTED_EDGE('',*,*,#2529,.T.);
#3339=ORIENTED_EDGE('',*,*,#2526,.T.);
#3340=ORIENTED_EDGE('',*,*,#2536,.F.);
#3341=ORIENTED_EDGE('',*,*,#2537,.T.);
#3342=ORIENTED_EDGE('',*,*,#2538,.F.);
#3343=ORIENTED_EDGE('',*,*,#2539,.F.);
#3344=ORIENTED_EDGE('',*,*,#2540,.T.);
#3345=ORIENTED_EDGE('',*,*,#2539,.T.);
#3346=ORIENTED_EDGE('',*,*,#2541,.F.);
#3347=ORIENTED_EDGE('',*,*,#2542,.F.);
#3348=ORIENTED_EDGE('',*,*,#2543,.T.);
#3349=ORIENTED_EDGE('',*,*,#2542,.T.);
#3350=ORIENTED_EDGE('',*,*,#2544,.F.);
#3351=ORIENTED_EDGE('',*,*,#2545,.F.);
#3352=ORIENTED_EDGE('',*,*,#2546,.F.);
#3353=ORIENTED_EDGE('',*,*,#2545,.T.);
#3354=ORIENTED_EDGE('',*,*,#2547,.F.);
#3355=ORIENTED_EDGE('',*,*,#2537,.F.);
#3356=ORIENTED_EDGE('',*,*,#2546,.T.);
#3357=ORIENTED_EDGE('',*,*,#2536,.T.);
#3358=ORIENTED_EDGE('',*,*,#2540,.F.);
#3359=ORIENTED_EDGE('',*,*,#2543,.F.);
#3360=ORIENTED_EDGE('',*,*,#2547,.T.);
#3361=ORIENTED_EDGE('',*,*,#2544,.T.);
#3362=ORIENTED_EDGE('',*,*,#2541,.T.);
#3363=ORIENTED_EDGE('',*,*,#2538,.T.);
#3364=ORIENTED_EDGE('',*,*,#2548,.F.);
#3365=ORIENTED_EDGE('',*,*,#2549,.T.);
#3366=ORIENTED_EDGE('',*,*,#2550,.F.);
#3367=ORIENTED_EDGE('',*,*,#2551,.F.);
#3368=ORIENTED_EDGE('',*,*,#2552,.T.);
#3369=ORIENTED_EDGE('',*,*,#2551,.T.);
#3370=ORIENTED_EDGE('',*,*,#2553,.F.);
#3371=ORIENTED_EDGE('',*,*,#2554,.F.);
#3372=ORIENTED_EDGE('',*,*,#2555,.T.);
#3373=ORIENTED_EDGE('',*,*,#2554,.T.);
#3374=ORIENTED_EDGE('',*,*,#2556,.F.);
#3375=ORIENTED_EDGE('',*,*,#2557,.F.);
#3376=ORIENTED_EDGE('',*,*,#2558,.F.);
#3377=ORIENTED_EDGE('',*,*,#2557,.T.);
#3378=ORIENTED_EDGE('',*,*,#2559,.F.);
#3379=ORIENTED_EDGE('',*,*,#2549,.F.);
#3380=ORIENTED_EDGE('',*,*,#2558,.T.);
#3381=ORIENTED_EDGE('',*,*,#2548,.T.);
#3382=ORIENTED_EDGE('',*,*,#2552,.F.);
#3383=ORIENTED_EDGE('',*,*,#2555,.F.);
#3384=ORIENTED_EDGE('',*,*,#2559,.T.);
#3385=ORIENTED_EDGE('',*,*,#2556,.T.);
#3386=ORIENTED_EDGE('',*,*,#2553,.T.);
#3387=ORIENTED_EDGE('',*,*,#2550,.T.);
#3388=ORIENTED_EDGE('',*,*,#2560,.F.);
#3389=ORIENTED_EDGE('',*,*,#2561,.T.);
#3390=ORIENTED_EDGE('',*,*,#2562,.F.);
#3391=ORIENTED_EDGE('',*,*,#2563,.F.);
#3392=ORIENTED_EDGE('',*,*,#2564,.T.);
#3393=ORIENTED_EDGE('',*,*,#2563,.T.);
#3394=ORIENTED_EDGE('',*,*,#2565,.F.);
#3395=ORIENTED_EDGE('',*,*,#2566,.F.);
#3396=ORIENTED_EDGE('',*,*,#2567,.T.);
#3397=ORIENTED_EDGE('',*,*,#2566,.T.);
#3398=ORIENTED_EDGE('',*,*,#2568,.F.);
#3399=ORIENTED_EDGE('',*,*,#2569,.F.);
#3400=ORIENTED_EDGE('',*,*,#2570,.F.);
#3401=ORIENTED_EDGE('',*,*,#2569,.T.);
#3402=ORIENTED_EDGE('',*,*,#2571,.F.);
#3403=ORIENTED_EDGE('',*,*,#2561,.F.);
#3404=ORIENTED_EDGE('',*,*,#2570,.T.);
#3405=ORIENTED_EDGE('',*,*,#2560,.T.);
#3406=ORIENTED_EDGE('',*,*,#2564,.F.);
#3407=ORIENTED_EDGE('',*,*,#2567,.F.);
#3408=ORIENTED_EDGE('',*,*,#2571,.T.);
#3409=ORIENTED_EDGE('',*,*,#2568,.T.);
#3410=ORIENTED_EDGE('',*,*,#2565,.T.);
#3411=ORIENTED_EDGE('',*,*,#2562,.T.);
#3412=ORIENTED_EDGE('',*,*,#2572,.F.);
#3413=ORIENTED_EDGE('',*,*,#2573,.T.);
#3414=ORIENTED_EDGE('',*,*,#2574,.F.);
#3415=ORIENTED_EDGE('',*,*,#2575,.F.);
#3416=ORIENTED_EDGE('',*,*,#2576,.T.);
#3417=ORIENTED_EDGE('',*,*,#2575,.T.);
#3418=ORIENTED_EDGE('',*,*,#2577,.F.);
#3419=ORIENTED_EDGE('',*,*,#2578,.F.);
#3420=ORIENTED_EDGE('',*,*,#2579,.T.);
#3421=ORIENTED_EDGE('',*,*,#2578,.T.);
#3422=ORIENTED_EDGE('',*,*,#2580,.F.);
#3423=ORIENTED_EDGE('',*,*,#2581,.F.);
#3424=ORIENTED_EDGE('',*,*,#2582,.F.);
#3425=ORIENTED_EDGE('',*,*,#2581,.T.);
#3426=ORIENTED_EDGE('',*,*,#2583,.F.);
#3427=ORIENTED_EDGE('',*,*,#2573,.F.);
#3428=ORIENTED_EDGE('',*,*,#2582,.T.);
#3429=ORIENTED_EDGE('',*,*,#2572,.T.);
#3430=ORIENTED_EDGE('',*,*,#2576,.F.);
#3431=ORIENTED_EDGE('',*,*,#2579,.F.);
#3432=ORIENTED_EDGE('',*,*,#2583,.T.);
#3433=ORIENTED_EDGE('',*,*,#2580,.T.);
#3434=ORIENTED_EDGE('',*,*,#2577,.T.);
#3435=ORIENTED_EDGE('',*,*,#2574,.T.);
#3436=ORIENTED_EDGE('',*,*,#2584,.F.);
#3437=ORIENTED_EDGE('',*,*,#2585,.T.);
#3438=ORIENTED_EDGE('',*,*,#2586,.F.);
#3439=ORIENTED_EDGE('',*,*,#2587,.F.);
#3440=ORIENTED_EDGE('',*,*,#2588,.T.);
#3441=ORIENTED_EDGE('',*,*,#2587,.T.);
#3442=ORIENTED_EDGE('',*,*,#2589,.F.);
#3443=ORIENTED_EDGE('',*,*,#2590,.F.);
#3444=ORIENTED_EDGE('',*,*,#2591,.T.);
#3445=ORIENTED_EDGE('',*,*,#2590,.T.);
#3446=ORIENTED_EDGE('',*,*,#2592,.F.);
#3447=ORIENTED_EDGE('',*,*,#2593,.F.);
#3448=ORIENTED_EDGE('',*,*,#2594,.F.);
#3449=ORIENTED_EDGE('',*,*,#2593,.T.);
#3450=ORIENTED_EDGE('',*,*,#2595,.F.);
#3451=ORIENTED_EDGE('',*,*,#2585,.F.);
#3452=ORIENTED_EDGE('',*,*,#2594,.T.);
#3453=ORIENTED_EDGE('',*,*,#2584,.T.);
#3454=ORIENTED_EDGE('',*,*,#2588,.F.);
#3455=ORIENTED_EDGE('',*,*,#2591,.F.);
#3456=ORIENTED_EDGE('',*,*,#2595,.T.);
#3457=ORIENTED_EDGE('',*,*,#2592,.T.);
#3458=ORIENTED_EDGE('',*,*,#2589,.T.);
#3459=ORIENTED_EDGE('',*,*,#2586,.T.);
#3460=ORIENTED_EDGE('',*,*,#2596,.F.);
#3461=ORIENTED_EDGE('',*,*,#2597,.T.);
#3462=ORIENTED_EDGE('',*,*,#2598,.F.);
#3463=ORIENTED_EDGE('',*,*,#2599,.F.);
#3464=ORIENTED_EDGE('',*,*,#2600,.T.);
#3465=ORIENTED_EDGE('',*,*,#2599,.T.);
#3466=ORIENTED_EDGE('',*,*,#2601,.F.);
#3467=ORIENTED_EDGE('',*,*,#2602,.F.);
#3468=ORIENTED_EDGE('',*,*,#2603,.T.);
#3469=ORIENTED_EDGE('',*,*,#2602,.T.);
#3470=ORIENTED_EDGE('',*,*,#2604,.F.);
#3471=ORIENTED_EDGE('',*,*,#2605,.F.);
#3472=ORIENTED_EDGE('',*,*,#2606,.F.);
#3473=ORIENTED_EDGE('',*,*,#2605,.T.);
#3474=ORIENTED_EDGE('',*,*,#2607,.F.);
#3475=ORIENTED_EDGE('',*,*,#2597,.F.);
#3476=ORIENTED_EDGE('',*,*,#2606,.T.);
#3477=ORIENTED_EDGE('',*,*,#2596,.T.);
#3478=ORIENTED_EDGE('',*,*,#2600,.F.);
#3479=ORIENTED_EDGE('',*,*,#2603,.F.);
#3480=ORIENTED_EDGE('',*,*,#2607,.T.);
#3481=ORIENTED_EDGE('',*,*,#2604,.T.);
#3482=ORIENTED_EDGE('',*,*,#2601,.T.);
#3483=ORIENTED_EDGE('',*,*,#2598,.T.);
#3484=ORIENTED_EDGE('',*,*,#2608,.F.);
#3485=ORIENTED_EDGE('',*,*,#2609,.T.);
#3486=ORIENTED_EDGE('',*,*,#2610,.F.);
#3487=ORIENTED_EDGE('',*,*,#2611,.F.);
#3488=ORIENTED_EDGE('',*,*,#2612,.T.);
#3489=ORIENTED_EDGE('',*,*,#2611,.T.);
#3490=ORIENTED_EDGE('',*,*,#2613,.F.);
#3491=ORIENTED_EDGE('',*,*,#2614,.F.);
#3492=ORIENTED_EDGE('',*,*,#2615,.T.);
#3493=ORIENTED_EDGE('',*,*,#2614,.T.);
#3494=ORIENTED_EDGE('',*,*,#2616,.F.);
#3495=ORIENTED_EDGE('',*,*,#2617,.F.);
#3496=ORIENTED_EDGE('',*,*,#2618,.F.);
#3497=ORIENTED_EDGE('',*,*,#2617,.T.);
#3498=ORIENTED_EDGE('',*,*,#2619,.F.);
#3499=ORIENTED_EDGE('',*,*,#2609,.F.);
#3500=ORIENTED_EDGE('',*,*,#2618,.T.);
#3501=ORIENTED_EDGE('',*,*,#2608,.T.);
#3502=ORIENTED_EDGE('',*,*,#2612,.F.);
#3503=ORIENTED_EDGE('',*,*,#2615,.F.);
#3504=ORIENTED_EDGE('',*,*,#2619,.T.);
#3505=ORIENTED_EDGE('',*,*,#2616,.T.);
#3506=ORIENTED_EDGE('',*,*,#2613,.T.);
#3507=ORIENTED_EDGE('',*,*,#2610,.T.);
#3508=ORIENTED_EDGE('',*,*,#2620,.F.);
#3509=ORIENTED_EDGE('',*,*,#2621,.T.);
#3510=ORIENTED_EDGE('',*,*,#2622,.F.);
#3511=ORIENTED_EDGE('',*,*,#2623,.F.);
#3512=ORIENTED_EDGE('',*,*,#2624,.T.);
#3513=ORIENTED_EDGE('',*,*,#2623,.T.);
#3514=ORIENTED_EDGE('',*,*,#2625,.F.);
#3515=ORIENTED_EDGE('',*,*,#2626,.F.);
#3516=ORIENTED_EDGE('',*,*,#2627,.T.);
#3517=ORIENTED_EDGE('',*,*,#2626,.T.);
#3518=ORIENTED_EDGE('',*,*,#2628,.F.);
#3519=ORIENTED_EDGE('',*,*,#2629,.F.);
#3520=ORIENTED_EDGE('',*,*,#2630,.F.);
#3521=ORIENTED_EDGE('',*,*,#2629,.T.);
#3522=ORIENTED_EDGE('',*,*,#2631,.F.);
#3523=ORIENTED_EDGE('',*,*,#2621,.F.);
#3524=ORIENTED_EDGE('',*,*,#2630,.T.);
#3525=ORIENTED_EDGE('',*,*,#2620,.T.);
#3526=ORIENTED_EDGE('',*,*,#2624,.F.);
#3527=ORIENTED_EDGE('',*,*,#2627,.F.);
#3528=ORIENTED_EDGE('',*,*,#2631,.T.);
#3529=ORIENTED_EDGE('',*,*,#2628,.T.);
#3530=ORIENTED_EDGE('',*,*,#2625,.T.);
#3531=ORIENTED_EDGE('',*,*,#2622,.T.);
#3532=ORIENTED_EDGE('',*,*,#2632,.F.);
#3533=ORIENTED_EDGE('',*,*,#2633,.T.);
#3534=ORIENTED_EDGE('',*,*,#2634,.F.);
#3535=ORIENTED_EDGE('',*,*,#2635,.F.);
#3536=ORIENTED_EDGE('',*,*,#2636,.T.);
#3537=ORIENTED_EDGE('',*,*,#2635,.T.);
#3538=ORIENTED_EDGE('',*,*,#2637,.F.);
#3539=ORIENTED_EDGE('',*,*,#2638,.F.);
#3540=ORIENTED_EDGE('',*,*,#2639,.T.);
#3541=ORIENTED_EDGE('',*,*,#2638,.T.);
#3542=ORIENTED_EDGE('',*,*,#2640,.F.);
#3543=ORIENTED_EDGE('',*,*,#2641,.F.);
#3544=ORIENTED_EDGE('',*,*,#2642,.F.);
#3545=ORIENTED_EDGE('',*,*,#2641,.T.);
#3546=ORIENTED_EDGE('',*,*,#2643,.F.);
#3547=ORIENTED_EDGE('',*,*,#2633,.F.);
#3548=ORIENTED_EDGE('',*,*,#2642,.T.);
#3549=ORIENTED_EDGE('',*,*,#2632,.T.);
#3550=ORIENTED_EDGE('',*,*,#2636,.F.);
#3551=ORIENTED_EDGE('',*,*,#2639,.F.);
#3552=ORIENTED_EDGE('',*,*,#2643,.T.);
#3553=ORIENTED_EDGE('',*,*,#2640,.T.);
#3554=ORIENTED_EDGE('',*,*,#2637,.T.);
#3555=ORIENTED_EDGE('',*,*,#2634,.T.);
#3556=ORIENTED_EDGE('',*,*,#2644,.F.);
#3557=ORIENTED_EDGE('',*,*,#2645,.T.);
#3558=ORIENTED_EDGE('',*,*,#2646,.F.);
#3559=ORIENTED_EDGE('',*,*,#2647,.F.);
#3560=ORIENTED_EDGE('',*,*,#2648,.T.);
#3561=ORIENTED_EDGE('',*,*,#2647,.T.);
#3562=ORIENTED_EDGE('',*,*,#2649,.F.);
#3563=ORIENTED_EDGE('',*,*,#2650,.F.);
#3564=ORIENTED_EDGE('',*,*,#2651,.T.);
#3565=ORIENTED_EDGE('',*,*,#2650,.T.);
#3566=ORIENTED_EDGE('',*,*,#2652,.F.);
#3567=ORIENTED_EDGE('',*,*,#2653,.F.);
#3568=ORIENTED_EDGE('',*,*,#2654,.F.);
#3569=ORIENTED_EDGE('',*,*,#2653,.T.);
#3570=ORIENTED_EDGE('',*,*,#2655,.F.);
#3571=ORIENTED_EDGE('',*,*,#2645,.F.);
#3572=ORIENTED_EDGE('',*,*,#2654,.T.);
#3573=ORIENTED_EDGE('',*,*,#2644,.T.);
#3574=ORIENTED_EDGE('',*,*,#2648,.F.);
#3575=ORIENTED_EDGE('',*,*,#2651,.F.);
#3576=ORIENTED_EDGE('',*,*,#2655,.T.);
#3577=ORIENTED_EDGE('',*,*,#2652,.T.);
#3578=ORIENTED_EDGE('',*,*,#2649,.T.);
#3579=ORIENTED_EDGE('',*,*,#2646,.T.);
#3580=ORIENTED_EDGE('',*,*,#2656,.F.);
#3581=ORIENTED_EDGE('',*,*,#2657,.T.);
#3582=ORIENTED_EDGE('',*,*,#2658,.F.);
#3583=ORIENTED_EDGE('',*,*,#2659,.F.);
#3584=ORIENTED_EDGE('',*,*,#2660,.T.);
#3585=ORIENTED_EDGE('',*,*,#2659,.T.);
#3586=ORIENTED_EDGE('',*,*,#2661,.F.);
#3587=ORIENTED_EDGE('',*,*,#2662,.F.);
#3588=ORIENTED_EDGE('',*,*,#2663,.T.);
#3589=ORIENTED_EDGE('',*,*,#2662,.T.);
#3590=ORIENTED_EDGE('',*,*,#2664,.F.);
#3591=ORIENTED_EDGE('',*,*,#2665,.F.);
#3592=ORIENTED_EDGE('',*,*,#2666,.F.);
#3593=ORIENTED_EDGE('',*,*,#2665,.T.);
#3594=ORIENTED_EDGE('',*,*,#2667,.F.);
#3595=ORIENTED_EDGE('',*,*,#2657,.F.);
#3596=ORIENTED_EDGE('',*,*,#2666,.T.);
#3597=ORIENTED_EDGE('',*,*,#2656,.T.);
#3598=ORIENTED_EDGE('',*,*,#2660,.F.);
#3599=ORIENTED_EDGE('',*,*,#2663,.F.);
#3600=ORIENTED_EDGE('',*,*,#2667,.T.);
#3601=ORIENTED_EDGE('',*,*,#2664,.T.);
#3602=ORIENTED_EDGE('',*,*,#2661,.T.);
#3603=ORIENTED_EDGE('',*,*,#2658,.T.);
#3604=ORIENTED_EDGE('',*,*,#2668,.F.);
#3605=ORIENTED_EDGE('',*,*,#2669,.T.);
#3606=ORIENTED_EDGE('',*,*,#2670,.F.);
#3607=ORIENTED_EDGE('',*,*,#2671,.F.);
#3608=ORIENTED_EDGE('',*,*,#2672,.T.);
#3609=ORIENTED_EDGE('',*,*,#2671,.T.);
#3610=ORIENTED_EDGE('',*,*,#2673,.F.);
#3611=ORIENTED_EDGE('',*,*,#2674,.F.);
#3612=ORIENTED_EDGE('',*,*,#2675,.T.);
#3613=ORIENTED_EDGE('',*,*,#2674,.T.);
#3614=ORIENTED_EDGE('',*,*,#2676,.F.);
#3615=ORIENTED_EDGE('',*,*,#2677,.F.);
#3616=ORIENTED_EDGE('',*,*,#2678,.F.);
#3617=ORIENTED_EDGE('',*,*,#2677,.T.);
#3618=ORIENTED_EDGE('',*,*,#2679,.F.);
#3619=ORIENTED_EDGE('',*,*,#2669,.F.);
#3620=ORIENTED_EDGE('',*,*,#2678,.T.);
#3621=ORIENTED_EDGE('',*,*,#2668,.T.);
#3622=ORIENTED_EDGE('',*,*,#2672,.F.);
#3623=ORIENTED_EDGE('',*,*,#2675,.F.);
#3624=ORIENTED_EDGE('',*,*,#2679,.T.);
#3625=ORIENTED_EDGE('',*,*,#2676,.T.);
#3626=ORIENTED_EDGE('',*,*,#2673,.T.);
#3627=ORIENTED_EDGE('',*,*,#2670,.T.);
#3628=ORIENTED_EDGE('',*,*,#2680,.F.);
#3629=ORIENTED_EDGE('',*,*,#2681,.T.);
#3630=ORIENTED_EDGE('',*,*,#2682,.F.);
#3631=ORIENTED_EDGE('',*,*,#2683,.F.);
#3632=ORIENTED_EDGE('',*,*,#2684,.T.);
#3633=ORIENTED_EDGE('',*,*,#2683,.T.);
#3634=ORIENTED_EDGE('',*,*,#2685,.F.);
#3635=ORIENTED_EDGE('',*,*,#2686,.F.);
#3636=ORIENTED_EDGE('',*,*,#2687,.T.);
#3637=ORIENTED_EDGE('',*,*,#2686,.T.);
#3638=ORIENTED_EDGE('',*,*,#2688,.F.);
#3639=ORIENTED_EDGE('',*,*,#2689,.F.);
#3640=ORIENTED_EDGE('',*,*,#2690,.F.);
#3641=ORIENTED_EDGE('',*,*,#2689,.T.);
#3642=ORIENTED_EDGE('',*,*,#2691,.F.);
#3643=ORIENTED_EDGE('',*,*,#2681,.F.);
#3644=ORIENTED_EDGE('',*,*,#2690,.T.);
#3645=ORIENTED_EDGE('',*,*,#2680,.T.);
#3646=ORIENTED_EDGE('',*,*,#2684,.F.);
#3647=ORIENTED_EDGE('',*,*,#2687,.F.);
#3648=ORIENTED_EDGE('',*,*,#2691,.T.);
#3649=ORIENTED_EDGE('',*,*,#2688,.T.);
#3650=ORIENTED_EDGE('',*,*,#2685,.T.);
#3651=ORIENTED_EDGE('',*,*,#2682,.T.);
#3652=ORIENTED_EDGE('',*,*,#2692,.F.);
#3653=ORIENTED_EDGE('',*,*,#2693,.T.);
#3654=ORIENTED_EDGE('',*,*,#2694,.F.);
#3655=ORIENTED_EDGE('',*,*,#2695,.F.);
#3656=ORIENTED_EDGE('',*,*,#2696,.T.);
#3657=ORIENTED_EDGE('',*,*,#2695,.T.);
#3658=ORIENTED_EDGE('',*,*,#2697,.F.);
#3659=ORIENTED_EDGE('',*,*,#2698,.F.);
#3660=ORIENTED_EDGE('',*,*,#2699,.T.);
#3661=ORIENTED_EDGE('',*,*,#2698,.T.);
#3662=ORIENTED_EDGE('',*,*,#2700,.F.);
#3663=ORIENTED_EDGE('',*,*,#2701,.F.);
#3664=ORIENTED_EDGE('',*,*,#2702,.F.);
#3665=ORIENTED_EDGE('',*,*,#2701,.T.);
#3666=ORIENTED_EDGE('',*,*,#2703,.F.);
#3667=ORIENTED_EDGE('',*,*,#2693,.F.);
#3668=ORIENTED_EDGE('',*,*,#2702,.T.);
#3669=ORIENTED_EDGE('',*,*,#2692,.T.);
#3670=ORIENTED_EDGE('',*,*,#2696,.F.);
#3671=ORIENTED_EDGE('',*,*,#2699,.F.);
#3672=ORIENTED_EDGE('',*,*,#2703,.T.);
#3673=ORIENTED_EDGE('',*,*,#2700,.T.);
#3674=ORIENTED_EDGE('',*,*,#2697,.T.);
#3675=ORIENTED_EDGE('',*,*,#2694,.T.);
#3676=ORIENTED_EDGE('',*,*,#2704,.F.);
#3677=ORIENTED_EDGE('',*,*,#2705,.T.);
#3678=ORIENTED_EDGE('',*,*,#2706,.F.);
#3679=ORIENTED_EDGE('',*,*,#2707,.F.);
#3680=ORIENTED_EDGE('',*,*,#2708,.T.);
#3681=ORIENTED_EDGE('',*,*,#2707,.T.);
#3682=ORIENTED_EDGE('',*,*,#2709,.F.);
#3683=ORIENTED_EDGE('',*,*,#2710,.F.);
#3684=ORIENTED_EDGE('',*,*,#2711,.T.);
#3685=ORIENTED_EDGE('',*,*,#2710,.T.);
#3686=ORIENTED_EDGE('',*,*,#2712,.F.);
#3687=ORIENTED_EDGE('',*,*,#2713,.F.);
#3688=ORIENTED_EDGE('',*,*,#2714,.F.);
#3689=ORIENTED_EDGE('',*,*,#2713,.T.);
#3690=ORIENTED_EDGE('',*,*,#2715,.F.);
#3691=ORIENTED_EDGE('',*,*,#2705,.F.);
#3692=ORIENTED_EDGE('',*,*,#2714,.T.);
#3693=ORIENTED_EDGE('',*,*,#2704,.T.);
#3694=ORIENTED_EDGE('',*,*,#2708,.F.);
#3695=ORIENTED_EDGE('',*,*,#2711,.F.);
#3696=ORIENTED_EDGE('',*,*,#2715,.T.);
#3697=ORIENTED_EDGE('',*,*,#2712,.T.);
#3698=ORIENTED_EDGE('',*,*,#2709,.T.);
#3699=ORIENTED_EDGE('',*,*,#2706,.T.);
#3700=ORIENTED_EDGE('',*,*,#2716,.F.);
#3701=ORIENTED_EDGE('',*,*,#2717,.T.);
#3702=ORIENTED_EDGE('',*,*,#2718,.F.);
#3703=ORIENTED_EDGE('',*,*,#2719,.F.);
#3704=ORIENTED_EDGE('',*,*,#2720,.T.);
#3705=ORIENTED_EDGE('',*,*,#2719,.T.);
#3706=ORIENTED_EDGE('',*,*,#2721,.F.);
#3707=ORIENTED_EDGE('',*,*,#2722,.F.);
#3708=ORIENTED_EDGE('',*,*,#2723,.T.);
#3709=ORIENTED_EDGE('',*,*,#2722,.T.);
#3710=ORIENTED_EDGE('',*,*,#2724,.F.);
#3711=ORIENTED_EDGE('',*,*,#2725,.F.);
#3712=ORIENTED_EDGE('',*,*,#2726,.F.);
#3713=ORIENTED_EDGE('',*,*,#2725,.T.);
#3714=ORIENTED_EDGE('',*,*,#2727,.F.);
#3715=ORIENTED_EDGE('',*,*,#2717,.F.);
#3716=ORIENTED_EDGE('',*,*,#2726,.T.);
#3717=ORIENTED_EDGE('',*,*,#2716,.T.);
#3718=ORIENTED_EDGE('',*,*,#2720,.F.);
#3719=ORIENTED_EDGE('',*,*,#2723,.F.);
#3720=ORIENTED_EDGE('',*,*,#2727,.T.);
#3721=ORIENTED_EDGE('',*,*,#2724,.T.);
#3722=ORIENTED_EDGE('',*,*,#2721,.T.);
#3723=ORIENTED_EDGE('',*,*,#2718,.T.);
#3724=ORIENTED_EDGE('',*,*,#2728,.F.);
#3725=ORIENTED_EDGE('',*,*,#2729,.T.);
#3726=ORIENTED_EDGE('',*,*,#2730,.F.);
#3727=ORIENTED_EDGE('',*,*,#2731,.F.);
#3728=ORIENTED_EDGE('',*,*,#2732,.T.);
#3729=ORIENTED_EDGE('',*,*,#2731,.T.);
#3730=ORIENTED_EDGE('',*,*,#2733,.F.);
#3731=ORIENTED_EDGE('',*,*,#2734,.F.);
#3732=ORIENTED_EDGE('',*,*,#2735,.T.);
#3733=ORIENTED_EDGE('',*,*,#2734,.T.);
#3734=ORIENTED_EDGE('',*,*,#2736,.F.);
#3735=ORIENTED_EDGE('',*,*,#2737,.F.);
#3736=ORIENTED_EDGE('',*,*,#2738,.F.);
#3737=ORIENTED_EDGE('',*,*,#2737,.T.);
#3738=ORIENTED_EDGE('',*,*,#2739,.F.);
#3739=ORIENTED_EDGE('',*,*,#2729,.F.);
#3740=ORIENTED_EDGE('',*,*,#2738,.T.);
#3741=ORIENTED_EDGE('',*,*,#2728,.T.);
#3742=ORIENTED_EDGE('',*,*,#2732,.F.);
#3743=ORIENTED_EDGE('',*,*,#2735,.F.);
#3744=ORIENTED_EDGE('',*,*,#2739,.T.);
#3745=ORIENTED_EDGE('',*,*,#2736,.T.);
#3746=ORIENTED_EDGE('',*,*,#2733,.T.);
#3747=ORIENTED_EDGE('',*,*,#2730,.T.);
#3748=ORIENTED_EDGE('',*,*,#2740,.F.);
#3749=ORIENTED_EDGE('',*,*,#2741,.T.);
#3750=ORIENTED_EDGE('',*,*,#2742,.F.);
#3751=ORIENTED_EDGE('',*,*,#2743,.F.);
#3752=ORIENTED_EDGE('',*,*,#2744,.T.);
#3753=ORIENTED_EDGE('',*,*,#2743,.T.);
#3754=ORIENTED_EDGE('',*,*,#2745,.F.);
#3755=ORIENTED_EDGE('',*,*,#2746,.F.);
#3756=ORIENTED_EDGE('',*,*,#2747,.T.);
#3757=ORIENTED_EDGE('',*,*,#2746,.T.);
#3758=ORIENTED_EDGE('',*,*,#2748,.F.);
#3759=ORIENTED_EDGE('',*,*,#2749,.F.);
#3760=ORIENTED_EDGE('',*,*,#2750,.F.);
#3761=ORIENTED_EDGE('',*,*,#2749,.T.);
#3762=ORIENTED_EDGE('',*,*,#2751,.F.);
#3763=ORIENTED_EDGE('',*,*,#2741,.F.);
#3764=ORIENTED_EDGE('',*,*,#2750,.T.);
#3765=ORIENTED_EDGE('',*,*,#2740,.T.);
#3766=ORIENTED_EDGE('',*,*,#2744,.F.);
#3767=ORIENTED_EDGE('',*,*,#2747,.F.);
#3768=ORIENTED_EDGE('',*,*,#2751,.T.);
#3769=ORIENTED_EDGE('',*,*,#2748,.T.);
#3770=ORIENTED_EDGE('',*,*,#2745,.T.);
#3771=ORIENTED_EDGE('',*,*,#2742,.T.);
#3772=ORIENTED_EDGE('',*,*,#2752,.F.);
#3773=ORIENTED_EDGE('',*,*,#2753,.T.);
#3774=ORIENTED_EDGE('',*,*,#2754,.F.);
#3775=ORIENTED_EDGE('',*,*,#2755,.F.);
#3776=ORIENTED_EDGE('',*,*,#2756,.T.);
#3777=ORIENTED_EDGE('',*,*,#2755,.T.);
#3778=ORIENTED_EDGE('',*,*,#2757,.F.);
#3779=ORIENTED_EDGE('',*,*,#2758,.F.);
#3780=ORIENTED_EDGE('',*,*,#2759,.T.);
#3781=ORIENTED_EDGE('',*,*,#2758,.T.);
#3782=ORIENTED_EDGE('',*,*,#2760,.F.);
#3783=ORIENTED_EDGE('',*,*,#2761,.F.);
#3784=ORIENTED_EDGE('',*,*,#2762,.F.);
#3785=ORIENTED_EDGE('',*,*,#2761,.T.);
#3786=ORIENTED_EDGE('',*,*,#2763,.F.);
#3787=ORIENTED_EDGE('',*,*,#2753,.F.);
#3788=ORIENTED_EDGE('',*,*,#2762,.T.);
#3789=ORIENTED_EDGE('',*,*,#2752,.T.);
#3790=ORIENTED_EDGE('',*,*,#2756,.F.);
#3791=ORIENTED_EDGE('',*,*,#2759,.F.);
#3792=ORIENTED_EDGE('',*,*,#2763,.T.);
#3793=ORIENTED_EDGE('',*,*,#2760,.T.);
#3794=ORIENTED_EDGE('',*,*,#2757,.T.);
#3795=ORIENTED_EDGE('',*,*,#2754,.T.);
#3796=ORIENTED_EDGE('',*,*,#2764,.F.);
#3797=ORIENTED_EDGE('',*,*,#2765,.T.);
#3798=ORIENTED_EDGE('',*,*,#2766,.F.);
#3799=ORIENTED_EDGE('',*,*,#2767,.F.);
#3800=ORIENTED_EDGE('',*,*,#2768,.T.);
#3801=ORIENTED_EDGE('',*,*,#2767,.T.);
#3802=ORIENTED_EDGE('',*,*,#2769,.F.);
#3803=ORIENTED_EDGE('',*,*,#2770,.F.);
#3804=ORIENTED_EDGE('',*,*,#2771,.T.);
#3805=ORIENTED_EDGE('',*,*,#2770,.T.);
#3806=ORIENTED_EDGE('',*,*,#2772,.F.);
#3807=ORIENTED_EDGE('',*,*,#2773,.F.);
#3808=ORIENTED_EDGE('',*,*,#2774,.F.);
#3809=ORIENTED_EDGE('',*,*,#2773,.T.);
#3810=ORIENTED_EDGE('',*,*,#2775,.F.);
#3811=ORIENTED_EDGE('',*,*,#2765,.F.);
#3812=ORIENTED_EDGE('',*,*,#2774,.T.);
#3813=ORIENTED_EDGE('',*,*,#2764,.T.);
#3814=ORIENTED_EDGE('',*,*,#2768,.F.);
#3815=ORIENTED_EDGE('',*,*,#2771,.F.);
#3816=ORIENTED_EDGE('',*,*,#2775,.T.);
#3817=ORIENTED_EDGE('',*,*,#2772,.T.);
#3818=ORIENTED_EDGE('',*,*,#2769,.T.);
#3819=ORIENTED_EDGE('',*,*,#2766,.T.);
#3820=ORIENTED_EDGE('',*,*,#2776,.F.);
#3821=ORIENTED_EDGE('',*,*,#2777,.T.);
#3822=ORIENTED_EDGE('',*,*,#2778,.F.);
#3823=ORIENTED_EDGE('',*,*,#2779,.F.);
#3824=ORIENTED_EDGE('',*,*,#2780,.T.);
#3825=ORIENTED_EDGE('',*,*,#2779,.T.);
#3826=ORIENTED_EDGE('',*,*,#2781,.F.);
#3827=ORIENTED_EDGE('',*,*,#2782,.F.);
#3828=ORIENTED_EDGE('',*,*,#2783,.T.);
#3829=ORIENTED_EDGE('',*,*,#2782,.T.);
#3830=ORIENTED_EDGE('',*,*,#2784,.F.);
#3831=ORIENTED_EDGE('',*,*,#2785,.F.);
#3832=ORIENTED_EDGE('',*,*,#2786,.F.);
#3833=ORIENTED_EDGE('',*,*,#2785,.T.);
#3834=ORIENTED_EDGE('',*,*,#2787,.F.);
#3835=ORIENTED_EDGE('',*,*,#2777,.F.);
#3836=ORIENTED_EDGE('',*,*,#2786,.T.);
#3837=ORIENTED_EDGE('',*,*,#2776,.T.);
#3838=ORIENTED_EDGE('',*,*,#2780,.F.);
#3839=ORIENTED_EDGE('',*,*,#2783,.F.);
#3840=ORIENTED_EDGE('',*,*,#2787,.T.);
#3841=ORIENTED_EDGE('',*,*,#2784,.T.);
#3842=ORIENTED_EDGE('',*,*,#2781,.T.);
#3843=ORIENTED_EDGE('',*,*,#2778,.T.);
#3844=ORIENTED_EDGE('',*,*,#2788,.F.);
#3845=ORIENTED_EDGE('',*,*,#2789,.T.);
#3846=ORIENTED_EDGE('',*,*,#2790,.F.);
#3847=ORIENTED_EDGE('',*,*,#2791,.F.);
#3848=ORIENTED_EDGE('',*,*,#2792,.T.);
#3849=ORIENTED_EDGE('',*,*,#2791,.T.);
#3850=ORIENTED_EDGE('',*,*,#2793,.F.);
#3851=ORIENTED_EDGE('',*,*,#2794,.F.);
#3852=ORIENTED_EDGE('',*,*,#2795,.T.);
#3853=ORIENTED_EDGE('',*,*,#2794,.T.);
#3854=ORIENTED_EDGE('',*,*,#2796,.F.);
#3855=ORIENTED_EDGE('',*,*,#2797,.F.);
#3856=ORIENTED_EDGE('',*,*,#2798,.F.);
#3857=ORIENTED_EDGE('',*,*,#2797,.T.);
#3858=ORIENTED_EDGE('',*,*,#2799,.F.);
#3859=ORIENTED_EDGE('',*,*,#2789,.F.);
#3860=ORIENTED_EDGE('',*,*,#2798,.T.);
#3861=ORIENTED_EDGE('',*,*,#2788,.T.);
#3862=ORIENTED_EDGE('',*,*,#2792,.F.);
#3863=ORIENTED_EDGE('',*,*,#2795,.F.);
#3864=ORIENTED_EDGE('',*,*,#2799,.T.);
#3865=ORIENTED_EDGE('',*,*,#2796,.T.);
#3866=ORIENTED_EDGE('',*,*,#2793,.T.);
#3867=ORIENTED_EDGE('',*,*,#2790,.T.);
#3868=ORIENTED_EDGE('',*,*,#2800,.F.);
#3869=ORIENTED_EDGE('',*,*,#2801,.T.);
#3870=ORIENTED_EDGE('',*,*,#2802,.F.);
#3871=ORIENTED_EDGE('',*,*,#2803,.F.);
#3872=ORIENTED_EDGE('',*,*,#2804,.T.);
#3873=ORIENTED_EDGE('',*,*,#2803,.T.);
#3874=ORIENTED_EDGE('',*,*,#2805,.F.);
#3875=ORIENTED_EDGE('',*,*,#2806,.F.);
#3876=ORIENTED_EDGE('',*,*,#2807,.T.);
#3877=ORIENTED_EDGE('',*,*,#2806,.T.);
#3878=ORIENTED_EDGE('',*,*,#2808,.F.);
#3879=ORIENTED_EDGE('',*,*,#2809,.F.);
#3880=ORIENTED_EDGE('',*,*,#2810,.F.);
#3881=ORIENTED_EDGE('',*,*,#2809,.T.);
#3882=ORIENTED_EDGE('',*,*,#2811,.F.);
#3883=ORIENTED_EDGE('',*,*,#2801,.F.);
#3884=ORIENTED_EDGE('',*,*,#2810,.T.);
#3885=ORIENTED_EDGE('',*,*,#2800,.T.);
#3886=ORIENTED_EDGE('',*,*,#2804,.F.);
#3887=ORIENTED_EDGE('',*,*,#2807,.F.);
#3888=ORIENTED_EDGE('',*,*,#2811,.T.);
#3889=ORIENTED_EDGE('',*,*,#2808,.T.);
#3890=ORIENTED_EDGE('',*,*,#2805,.T.);
#3891=ORIENTED_EDGE('',*,*,#2802,.T.);
#3892=ORIENTED_EDGE('',*,*,#2812,.F.);
#3893=ORIENTED_EDGE('',*,*,#2813,.T.);
#3894=ORIENTED_EDGE('',*,*,#2814,.F.);
#3895=ORIENTED_EDGE('',*,*,#2815,.F.);
#3896=ORIENTED_EDGE('',*,*,#2816,.T.);
#3897=ORIENTED_EDGE('',*,*,#2815,.T.);
#3898=ORIENTED_EDGE('',*,*,#2817,.F.);
#3899=ORIENTED_EDGE('',*,*,#2818,.F.);
#3900=ORIENTED_EDGE('',*,*,#2819,.T.);
#3901=ORIENTED_EDGE('',*,*,#2818,.T.);
#3902=ORIENTED_EDGE('',*,*,#2820,.F.);
#3903=ORIENTED_EDGE('',*,*,#2821,.F.);
#3904=ORIENTED_EDGE('',*,*,#2822,.F.);
#3905=ORIENTED_EDGE('',*,*,#2821,.T.);
#3906=ORIENTED_EDGE('',*,*,#2823,.F.);
#3907=ORIENTED_EDGE('',*,*,#2813,.F.);
#3908=ORIENTED_EDGE('',*,*,#2822,.T.);
#3909=ORIENTED_EDGE('',*,*,#2812,.T.);
#3910=ORIENTED_EDGE('',*,*,#2816,.F.);
#3911=ORIENTED_EDGE('',*,*,#2819,.F.);
#3912=ORIENTED_EDGE('',*,*,#2823,.T.);
#3913=ORIENTED_EDGE('',*,*,#2820,.T.);
#3914=ORIENTED_EDGE('',*,*,#2817,.T.);
#3915=ORIENTED_EDGE('',*,*,#2814,.T.);
#3916=ORIENTED_EDGE('',*,*,#2824,.F.);
#3917=ORIENTED_EDGE('',*,*,#2825,.T.);
#3918=ORIENTED_EDGE('',*,*,#2826,.F.);
#3919=ORIENTED_EDGE('',*,*,#2827,.F.);
#3920=ORIENTED_EDGE('',*,*,#2828,.T.);
#3921=ORIENTED_EDGE('',*,*,#2827,.T.);
#3922=ORIENTED_EDGE('',*,*,#2829,.F.);
#3923=ORIENTED_EDGE('',*,*,#2830,.F.);
#3924=ORIENTED_EDGE('',*,*,#2831,.T.);
#3925=ORIENTED_EDGE('',*,*,#2830,.T.);
#3926=ORIENTED_EDGE('',*,*,#2832,.F.);
#3927=ORIENTED_EDGE('',*,*,#2833,.F.);
#3928=ORIENTED_EDGE('',*,*,#2834,.F.);
#3929=ORIENTED_EDGE('',*,*,#2833,.T.);
#3930=ORIENTED_EDGE('',*,*,#2835,.F.);
#3931=ORIENTED_EDGE('',*,*,#2825,.F.);
#3932=ORIENTED_EDGE('',*,*,#2834,.T.);
#3933=ORIENTED_EDGE('',*,*,#2824,.T.);
#3934=ORIENTED_EDGE('',*,*,#2828,.F.);
#3935=ORIENTED_EDGE('',*,*,#2831,.F.);
#3936=ORIENTED_EDGE('',*,*,#2835,.T.);
#3937=ORIENTED_EDGE('',*,*,#2832,.T.);
#3938=ORIENTED_EDGE('',*,*,#2829,.T.);
#3939=ORIENTED_EDGE('',*,*,#2826,.T.);
#3940=CYLINDRICAL_SURFACE('',#4259,2.75);
#3941=CYLINDRICAL_SURFACE('',#4266,0.2);
#3942=CYLINDRICAL_SURFACE('',#4272,0.2);
#3943=CYLINDRICAL_SURFACE('',#4282,0.2);
#3944=CYLINDRICAL_SURFACE('',#4285,0.2);
#3945=CYLINDRICAL_SURFACE('',#4292,4.);
#3946=CYLINDRICAL_SURFACE('',#4305,4.);
#3947=CYLINDRICAL_SURFACE('',#4308,4.);
#3948=CYLINDRICAL_SURFACE('',#4311,4.);
#3949=CYLINDRICAL_SURFACE('',#4314,1.);
#3950=CYLINDRICAL_SURFACE('',#4317,1.);
#3951=CYLINDRICAL_SURFACE('',#4321,2.5);
#3952=CYLINDRICAL_SURFACE('',#4324,2.5);
#3953=CYLINDRICAL_SURFACE('',#4330,0.999999999999999);
#3954=ADVANCED_FACE('',(#335),#3940,.F.);
#3955=ADVANCED_FACE('',(#336),#93,.F.);
#3956=ADVANCED_FACE('',(#337),#94,.F.);
#3957=ADVANCED_FACE('',(#338),#95,.F.);
#3958=ADVANCED_FACE('',(#339),#96,.F.);
#3959=ADVANCED_FACE('',(#340),#3941,.T.);
#3960=ADVANCED_FACE('',(#341),#97,.F.);
#3961=ADVANCED_FACE('',(#342),#98,.T.);
#3962=ADVANCED_FACE('',(#343),#99,.F.);
#3963=ADVANCED_FACE('',(#344),#3942,.T.);
#3964=ADVANCED_FACE('',(#345),#100,.F.);
#3965=ADVANCED_FACE('',(#346),#101,.F.);
#3966=ADVANCED_FACE('',(#347),#102,.F.);
#3967=ADVANCED_FACE('',(#348),#103,.F.);
#3968=ADVANCED_FACE('',(#349),#104,.F.);
#3969=ADVANCED_FACE('',(#350),#3943,.T.);
#3970=ADVANCED_FACE('',(#351),#3944,.T.);
#3971=ADVANCED_FACE('',(#352),#105,.F.);
#3972=ADVANCED_FACE('',(#353),#106,.F.);
#3973=ADVANCED_FACE('',(#354),#107,.T.);
#3974=ADVANCED_FACE('',(#355),#108,.T.);
#3975=ADVANCED_FACE('',(#356),#3945,.T.);
#3976=ADVANCED_FACE('',(#357),#109,.T.);
#3977=ADVANCED_FACE('',(#358,#85),#110,.F.);
#3978=ADVANCED_FACE('',(#359),#3946,.T.);
#3979=ADVANCED_FACE('',(#360),#111,.T.);
#3980=ADVANCED_FACE('',(#361),#3947,.T.);
#3981=ADVANCED_FACE('',(#362),#112,.T.);
#3982=ADVANCED_FACE('',(#363),#3948,.T.);
#3983=ADVANCED_FACE('',(#364),#113,.T.);
#3984=ADVANCED_FACE('',(#365),#3949,.T.);
#3985=ADVANCED_FACE('',(#366),#114,.T.);
#3986=ADVANCED_FACE('',(#367),#3950,.T.);
#3987=ADVANCED_FACE('',(#368),#115,.T.);
#3988=ADVANCED_FACE('',(#369),#116,.T.);
#3989=ADVANCED_FACE('',(#370),#3951,.T.);
#3990=ADVANCED_FACE('',(#371),#117,.T.);
#3991=ADVANCED_FACE('',(#372),#3952,.T.);
#3992=ADVANCED_FACE('',(#373),#118,.T.);
#3993=ADVANCED_FACE('',(#374),#119,.T.);
#3994=ADVANCED_FACE('',(#375),#120,.T.);
#3995=ADVANCED_FACE('',(#376),#121,.T.);
#3996=ADVANCED_FACE('',(#377),#3953,.T.);
#3997=ADVANCED_FACE('',(#378),#122,.T.);
#3998=ADVANCED_FACE('',(#379),#123,.T.);
#3999=ADVANCED_FACE('',(#380,#86),#124,.T.);
#4000=ADVANCED_FACE('',(#381),#125,.T.);
#4001=ADVANCED_FACE('',(#382),#126,.T.);
#4002=ADVANCED_FACE('',(#383),#127,.T.);
#4003=ADVANCED_FACE('',(#384),#128,.T.);
#4004=ADVANCED_FACE('',(#385),#129,.T.);
#4005=ADVANCED_FACE('',(#386),#130,.T.);
#4006=ADVANCED_FACE('',(#387),#131,.T.);
#4007=ADVANCED_FACE('',(#388),#132,.T.);
#4008=ADVANCED_FACE('',(#389),#133,.T.);
#4009=ADVANCED_FACE('',(#390),#134,.T.);
#4010=ADVANCED_FACE('',(#391),#135,.T.);
#4011=ADVANCED_FACE('',(#392),#136,.T.);
#4012=ADVANCED_FACE('',(#393),#137,.T.);
#4013=ADVANCED_FACE('',(#394),#138,.T.);
#4014=ADVANCED_FACE('',(#395),#139,.T.);
#4015=ADVANCED_FACE('',(#396),#140,.T.);
#4016=ADVANCED_FACE('',(#397),#141,.T.);
#4017=ADVANCED_FACE('',(#398),#142,.T.);
#4018=ADVANCED_FACE('',(#399),#143,.T.);
#4019=ADVANCED_FACE('',(#400),#144,.T.);
#4020=ADVANCED_FACE('',(#401),#145,.T.);
#4021=ADVANCED_FACE('',(#402),#146,.T.);
#4022=ADVANCED_FACE('',(#403),#147,.T.);
#4023=ADVANCED_FACE('',(#404),#148,.T.);
#4024=ADVANCED_FACE('',(#405),#149,.T.);
#4025=ADVANCED_FACE('',(#406),#150,.T.);
#4026=ADVANCED_FACE('',(#407),#151,.T.);
#4027=ADVANCED_FACE('',(#408),#152,.T.);
#4028=ADVANCED_FACE('',(#409),#153,.T.);
#4029=ADVANCED_FACE('',(#410),#154,.T.);
#4030=ADVANCED_FACE('',(#411),#155,.T.);
#4031=ADVANCED_FACE('',(#412),#156,.T.);
#4032=ADVANCED_FACE('',(#413),#157,.T.);
#4033=ADVANCED_FACE('',(#414),#158,.T.);
#4034=ADVANCED_FACE('',(#415),#159,.T.);
#4035=ADVANCED_FACE('',(#416),#160,.T.);
#4036=ADVANCED_FACE('',(#417),#161,.T.);
#4037=ADVANCED_FACE('',(#418),#162,.T.);
#4038=ADVANCED_FACE('',(#419),#163,.T.);
#4039=ADVANCED_FACE('',(#420),#164,.T.);
#4040=ADVANCED_FACE('',(#421),#165,.T.);
#4041=ADVANCED_FACE('',(#422),#166,.T.);
#4042=ADVANCED_FACE('',(#423),#167,.T.);
#4043=ADVANCED_FACE('',(#424),#168,.T.);
#4044=ADVANCED_FACE('',(#425),#169,.T.);
#4045=ADVANCED_FACE('',(#426),#170,.T.);
#4046=ADVANCED_FACE('',(#427),#171,.T.);
#4047=ADVANCED_FACE('',(#428),#172,.T.);
#4048=ADVANCED_FACE('',(#429),#173,.T.);
#4049=ADVANCED_FACE('',(#430),#174,.T.);
#4050=ADVANCED_FACE('',(#431),#175,.T.);
#4051=ADVANCED_FACE('',(#432),#176,.T.);
#4052=ADVANCED_FACE('',(#433),#177,.T.);
#4053=ADVANCED_FACE('',(#434),#178,.T.);
#4054=ADVANCED_FACE('',(#435),#179,.T.);
#4055=ADVANCED_FACE('',(#436),#180,.T.);
#4056=ADVANCED_FACE('',(#437),#181,.T.);
#4057=ADVANCED_FACE('',(#438),#182,.T.);
#4058=ADVANCED_FACE('',(#439),#183,.T.);
#4059=ADVANCED_FACE('',(#440),#184,.T.);
#4060=ADVANCED_FACE('',(#441),#185,.T.);
#4061=ADVANCED_FACE('',(#442),#186,.T.);
#4062=ADVANCED_FACE('',(#443),#187,.T.);
#4063=ADVANCED_FACE('',(#444),#188,.T.);
#4064=ADVANCED_FACE('',(#445),#189,.T.);
#4065=ADVANCED_FACE('',(#446),#190,.T.);
#4066=ADVANCED_FACE('',(#447),#191,.T.);
#4067=ADVANCED_FACE('',(#448),#192,.T.);
#4068=ADVANCED_FACE('',(#449),#193,.T.);
#4069=ADVANCED_FACE('',(#450),#194,.T.);
#4070=ADVANCED_FACE('',(#451),#195,.T.);
#4071=ADVANCED_FACE('',(#452),#196,.T.);
#4072=ADVANCED_FACE('',(#453),#197,.T.);
#4073=ADVANCED_FACE('',(#454),#198,.T.);
#4074=ADVANCED_FACE('',(#455),#199,.T.);
#4075=ADVANCED_FACE('',(#456),#200,.T.);
#4076=ADVANCED_FACE('',(#457),#201,.T.);
#4077=ADVANCED_FACE('',(#458),#202,.T.);
#4078=ADVANCED_FACE('',(#459),#203,.T.);
#4079=ADVANCED_FACE('',(#460),#204,.T.);
#4080=ADVANCED_FACE('',(#461),#205,.T.);
#4081=ADVANCED_FACE('',(#462),#206,.T.);
#4082=ADVANCED_FACE('',(#463),#207,.T.);
#4083=ADVANCED_FACE('',(#464),#208,.T.);
#4084=ADVANCED_FACE('',(#465),#209,.T.);
#4085=ADVANCED_FACE('',(#466),#210,.T.);
#4086=ADVANCED_FACE('',(#467),#211,.T.);
#4087=ADVANCED_FACE('',(#468),#212,.T.);
#4088=ADVANCED_FACE('',(#469),#213,.T.);
#4089=ADVANCED_FACE('',(#470),#214,.T.);
#4090=ADVANCED_FACE('',(#471),#215,.T.);
#4091=ADVANCED_FACE('',(#472),#216,.T.);
#4092=ADVANCED_FACE('',(#473),#217,.T.);
#4093=ADVANCED_FACE('',(#474),#218,.T.);
#4094=ADVANCED_FACE('',(#475),#219,.T.);
#4095=ADVANCED_FACE('',(#476),#220,.T.);
#4096=ADVANCED_FACE('',(#477),#221,.T.);
#4097=ADVANCED_FACE('',(#478),#222,.T.);
#4098=ADVANCED_FACE('',(#479),#223,.T.);
#4099=ADVANCED_FACE('',(#480),#224,.T.);
#4100=ADVANCED_FACE('',(#481),#225,.T.);
#4101=ADVANCED_FACE('',(#482),#226,.T.);
#4102=ADVANCED_FACE('',(#483),#227,.T.);
#4103=ADVANCED_FACE('',(#484),#228,.T.);
#4104=ADVANCED_FACE('',(#485),#229,.T.);
#4105=ADVANCED_FACE('',(#486),#230,.T.);
#4106=ADVANCED_FACE('',(#487),#231,.T.);
#4107=ADVANCED_FACE('',(#488),#232,.T.);
#4108=ADVANCED_FACE('',(#489),#233,.T.);
#4109=ADVANCED_FACE('',(#490),#234,.T.);
#4110=ADVANCED_FACE('',(#491),#235,.T.);
#4111=ADVANCED_FACE('',(#492),#236,.T.);
#4112=ADVANCED_FACE('',(#493),#237,.T.);
#4113=ADVANCED_FACE('',(#494),#238,.T.);
#4114=ADVANCED_FACE('',(#495),#239,.T.);
#4115=ADVANCED_FACE('',(#496),#240,.T.);
#4116=ADVANCED_FACE('',(#497),#241,.T.);
#4117=ADVANCED_FACE('',(#498),#242,.T.);
#4118=ADVANCED_FACE('',(#499),#243,.T.);
#4119=ADVANCED_FACE('',(#500),#244,.T.);
#4120=ADVANCED_FACE('',(#501),#245,.T.);
#4121=ADVANCED_FACE('',(#502),#246,.T.);
#4122=ADVANCED_FACE('',(#503),#247,.T.);
#4123=ADVANCED_FACE('',(#504),#248,.T.);
#4124=ADVANCED_FACE('',(#505),#249,.T.);
#4125=ADVANCED_FACE('',(#506),#250,.T.);
#4126=ADVANCED_FACE('',(#507),#251,.T.);
#4127=ADVANCED_FACE('',(#508),#252,.T.);
#4128=ADVANCED_FACE('',(#509),#253,.T.);
#4129=ADVANCED_FACE('',(#510),#254,.T.);
#4130=ADVANCED_FACE('',(#511),#255,.T.);
#4131=ADVANCED_FACE('',(#512),#256,.T.);
#4132=ADVANCED_FACE('',(#513),#257,.T.);
#4133=ADVANCED_FACE('',(#514),#258,.T.);
#4134=ADVANCED_FACE('',(#515),#259,.T.);
#4135=ADVANCED_FACE('',(#516),#260,.T.);
#4136=ADVANCED_FACE('',(#517),#261,.T.);
#4137=ADVANCED_FACE('',(#518),#262,.T.);
#4138=ADVANCED_FACE('',(#519),#263,.T.);
#4139=ADVANCED_FACE('',(#520),#264,.T.);
#4140=ADVANCED_FACE('',(#521),#265,.T.);
#4141=ADVANCED_FACE('',(#522),#266,.T.);
#4142=ADVANCED_FACE('',(#523),#267,.T.);
#4143=ADVANCED_FACE('',(#524),#268,.T.);
#4144=ADVANCED_FACE('',(#525),#269,.T.);
#4145=ADVANCED_FACE('',(#526),#270,.T.);
#4146=ADVANCED_FACE('',(#527),#271,.T.);
#4147=ADVANCED_FACE('',(#528),#272,.T.);
#4148=ADVANCED_FACE('',(#529),#273,.T.);
#4149=ADVANCED_FACE('',(#530),#274,.T.);
#4150=ADVANCED_FACE('',(#531),#275,.T.);
#4151=ADVANCED_FACE('',(#532),#276,.T.);
#4152=ADVANCED_FACE('',(#533),#277,.T.);
#4153=ADVANCED_FACE('',(#534),#278,.T.);
#4154=ADVANCED_FACE('',(#535),#279,.T.);
#4155=ADVANCED_FACE('',(#536),#280,.T.);
#4156=ADVANCED_FACE('',(#537),#281,.T.);
#4157=ADVANCED_FACE('',(#538),#282,.T.);
#4158=ADVANCED_FACE('',(#539),#283,.T.);
#4159=ADVANCED_FACE('',(#540),#284,.T.);
#4160=ADVANCED_FACE('',(#541),#285,.T.);
#4161=ADVANCED_FACE('',(#542),#286,.T.);
#4162=ADVANCED_FACE('',(#543),#287,.T.);
#4163=ADVANCED_FACE('',(#544),#288,.T.);
#4164=ADVANCED_FACE('',(#545),#289,.T.);
#4165=ADVANCED_FACE('',(#546),#290,.T.);
#4166=ADVANCED_FACE('',(#547),#291,.T.);
#4167=ADVANCED_FACE('',(#548),#292,.T.);
#4168=ADVANCED_FACE('',(#549),#293,.T.);
#4169=ADVANCED_FACE('',(#550),#294,.T.);
#4170=ADVANCED_FACE('',(#551),#295,.T.);
#4171=ADVANCED_FACE('',(#552),#296,.T.);
#4172=ADVANCED_FACE('',(#553),#297,.T.);
#4173=ADVANCED_FACE('',(#554),#298,.T.);
#4174=ADVANCED_FACE('',(#555),#299,.T.);
#4175=ADVANCED_FACE('',(#556),#300,.T.);
#4176=ADVANCED_FACE('',(#557),#301,.T.);
#4177=ADVANCED_FACE('',(#558),#302,.T.);
#4178=ADVANCED_FACE('',(#559),#303,.T.);
#4179=ADVANCED_FACE('',(#560),#304,.T.);
#4180=ADVANCED_FACE('',(#561),#305,.T.);
#4181=ADVANCED_FACE('',(#562),#306,.T.);
#4182=ADVANCED_FACE('',(#563),#307,.T.);
#4183=ADVANCED_FACE('',(#564),#308,.T.);
#4184=ADVANCED_FACE('',(#565),#309,.T.);
#4185=ADVANCED_FACE('',(#566),#310,.T.);
#4186=ADVANCED_FACE('',(#567),#311,.T.);
#4187=ADVANCED_FACE('',(#568),#312,.T.);
#4188=ADVANCED_FACE('',(#569),#313,.T.);
#4189=ADVANCED_FACE('',(#570),#314,.T.);
#4190=ADVANCED_FACE('',(#571),#315,.T.);
#4191=ADVANCED_FACE('',(#572),#316,.T.);
#4192=ADVANCED_FACE('',(#573),#317,.T.);
#4193=ADVANCED_FACE('',(#574),#318,.T.);
#4194=ADVANCED_FACE('',(#575),#319,.T.);
#4195=ADVANCED_FACE('',(#576),#320,.T.);
#4196=ADVANCED_FACE('',(#577),#321,.T.);
#4197=ADVANCED_FACE('',(#578),#322,.T.);
#4198=ADVANCED_FACE('',(#579),#323,.T.);
#4199=ADVANCED_FACE('',(#580),#324,.T.);
#4200=ADVANCED_FACE('',(#581),#325,.T.);
#4201=ADVANCED_FACE('',(#582),#326,.T.);
#4202=ADVANCED_FACE('',(#583),#327,.T.);
#4203=ADVANCED_FACE('',(#584),#328,.T.);
#4204=ADVANCED_FACE('',(#585),#329,.T.);
#4205=ADVANCED_FACE('',(#586),#330,.T.);
#4206=ADVANCED_FACE('',(#587),#331,.T.);
#4207=ADVANCED_FACE('',(#588),#332,.T.);
#4208=ADVANCED_FACE('',(#589),#333,.T.);
#4209=ADVANCED_FACE('',(#590),#334,.T.);
#4210=CLOSED_SHELL('',(#3954,#3955,#3956,#3957,#3958,#3959,#3960,#3961,
#3962,#3963,#3964,#3965,#3966,#3967,#3968,#3969,#3970,#3971,#3972,#3973,
#3974,#3975,#3976,#3977,#3978,#3979,#3980,#3981,#3982,#3983,#3984,#3985,
#3986,#3987,#3988,#3989,#3990,#3991,#3992,#3993,#3994,#3995,#3996,#3997,
#3998,#3999));
#4211=CLOSED_SHELL('',(#4000,#4001,#4002,#4003,#4004,#4005));
#4212=CLOSED_SHELL('',(#4006,#4007,#4008,#4009,#4010,#4011));
#4213=CLOSED_SHELL('',(#4012,#4013,#4014,#4015,#4016,#4017));
#4214=CLOSED_SHELL('',(#4018,#4019,#4020,#4021,#4022,#4023));
#4215=CLOSED_SHELL('',(#4024,#4025,#4026,#4027,#4028,#4029));
#4216=CLOSED_SHELL('',(#4030,#4031,#4032,#4033,#4034,#4035));
#4217=CLOSED_SHELL('',(#4036,#4037,#4038,#4039,#4040,#4041));
#4218=CLOSED_SHELL('',(#4042,#4043,#4044,#4045,#4046,#4047));
#4219=CLOSED_SHELL('',(#4048,#4049,#4050,#4051,#4052,#4053));
#4220=CLOSED_SHELL('',(#4054,#4055,#4056,#4057,#4058,#4059));
#4221=CLOSED_SHELL('',(#4060,#4061,#4062,#4063,#4064,#4065));
#4222=CLOSED_SHELL('',(#4066,#4067,#4068,#4069,#4070,#4071));
#4223=CLOSED_SHELL('',(#4072,#4073,#4074,#4075,#4076,#4077));
#4224=CLOSED_SHELL('',(#4078,#4079,#4080,#4081,#4082,#4083));
#4225=CLOSED_SHELL('',(#4084,#4085,#4086,#4087,#4088,#4089));
#4226=CLOSED_SHELL('',(#4090,#4091,#4092,#4093,#4094,#4095));
#4227=CLOSED_SHELL('',(#4096,#4097,#4098,#4099,#4100,#4101));
#4228=CLOSED_SHELL('',(#4102,#4103,#4104,#4105,#4106,#4107));
#4229=CLOSED_SHELL('',(#4108,#4109,#4110,#4111,#4112,#4113));
#4230=CLOSED_SHELL('',(#4114,#4115,#4116,#4117,#4118,#4119));
#4231=CLOSED_SHELL('',(#4120,#4121,#4122,#4123,#4124,#4125));
#4232=CLOSED_SHELL('',(#4126,#4127,#4128,#4129,#4130,#4131));
#4233=CLOSED_SHELL('',(#4132,#4133,#4134,#4135,#4136,#4137));
#4234=CLOSED_SHELL('',(#4138,#4139,#4140,#4141,#4142,#4143));
#4235=CLOSED_SHELL('',(#4144,#4145,#4146,#4147,#4148,#4149));
#4236=CLOSED_SHELL('',(#4150,#4151,#4152,#4153,#4154,#4155));
#4237=CLOSED_SHELL('',(#4156,#4157,#4158,#4159,#4160,#4161));
#4238=CLOSED_SHELL('',(#4162,#4163,#4164,#4165,#4166,#4167));
#4239=CLOSED_SHELL('',(#4168,#4169,#4170,#4171,#4172,#4173));
#4240=CLOSED_SHELL('',(#4174,#4175,#4176,#4177,#4178,#4179));
#4241=CLOSED_SHELL('',(#4180,#4181,#4182,#4183,#4184,#4185));
#4242=CLOSED_SHELL('',(#4186,#4187,#4188,#4189,#4190,#4191));
#4243=CLOSED_SHELL('',(#4192,#4193,#4194,#4195,#4196,#4197));
#4244=CLOSED_SHELL('',(#4198,#4199,#4200,#4201,#4202,#4203));
#4245=CLOSED_SHELL('',(#4204,#4205,#4206,#4207,#4208,#4209));
#4246=DERIVED_UNIT_ELEMENT(#4248,1.);
#4247=DERIVED_UNIT_ELEMENT(#6831,-3.);
#4248=(
MASS_UNIT()
NAMED_UNIT(*)
SI_UNIT(.KILO.,.GRAM.)
);
#4249=DERIVED_UNIT((#4246,#4247));
#4250=MEASURE_REPRESENTATION_ITEM('density measure',
POSITIVE_RATIO_MEASURE(7850.),#4249);
#4251=PROPERTY_DEFINITION_REPRESENTATION(#4256,#4253);
#4252=PROPERTY_DEFINITION_REPRESENTATION(#4257,#4254);
#4253=REPRESENTATION('material name',(#4255),#6828);
#4254=REPRESENTATION('density',(#4250),#6828);
#4255=DESCRIPTIVE_REPRESENTATION_ITEM('Steel','Steel');
#4256=PROPERTY_DEFINITION('material property','material name',#6838);
#4257=PROPERTY_DEFINITION('material property','density of part',#6838);
#4258=AXIS2_PLACEMENT_3D('',#5640,#4545,#4546);
#4259=AXIS2_PLACEMENT_3D('',#5641,#4547,#4548);
#4260=AXIS2_PLACEMENT_3D('',#5643,#4549,#4550);
#4261=AXIS2_PLACEMENT_3D('',#5646,#4552,#4553);
#4262=AXIS2_PLACEMENT_3D('',#5647,#4554,#4555);
#4263=AXIS2_PLACEMENT_3D('',#5656,#4560,#4561);
#4264=AXIS2_PLACEMENT_3D('',#5662,#4565,#4566);
#4265=AXIS2_PLACEMENT_3D('',#5668,#4570,#4571);
#4266=AXIS2_PLACEMENT_3D('',#5674,#4575,#4576);
#4267=AXIS2_PLACEMENT_3D('',#5677,#4577,#4578);
#4268=AXIS2_PLACEMENT_3D('',#5681,#4580,#4581);
#4269=AXIS2_PLACEMENT_3D('',#5683,#4583,#4584);
#4270=AXIS2_PLACEMENT_3D('',#5686,#4587,#4588);
#4271=AXIS2_PLACEMENT_3D('',#5688,#4590,#4591);
#4272=AXIS2_PLACEMENT_3D('',#5697,#4596,#4597);
#4273=AXIS2_PLACEMENT_3D('',#5699,#4598,#4599);
#4274=AXIS2_PLACEMENT_3D('',#5701,#4600,#4601);
#4275=AXIS2_PLACEMENT_3D('',#5703,#4603,#4604);
#4276=AXIS2_PLACEMENT_3D('',#5712,#4609,#4610);
#4277=AXIS2_PLACEMENT_3D('',#5715,#4613,#4614);
#4278=AXIS2_PLACEMENT_3D('',#5718,#4615,#4616);
#4279=AXIS2_PLACEMENT_3D('',#5724,#4620,#4621);
#4280=AXIS2_PLACEMENT_3D('',#5726,#4622,#4623);
#4281=AXIS2_PLACEMENT_3D('',#5732,#4627,#4628);
#4282=AXIS2_PLACEMENT_3D('',#5738,#4632,#4633);
#4283=AXIS2_PLACEMENT_3D('',#5740,#4634,#4635);
#4284=AXIS2_PLACEMENT_3D('',#5742,#4636,#4637);
#4285=AXIS2_PLACEMENT_3D('',#5744,#4639,#4640);
#4286=AXIS2_PLACEMENT_3D('',#5760,#4642,#4643);
#4287=AXIS2_PLACEMENT_3D('',#5762,#4645,#4646);
#4288=AXIS2_PLACEMENT_3D('',#5768,#4650,#4651);
#4289=AXIS2_PLACEMENT_3D('',#5769,#4652,#4653);
#4290=AXIS2_PLACEMENT_3D('',#5771,#4655,#4656);
#4291=AXIS2_PLACEMENT_3D('',#5773,#4658,#4659);
#4292=AXIS2_PLACEMENT_3D('',#5783,#4665,#4666);
#4293=AXIS2_PLACEMENT_3D('',#5786,#4667,#4668);
#4294=AXIS2_PLACEMENT_3D('',#5790,#4670,#4671);
#4295=AXIS2_PLACEMENT_3D('',#5792,#4673,#4674);
#4296=AXIS2_PLACEMENT_3D('',#5798,#4678,#4679);
#4297=AXIS2_PLACEMENT_3D('',#5799,#4680,#4681);
#4298=AXIS2_PLACEMENT_3D('',#5805,#4684,#4685);
#4299=AXIS2_PLACEMENT_3D('',#5811,#4688,#4689);
#4300=AXIS2_PLACEMENT_3D('',#5815,#4691,#4692);
#4301=AXIS2_PLACEMENT_3D('',#5819,#4694,#4695);
#4302=AXIS2_PLACEMENT_3D('',#5822,#4697,#4698);
#4303=AXIS2_PLACEMENT_3D('',#5826,#4700,#4701);
#4304=AXIS2_PLACEMENT_3D('',#5832,#4704,#4705);
#4305=AXIS2_PLACEMENT_3D('',#5838,#4709,#4710);
#4306=AXIS2_PLACEMENT_3D('',#5840,#4711,#4712);
#4307=AXIS2_PLACEMENT_3D('',#5842,#4714,#4715);
#4308=AXIS2_PLACEMENT_3D('',#5846,#4718,#4719);
#4309=AXIS2_PLACEMENT_3D('',#5848,#4720,#4721);
#4310=AXIS2_PLACEMENT_3D('',#5850,#4723,#4724);
#4311=AXIS2_PLACEMENT_3D('',#5854,#4727,#4728);
#4312=AXIS2_PLACEMENT_3D('',#5856,#4729,#4730);
#4313=AXIS2_PLACEMENT_3D('',#5858,#4732,#4733);
#4314=AXIS2_PLACEMENT_3D('',#5862,#4736,#4737);
#4315=AXIS2_PLACEMENT_3D('',#5865,#4738,#4739);
#4316=AXIS2_PLACEMENT_3D('',#5868,#4742,#4743);
#4317=AXIS2_PLACEMENT_3D('',#5872,#4746,#4747);
#4318=AXIS2_PLACEMENT_3D('',#5875,#4748,#4749);
#4319=AXIS2_PLACEMENT_3D('',#5878,#4752,#4753);
#4320=AXIS2_PLACEMENT_3D('',#5882,#4756,#4757);
#4321=AXIS2_PLACEMENT_3D('',#5886,#4760,#4761);
#4322=AXIS2_PLACEMENT_3D('',#5887,#4762,#4763);
#4323=AXIS2_PLACEMENT_3D('',#5888,#4764,#4765);
#4324=AXIS2_PLACEMENT_3D('',#5892,#4768,#4769);
#4325=AXIS2_PLACEMENT_3D('',#5894,#4770,#4771);
#4326=AXIS2_PLACEMENT_3D('',#5896,#4773,#4774);
#4327=AXIS2_PLACEMENT_3D('',#5898,#4776,#4777);
#4328=AXIS2_PLACEMENT_3D('',#5901,#4780,#4781);
#4329=AXIS2_PLACEMENT_3D('',#5903,#4783,#4784);
#4330=AXIS2_PLACEMENT_3D('',#5907,#4787,#4788);
#4331=AXIS2_PLACEMENT_3D('',#5908,#4789,#4790);
#4332=AXIS2_PLACEMENT_3D('',#5909,#4791,#4792);
#4333=AXIS2_PLACEMENT_3D('',#5913,#4795,#4796);
#4334=AXIS2_PLACEMENT_3D('',#5915,#4798,#4799);
#4335=AXIS2_PLACEMENT_3D('',#5916,#4800,#4801);
#4336=AXIS2_PLACEMENT_3D('',#5925,#4806,#4807);
#4337=AXIS2_PLACEMENT_3D('',#5931,#4811,#4812);
#4338=AXIS2_PLACEMENT_3D('',#5937,#4816,#4817);
#4339=AXIS2_PLACEMENT_3D('',#5940,#4820,#4821);
#4340=AXIS2_PLACEMENT_3D('',#5941,#4822,#4823);
#4341=AXIS2_PLACEMENT_3D('',#5942,#4824,#4825);
#4342=AXIS2_PLACEMENT_3D('',#5951,#4830,#4831);
#4343=AXIS2_PLACEMENT_3D('',#5957,#4835,#4836);
#4344=AXIS2_PLACEMENT_3D('',#5963,#4840,#4841);
#4345=AXIS2_PLACEMENT_3D('',#5966,#4844,#4845);
#4346=AXIS2_PLACEMENT_3D('',#5967,#4846,#4847);
#4347=AXIS2_PLACEMENT_3D('',#5968,#4848,#4849);
#4348=AXIS2_PLACEMENT_3D('',#5977,#4854,#4855);
#4349=AXIS2_PLACEMENT_3D('',#5983,#4859,#4860);
#4350=AXIS2_PLACEMENT_3D('',#5989,#4864,#4865);
#4351=AXIS2_PLACEMENT_3D('',#5992,#4868,#4869);
#4352=AXIS2_PLACEMENT_3D('',#5993,#4870,#4871);
#4353=AXIS2_PLACEMENT_3D('',#5994,#4872,#4873);
#4354=AXIS2_PLACEMENT_3D('',#6003,#4878,#4879);
#4355=AXIS2_PLACEMENT_3D('',#6009,#4883,#4884);
#4356=AXIS2_PLACEMENT_3D('',#6015,#4888,#4889);
#4357=AXIS2_PLACEMENT_3D('',#6018,#4892,#4893);
#4358=AXIS2_PLACEMENT_3D('',#6019,#4894,#4895);
#4359=AXIS2_PLACEMENT_3D('',#6020,#4896,#4897);
#4360=AXIS2_PLACEMENT_3D('',#6029,#4902,#4903);
#4361=AXIS2_PLACEMENT_3D('',#6035,#4907,#4908);
#4362=AXIS2_PLACEMENT_3D('',#6041,#4912,#4913);
#4363=AXIS2_PLACEMENT_3D('',#6044,#4916,#4917);
#4364=AXIS2_PLACEMENT_3D('',#6045,#4918,#4919);
#4365=AXIS2_PLACEMENT_3D('',#6046,#4920,#4921);
#4366=AXIS2_PLACEMENT_3D('',#6055,#4926,#4927);
#4367=AXIS2_PLACEMENT_3D('',#6061,#4931,#4932);
#4368=AXIS2_PLACEMENT_3D('',#6067,#4936,#4937);
#4369=AXIS2_PLACEMENT_3D('',#6070,#4940,#4941);
#4370=AXIS2_PLACEMENT_3D('',#6071,#4942,#4943);
#4371=AXIS2_PLACEMENT_3D('',#6072,#4944,#4945);
#4372=AXIS2_PLACEMENT_3D('',#6081,#4950,#4951);
#4373=AXIS2_PLACEMENT_3D('',#6087,#4955,#4956);
#4374=AXIS2_PLACEMENT_3D('',#6093,#4960,#4961);
#4375=AXIS2_PLACEMENT_3D('',#6096,#4964,#4965);
#4376=AXIS2_PLACEMENT_3D('',#6097,#4966,#4967);
#4377=AXIS2_PLACEMENT_3D('',#6098,#4968,#4969);
#4378=AXIS2_PLACEMENT_3D('',#6107,#4974,#4975);
#4379=AXIS2_PLACEMENT_3D('',#6113,#4979,#4980);
#4380=AXIS2_PLACEMENT_3D('',#6119,#4984,#4985);
#4381=AXIS2_PLACEMENT_3D('',#6122,#4988,#4989);
#4382=AXIS2_PLACEMENT_3D('',#6123,#4990,#4991);
#4383=AXIS2_PLACEMENT_3D('',#6124,#4992,#4993);
#4384=AXIS2_PLACEMENT_3D('',#6133,#4998,#4999);
#4385=AXIS2_PLACEMENT_3D('',#6139,#5003,#5004);
#4386=AXIS2_PLACEMENT_3D('',#6145,#5008,#5009);
#4387=AXIS2_PLACEMENT_3D('',#6148,#5012,#5013);
#4388=AXIS2_PLACEMENT_3D('',#6149,#5014,#5015);
#4389=AXIS2_PLACEMENT_3D('',#6150,#5016,#5017);
#4390=AXIS2_PLACEMENT_3D('',#6159,#5022,#5023);
#4391=AXIS2_PLACEMENT_3D('',#6165,#5027,#5028);
#4392=AXIS2_PLACEMENT_3D('',#6171,#5032,#5033);
#4393=AXIS2_PLACEMENT_3D('',#6174,#5036,#5037);
#4394=AXIS2_PLACEMENT_3D('',#6175,#5038,#5039);
#4395=AXIS2_PLACEMENT_3D('',#6176,#5040,#5041);
#4396=AXIS2_PLACEMENT_3D('',#6185,#5046,#5047);
#4397=AXIS2_PLACEMENT_3D('',#6191,#5051,#5052);
#4398=AXIS2_PLACEMENT_3D('',#6197,#5056,#5057);
#4399=AXIS2_PLACEMENT_3D('',#6200,#5060,#5061);
#4400=AXIS2_PLACEMENT_3D('',#6201,#5062,#5063);
#4401=AXIS2_PLACEMENT_3D('',#6202,#5064,#5065);
#4402=AXIS2_PLACEMENT_3D('',#6211,#5070,#5071);
#4403=AXIS2_PLACEMENT_3D('',#6217,#5075,#5076);
#4404=AXIS2_PLACEMENT_3D('',#6223,#5080,#5081);
#4405=AXIS2_PLACEMENT_3D('',#6226,#5084,#5085);
#4406=AXIS2_PLACEMENT_3D('',#6227,#5086,#5087);
#4407=AXIS2_PLACEMENT_3D('',#6228,#5088,#5089);
#4408=AXIS2_PLACEMENT_3D('',#6237,#5094,#5095);
#4409=AXIS2_PLACEMENT_3D('',#6243,#5099,#5100);
#4410=AXIS2_PLACEMENT_3D('',#6249,#5104,#5105);
#4411=AXIS2_PLACEMENT_3D('',#6252,#5108,#5109);
#4412=AXIS2_PLACEMENT_3D('',#6253,#5110,#5111);
#4413=AXIS2_PLACEMENT_3D('',#6254,#5112,#5113);
#4414=AXIS2_PLACEMENT_3D('',#6263,#5118,#5119);
#4415=AXIS2_PLACEMENT_3D('',#6269,#5123,#5124);
#4416=AXIS2_PLACEMENT_3D('',#6275,#5128,#5129);
#4417=AXIS2_PLACEMENT_3D('',#6278,#5132,#5133);
#4418=AXIS2_PLACEMENT_3D('',#6279,#5134,#5135);
#4419=AXIS2_PLACEMENT_3D('',#6280,#5136,#5137);
#4420=AXIS2_PLACEMENT_3D('',#6289,#5142,#5143);
#4421=AXIS2_PLACEMENT_3D('',#6295,#5147,#5148);
#4422=AXIS2_PLACEMENT_3D('',#6301,#5152,#5153);
#4423=AXIS2_PLACEMENT_3D('',#6304,#5156,#5157);
#4424=AXIS2_PLACEMENT_3D('',#6305,#5158,#5159);
#4425=AXIS2_PLACEMENT_3D('',#6306,#5160,#5161);
#4426=AXIS2_PLACEMENT_3D('',#6315,#5166,#5167);
#4427=AXIS2_PLACEMENT_3D('',#6321,#5171,#5172);
#4428=AXIS2_PLACEMENT_3D('',#6327,#5176,#5177);
#4429=AXIS2_PLACEMENT_3D('',#6330,#5180,#5181);
#4430=AXIS2_PLACEMENT_3D('',#6331,#5182,#5183);
#4431=AXIS2_PLACEMENT_3D('',#6332,#5184,#5185);
#4432=AXIS2_PLACEMENT_3D('',#6341,#5190,#5191);
#4433=AXIS2_PLACEMENT_3D('',#6347,#5195,#5196);
#4434=AXIS2_PLACEMENT_3D('',#6353,#5200,#5201);
#4435=AXIS2_PLACEMENT_3D('',#6356,#5204,#5205);
#4436=AXIS2_PLACEMENT_3D('',#6357,#5206,#5207);
#4437=AXIS2_PLACEMENT_3D('',#6358,#5208,#5209);
#4438=AXIS2_PLACEMENT_3D('',#6367,#5214,#5215);
#4439=AXIS2_PLACEMENT_3D('',#6373,#5219,#5220);
#4440=AXIS2_PLACEMENT_3D('',#6379,#5224,#5225);
#4441=AXIS2_PLACEMENT_3D('',#6382,#5228,#5229);
#4442=AXIS2_PLACEMENT_3D('',#6383,#5230,#5231);
#4443=AXIS2_PLACEMENT_3D('',#6384,#5232,#5233);
#4444=AXIS2_PLACEMENT_3D('',#6393,#5238,#5239);
#4445=AXIS2_PLACEMENT_3D('',#6399,#5243,#5244);
#4446=AXIS2_PLACEMENT_3D('',#6405,#5248,#5249);
#4447=AXIS2_PLACEMENT_3D('',#6408,#5252,#5253);
#4448=AXIS2_PLACEMENT_3D('',#6409,#5254,#5255);
#4449=AXIS2_PLACEMENT_3D('',#6410,#5256,#5257);
#4450=AXIS2_PLACEMENT_3D('',#6419,#5262,#5263);
#4451=AXIS2_PLACEMENT_3D('',#6425,#5267,#5268);
#4452=AXIS2_PLACEMENT_3D('',#6431,#5272,#5273);
#4453=AXIS2_PLACEMENT_3D('',#6434,#5276,#5277);
#4454=AXIS2_PLACEMENT_3D('',#6435,#5278,#5279);
#4455=AXIS2_PLACEMENT_3D('',#6436,#5280,#5281);
#4456=AXIS2_PLACEMENT_3D('',#6445,#5286,#5287);
#4457=AXIS2_PLACEMENT_3D('',#6451,#5291,#5292);
#4458=AXIS2_PLACEMENT_3D('',#6457,#5296,#5297);
#4459=AXIS2_PLACEMENT_3D('',#6460,#5300,#5301);
#4460=AXIS2_PLACEMENT_3D('',#6461,#5302,#5303);
#4461=AXIS2_PLACEMENT_3D('',#6462,#5304,#5305);
#4462=AXIS2_PLACEMENT_3D('',#6471,#5310,#5311);
#4463=AXIS2_PLACEMENT_3D('',#6477,#5315,#5316);
#4464=AXIS2_PLACEMENT_3D('',#6483,#5320,#5321);
#4465=AXIS2_PLACEMENT_3D('',#6486,#5324,#5325);
#4466=AXIS2_PLACEMENT_3D('',#6487,#5326,#5327);
#4467=AXIS2_PLACEMENT_3D('',#6488,#5328,#5329);
#4468=AXIS2_PLACEMENT_3D('',#6497,#5334,#5335);
#4469=AXIS2_PLACEMENT_3D('',#6503,#5339,#5340);
#4470=AXIS2_PLACEMENT_3D('',#6509,#5344,#5345);
#4471=AXIS2_PLACEMENT_3D('',#6512,#5348,#5349);
#4472=AXIS2_PLACEMENT_3D('',#6513,#5350,#5351);
#4473=AXIS2_PLACEMENT_3D('',#6514,#5352,#5353);
#4474=AXIS2_PLACEMENT_3D('',#6523,#5358,#5359);
#4475=AXIS2_PLACEMENT_3D('',#6529,#5363,#5364);
#4476=AXIS2_PLACEMENT_3D('',#6535,#5368,#5369);
#4477=AXIS2_PLACEMENT_3D('',#6538,#5372,#5373);
#4478=AXIS2_PLACEMENT_3D('',#6539,#5374,#5375);
#4479=AXIS2_PLACEMENT_3D('',#6540,#5376,#5377);
#4480=AXIS2_PLACEMENT_3D('',#6549,#5382,#5383);
#4481=AXIS2_PLACEMENT_3D('',#6555,#5387,#5388);
#4482=AXIS2_PLACEMENT_3D('',#6561,#5392,#5393);
#4483=AXIS2_PLACEMENT_3D('',#6564,#5396,#5397);
#4484=AXIS2_PLACEMENT_3D('',#6565,#5398,#5399);
#4485=AXIS2_PLACEMENT_3D('',#6566,#5400,#5401);
#4486=AXIS2_PLACEMENT_3D('',#6575,#5406,#5407);
#4487=AXIS2_PLACEMENT_3D('',#6581,#5411,#5412);
#4488=AXIS2_PLACEMENT_3D('',#6587,#5416,#5417);
#4489=AXIS2_PLACEMENT_3D('',#6590,#5420,#5421);
#4490=AXIS2_PLACEMENT_3D('',#6591,#5422,#5423);
#4491=AXIS2_PLACEMENT_3D('',#6592,#5424,#5425);
#4492=AXIS2_PLACEMENT_3D('',#6601,#5430,#5431);
#4493=AXIS2_PLACEMENT_3D('',#6607,#5435,#5436);
#4494=AXIS2_PLACEMENT_3D('',#6613,#5440,#5441);
#4495=AXIS2_PLACEMENT_3D('',#6616,#5444,#5445);
#4496=AXIS2_PLACEMENT_3D('',#6617,#5446,#5447);
#4497=AXIS2_PLACEMENT_3D('',#6618,#5448,#5449);
#4498=AXIS2_PLACEMENT_3D('',#6627,#5454,#5455);
#4499=AXIS2_PLACEMENT_3D('',#6633,#5459,#5460);
#4500=AXIS2_PLACEMENT_3D('',#6639,#5464,#5465);
#4501=AXIS2_PLACEMENT_3D('',#6642,#5468,#5469);
#4502=AXIS2_PLACEMENT_3D('',#6643,#5470,#5471);
#4503=AXIS2_PLACEMENT_3D('',#6644,#5472,#5473);
#4504=AXIS2_PLACEMENT_3D('',#6653,#5478,#5479);
#4505=AXIS2_PLACEMENT_3D('',#6659,#5483,#5484);
#4506=AXIS2_PLACEMENT_3D('',#6665,#5488,#5489);
#4507=AXIS2_PLACEMENT_3D('',#6668,#5492,#5493);
#4508=AXIS2_PLACEMENT_3D('',#6669,#5494,#5495);
#4509=AXIS2_PLACEMENT_3D('',#6670,#5496,#5497);
#4510=AXIS2_PLACEMENT_3D('',#6679,#5502,#5503);
#4511=AXIS2_PLACEMENT_3D('',#6685,#5507,#5508);
#4512=AXIS2_PLACEMENT_3D('',#6691,#5512,#5513);
#4513=AXIS2_PLACEMENT_3D('',#6694,#5516,#5517);
#4514=AXIS2_PLACEMENT_3D('',#6695,#5518,#5519);
#4515=AXIS2_PLACEMENT_3D('',#6696,#5520,#5521);
#4516=AXIS2_PLACEMENT_3D('',#6705,#5526,#5527);
#4517=AXIS2_PLACEMENT_3D('',#6711,#5531,#5532);
#4518=AXIS2_PLACEMENT_3D('',#6717,#5536,#5537);
#4519=AXIS2_PLACEMENT_3D('',#6720,#5540,#5541);
#4520=AXIS2_PLACEMENT_3D('',#6721,#5542,#5543);
#4521=AXIS2_PLACEMENT_3D('',#6722,#5544,#5545);
#4522=AXIS2_PLACEMENT_3D('',#6731,#5550,#5551);
#4523=AXIS2_PLACEMENT_3D('',#6737,#5555,#5556);
#4524=AXIS2_PLACEMENT_3D('',#6743,#5560,#5561);
#4525=AXIS2_PLACEMENT_3D('',#6746,#5564,#5565);
#4526=AXIS2_PLACEMENT_3D('',#6747,#5566,#5567);
#4527=AXIS2_PLACEMENT_3D('',#6748,#5568,#5569);
#4528=AXIS2_PLACEMENT_3D('',#6757,#5574,#5575);
#4529=AXIS2_PLACEMENT_3D('',#6763,#5579,#5580);
#4530=AXIS2_PLACEMENT_3D('',#6769,#5584,#5585);
#4531=AXIS2_PLACEMENT_3D('',#6772,#5588,#5589);
#4532=AXIS2_PLACEMENT_3D('',#6773,#5590,#5591);
#4533=AXIS2_PLACEMENT_3D('',#6774,#5592,#5593);
#4534=AXIS2_PLACEMENT_3D('',#6783,#5598,#5599);
#4535=AXIS2_PLACEMENT_3D('',#6789,#5603,#5604);
#4536=AXIS2_PLACEMENT_3D('',#6795,#5608,#5609);
#4537=AXIS2_PLACEMENT_3D('',#6798,#5612,#5613);
#4538=AXIS2_PLACEMENT_3D('',#6799,#5614,#5615);
#4539=AXIS2_PLACEMENT_3D('',#6800,#5616,#5617);
#4540=AXIS2_PLACEMENT_3D('',#6809,#5622,#5623);
#4541=AXIS2_PLACEMENT_3D('',#6815,#5627,#5628);
#4542=AXIS2_PLACEMENT_3D('',#6821,#5632,#5633);
#4543=AXIS2_PLACEMENT_3D('',#6824,#5636,#5637);
#4544=AXIS2_PLACEMENT_3D('',#6825,#5638,#5639);
#4545=DIRECTION('axis',(0.,0.,1.));
#4546=DIRECTION('refdir',(1.,0.,0.));
#4547=DIRECTION('center_axis',(0.,0.,-1.));
#4548=DIRECTION('ref_axis',(-1.,0.,0.));
#4549=DIRECTION('center_axis',(0.,0.,-1.));
#4550=DIRECTION('ref_axis',(-1.,0.,0.));
#4551=DIRECTION('',(0.,0.,-1.));
#4552=DIRECTION('center_axis',(0.,0.,1.));
#4553=DIRECTION('ref_axis',(-1.,0.,0.));
#4554=DIRECTION('center_axis',(0.,0.707106781186548,-0.707106781186548));
#4555=DIRECTION('ref_axis',(0.,0.707106781186548,0.707106781186548));
#4556=DIRECTION('',(-0.577350269189625,-0.577350269189626,-0.577350269189626));
#4557=DIRECTION('',(1.,0.,0.));
#4558=DIRECTION('',(0.,-0.707106781186548,-0.707106781186548));
#4559=DIRECTION('',(1.,0.,0.));
#4560=DIRECTION('center_axis',(0.,0.,-1.));
#4561=DIRECTION('ref_axis',(0.,1.,0.));
#4562=DIRECTION('',(-0.707106781186547,-0.707106781186548,0.));
#4563=DIRECTION('',(0.,1.,0.));
#4564=DIRECTION('',(1.,0.,0.));
#4565=DIRECTION('center_axis',(0.,-0.707106781186547,-0.707106781186548));
#4566=DIRECTION('ref_axis',(0.,0.707106781186548,-0.707106781186547));
#4567=DIRECTION('',(-0.577350269189625,-0.577350269189626,0.577350269189626));
#4568=DIRECTION('',(0.,0.707106781186548,-0.707106781186547));
#4569=DIRECTION('',(1.,0.,0.));
#4570=DIRECTION('center_axis',(0.,-1.,0.));
#4571=DIRECTION('ref_axis',(0.,0.,-1.));
#4572=DIRECTION('',(0.,0.,1.));
#4573=DIRECTION('',(0.,0.,1.));
#4574=DIRECTION('',(-1.,0.,0.));
#4575=DIRECTION('center_axis',(1.,0.,0.));
#4576=DIRECTION('ref_axis',(0.,0.,1.));
#4577=DIRECTION('center_axis',(0.707106781186548,-0.707106781186547,0.));
#4578=DIRECTION('ref_axis',(-0.707106781186547,-0.707106781186548,0.));
#4579=DIRECTION('',(-1.,0.,0.));
#4580=DIRECTION('center_axis',(1.,0.,0.));
#4581=DIRECTION('ref_axis',(0.,0.,1.));
#4582=DIRECTION('',(1.,0.,0.));
#4583=DIRECTION('center_axis',(0.,1.,0.));
#4584=DIRECTION('ref_axis',(0.,0.,1.));
#4585=DIRECTION('',(0.,0.,-1.));
#4586=DIRECTION('',(0.,0.,-1.));
#4587=DIRECTION('center_axis',(1.,0.,0.));
#4588=DIRECTION('ref_axis',(0.,1.,0.));
#4589=DIRECTION('',(0.,1.,0.));
#4590=DIRECTION('center_axis',(0.,-1.,0.));
#4591=DIRECTION('ref_axis',(0.,0.,-1.));
#4592=DIRECTION('',(0.,0.,1.));
#4593=DIRECTION('',(1.,0.,0.));
#4594=DIRECTION('',(0.,0.,-1.));
#4595=DIRECTION('',(1.,0.,0.));
#4596=DIRECTION('center_axis',(1.,0.,0.));
#4597=DIRECTION('ref_axis',(0.,1.,0.));
#4598=DIRECTION('center_axis',(0.707106781186548,0.707106781186547,0.));
#4599=DIRECTION('ref_axis',(-0.707106781186547,0.707106781186548,0.));
#4600=DIRECTION('center_axis',(1.,0.,0.));
#4601=DIRECTION('ref_axis',(0.,1.,0.));
#4602=DIRECTION('',(-1.,0.,0.));
#4603=DIRECTION('center_axis',(0.,-1.26791824288718E-16,-1.));
#4604=DIRECTION('ref_axis',(0.,1.,-1.26791824288718E-16));
#4605=DIRECTION('',(0.707106781186547,-0.707106781186548,8.96553587535656E-17));
#4606=DIRECTION('',(1.,0.,0.));
#4607=DIRECTION('',(0.,1.,-1.26791824288718E-16));
#4608=DIRECTION('',(1.,0.,0.));
#4609=DIRECTION('center_axis',(0.,-0.707106781186547,-0.707106781186548));
#4610=DIRECTION('ref_axis',(0.,0.707106781186548,-0.707106781186547));
#4611=DIRECTION('',(0.577350269189625,-0.577350269189626,0.577350269189626));
#4612=DIRECTION('',(0.,0.707106781186548,-0.707106781186547));
#4613=DIRECTION('center_axis',(0.,0.,1.));
#4614=DIRECTION('ref_axis',(0.,-1.,0.));
#4615=DIRECTION('center_axis',(0.,0.,1.));
#4616=DIRECTION('ref_axis',(0.707106781186547,-0.707106781186548,0.));
#4617=DIRECTION('',(1.,0.,0.));
#4618=DIRECTION('',(0.,1.,0.));
#4619=DIRECTION('',(1.,0.,0.));
#4620=DIRECTION('center_axis',(0.,0.707106781186547,0.707106781186548));
#4621=DIRECTION('ref_axis',(0.,-0.707106781186548,0.707106781186547));
#4622=DIRECTION('center_axis',(0.,0.707106781186547,0.707106781186548));
#4623=DIRECTION('ref_axis',(0.,-0.707106781186548,0.707106781186547));
#4624=DIRECTION('',(0.,-0.707106781186548,0.707106781186547));
#4625=DIRECTION('',(1.,0.,0.));
#4626=DIRECTION('',(-0.577350269189625,0.577350269189627,-0.577350269189625));
#4627=DIRECTION('center_axis',(0.,1.,0.));
#4628=DIRECTION('ref_axis',(0.,0.,1.));
#4629=DIRECTION('',(0.,0.,-1.));
#4630=DIRECTION('',(0.,0.,-1.));
#4631=DIRECTION('',(1.,0.,0.));
#4632=DIRECTION('center_axis',(1.,0.,0.));
#4633=DIRECTION('ref_axis',(0.,-1.,0.));
#4634=DIRECTION('center_axis',(0.707106781186548,0.707106781186547,0.));
#4635=DIRECTION('ref_axis',(0.707106781186547,-0.707106781186548,0.));
#4636=DIRECTION('center_axis',(1.,0.,0.));
#4637=DIRECTION('ref_axis',(0.,-1.,0.));
#4638=DIRECTION('',(-1.,0.,0.));
#4639=DIRECTION('center_axis',(1.,0.,0.));
#4640=DIRECTION('ref_axis',(0.,0.,-1.));
#4641=DIRECTION('',(-1.,0.,0.));
#4642=DIRECTION('center_axis',(1.,0.,0.));
#4643=DIRECTION('ref_axis',(0.,0.,-1.));
#4644=DIRECTION('',(1.,0.,0.));
#4645=DIRECTION('center_axis',(0.,-1.,0.));
#4646=DIRECTION('ref_axis',(0.,0.,-1.));
#4647=DIRECTION('',(0.,0.,1.));
#4648=DIRECTION('',(0.,0.,-1.));
#4649=DIRECTION('',(1.,0.,0.));
#4650=DIRECTION('center_axis',(0.,-0.707106781186547,0.707106781186548));
#4651=DIRECTION('ref_axis',(0.,-0.707106781186548,-0.707106781186547));
#4652=DIRECTION('center_axis',(0.,-0.707106781186547,0.707106781186548));
#4653=DIRECTION('ref_axis',(4.9065389333868E-17,-0.707106781186548,-0.707106781186547));
#4654=DIRECTION('',(0.,0.707106781186548,0.707106781186547));
#4655=DIRECTION('center_axis',(1.,0.,0.));
#4656=DIRECTION('ref_axis',(0.,1.,0.));
#4657=DIRECTION('',(0.,-1.,0.));
#4658=DIRECTION('center_axis',(0.707106781186548,-0.707106781186547,0.));
#4659=DIRECTION('ref_axis',(0.707106781186547,0.707106781186548,0.));
#4660=DIRECTION('',(0.707106781186547,0.707106781186548,0.));
#4661=DIRECTION('',(0.,0.,1.));
#4662=DIRECTION('',(0.707106781186547,0.707106781186548,0.));
#4663=DIRECTION('',(0.,0.,1.));
#4664=DIRECTION('',(0.707106781186547,0.707106781186548,0.));
#4665=DIRECTION('center_axis',(0.,0.,1.));
#4666=DIRECTION('ref_axis',(-0.4226182617407,0.90630778703665,0.));
#4667=DIRECTION('center_axis',(0.,0.,-1.));
#4668=DIRECTION('ref_axis',(-0.4226182617407,0.90630778703665,0.));
#4669=DIRECTION('',(0.,0.,-1.));
#4670=DIRECTION('center_axis',(0.,0.,1.));
#4671=DIRECTION('ref_axis',(-0.4226182617407,0.90630778703665,0.));
#4672=DIRECTION('',(0.,0.,1.));
#4673=DIRECTION('center_axis',(-0.766044443118978,0.642787609686539,0.));
#4674=DIRECTION('ref_axis',(-0.642787609686539,-0.766044443118978,0.));
#4675=DIRECTION('',(-0.642787609686539,-0.766044443118978,0.));
#4676=DIRECTION('',(0.,0.,-1.));
#4677=DIRECTION('',(-0.642787609686539,-0.766044443118978,0.));
#4678=DIRECTION('center_axis',(0.,0.,1.));
#4679=DIRECTION('ref_axis',(1.,0.,0.));
#4680=DIRECTION('center_axis',(0.,0.,1.));
#4681=DIRECTION('ref_axis',(0.707106781186547,-0.707106781186548,0.));
#4682=DIRECTION('',(1.,0.,0.));
#4683=DIRECTION('',(0.,1.,0.));
#4684=DIRECTION('center_axis',(0.,0.,1.));
#4685=DIRECTION('ref_axis',(0.707106781186547,-0.707106781186548,0.));
#4686=DIRECTION('',(1.,0.,0.));
#4687=DIRECTION('',(-4.82705662880503E-16,-1.,0.));
#4688=DIRECTION('center_axis',(0.,0.,1.));
#4689=DIRECTION('ref_axis',(0.,-1.,0.));
#4690=DIRECTION('',(-1.,0.,0.));
#4691=DIRECTION('center_axis',(0.,0.,1.));
#4692=DIRECTION('ref_axis',(-0.4226182617407,-0.90630778703665,0.));
#4693=DIRECTION('',(-0.642787609686539,0.766044443118978,0.));
#4694=DIRECTION('center_axis',(0.,0.,1.));
#4695=DIRECTION('ref_axis',(-0.939692620785908,-0.342020143325669,0.));
#4696=DIRECTION('',(0.,1.,0.));
#4697=DIRECTION('center_axis',(0.,0.,1.));
#4698=DIRECTION('ref_axis',(-0.939692620785909,0.342020143325669,0.));
#4699=DIRECTION('',(1.,0.,0.));
#4700=DIRECTION('center_axis',(0.,0.,1.));
#4701=DIRECTION('ref_axis',(1.,4.44089209850063E-16,0.));
#4702=DIRECTION('',(4.82705662880503E-16,-1.,0.));
#4703=DIRECTION('',(-1.,0.,0.));
#4704=DIRECTION('center_axis',(0.,0.,1.));
#4705=DIRECTION('ref_axis',(0.707106781186548,0.707106781186547,0.));
#4706=DIRECTION('',(0.,1.,0.));
#4707=DIRECTION('',(1.,0.,0.));
#4708=DIRECTION('',(0.707106781186547,-0.707106781186548,0.));
#4709=DIRECTION('center_axis',(0.,0.,1.));
#4710=DIRECTION('ref_axis',(-0.939692620785909,0.342020143325669,0.));
#4711=DIRECTION('center_axis',(0.,0.,-1.));
#4712=DIRECTION('ref_axis',(-0.939692620785909,0.342020143325669,0.));
#4713=DIRECTION('',(0.,0.,1.));
#4714=DIRECTION('center_axis',(-1.,0.,0.));
#4715=DIRECTION('ref_axis',(0.,-1.,0.));
#4716=DIRECTION('',(0.,0.,-1.));
#4717=DIRECTION('',(0.,-1.,0.));
#4718=DIRECTION('center_axis',(0.,0.,1.));
#4719=DIRECTION('ref_axis',(-0.939692620785908,-0.342020143325669,0.));
#4720=DIRECTION('center_axis',(0.,0.,-1.));
#4721=DIRECTION('ref_axis',(-0.939692620785908,-0.342020143325669,0.));
#4722=DIRECTION('',(0.,0.,1.));
#4723=DIRECTION('center_axis',(-0.766044443118978,-0.642787609686539,0.));
#4724=DIRECTION('ref_axis',(0.642787609686539,-0.766044443118978,0.));
#4725=DIRECTION('',(0.,0.,-1.));
#4726=DIRECTION('',(0.642787609686539,-0.766044443118978,0.));
#4727=DIRECTION('center_axis',(0.,0.,1.));
#4728=DIRECTION('ref_axis',(-0.4226182617407,-0.90630778703665,0.));
#4729=DIRECTION('center_axis',(0.,0.,-1.));
#4730=DIRECTION('ref_axis',(-0.4226182617407,-0.90630778703665,0.));
#4731=DIRECTION('',(0.,0.,1.));
#4732=DIRECTION('center_axis',(0.,-1.,0.));
#4733=DIRECTION('ref_axis',(1.,0.,0.));
#4734=DIRECTION('',(0.,0.,1.));
#4735=DIRECTION('',(1.,0.,0.));
#4736=DIRECTION('center_axis',(0.,0.,1.));
#4737=DIRECTION('ref_axis',(0.707106781186548,0.707106781186547,0.));
#4738=DIRECTION('center_axis',(0.,0.,-1.));
#4739=DIRECTION('ref_axis',(0.707106781186548,0.707106781186547,0.));
#4740=DIRECTION('',(0.,0.,-1.));
#4741=DIRECTION('',(0.,0.,1.));
#4742=DIRECTION('center_axis',(0.,1.,0.));
#4743=DIRECTION('ref_axis',(-1.,0.,0.));
#4744=DIRECTION('',(0.,0.,1.));
#4745=DIRECTION('',(-1.,0.,0.));
#4746=DIRECTION('center_axis',(0.,0.,1.));
#4747=DIRECTION('ref_axis',(0.707106781186547,-0.707106781186548,0.));
#4748=DIRECTION('center_axis',(0.,0.,-1.));
#4749=DIRECTION('ref_axis',(0.707106781186547,-0.707106781186548,0.));
#4750=DIRECTION('',(0.,0.,-1.));
#4751=DIRECTION('',(0.,0.,1.));
#4752=DIRECTION('center_axis',(0.,-1.,0.));
#4753=DIRECTION('ref_axis',(1.,0.,0.));
#4754=DIRECTION('',(1.,0.,0.));
#4755=DIRECTION('',(0.,0.,1.));
#4756=DIRECTION('center_axis',(1.,-4.82705662880503E-16,0.));
#4757=DIRECTION('ref_axis',(4.82705662880503E-16,1.,0.));
#4758=DIRECTION('',(4.82705662880503E-16,1.,0.));
#4759=DIRECTION('',(0.,0.,1.));
#4760=DIRECTION('center_axis',(0.,0.,1.));
#4761=DIRECTION('ref_axis',(0.,-1.,0.));
#4762=DIRECTION('center_axis',(0.,0.,1.));
#4763=DIRECTION('ref_axis',(0.,-1.,0.));
#4764=DIRECTION('center_axis',(0.,1.,0.));
#4765=DIRECTION('ref_axis',(-1.,0.,0.));
#4766=DIRECTION('',(-1.,0.,0.));
#4767=DIRECTION('',(0.,0.,1.));
#4768=DIRECTION('center_axis',(0.,0.,1.));
#4769=DIRECTION('ref_axis',(1.,4.44089209850063E-16,0.));
#4770=DIRECTION('center_axis',(0.,0.,1.));
#4771=DIRECTION('ref_axis',(1.,4.44089209850063E-16,0.));
#4772=DIRECTION('',(0.,0.,1.));
#4773=DIRECTION('center_axis',(1.,4.82705662880503E-16,0.));
#4774=DIRECTION('ref_axis',(-4.82705662880503E-16,1.,0.));
#4775=DIRECTION('',(-4.82705662880503E-16,1.,0.));
#4776=DIRECTION('center_axis',(1.,0.,0.));
#4777=DIRECTION('ref_axis',(0.,1.,0.));
#4778=DIRECTION('',(0.,1.,0.));
#4779=DIRECTION('',(0.,0.,1.));
#4780=DIRECTION('center_axis',(0.,1.,0.));
#4781=DIRECTION('ref_axis',(-1.,0.,0.));
#4782=DIRECTION('',(0.,0.,1.));
#4783=DIRECTION('center_axis',(0.707106781186548,0.707106781186547,0.));
#4784=DIRECTION('ref_axis',(-0.707106781186547,0.707106781186548,0.));
#4785=DIRECTION('',(-0.707106781186547,0.707106781186548,0.));
#4786=DIRECTION('',(0.,0.,1.));
#4787=DIRECTION('center_axis',(0.,0.,1.));
#4788=DIRECTION('ref_axis',(0.707106781186547,-0.707106781186548,0.));
#4789=DIRECTION('center_axis',(0.,0.,1.));
#4790=DIRECTION('ref_axis',(0.707106781186547,-0.707106781186548,0.));
#4791=DIRECTION('center_axis',(0.,-1.,0.));
#4792=DIRECTION('ref_axis',(1.,0.,0.));
#4793=DIRECTION('',(1.,0.,0.));
#4794=DIRECTION('',(0.,0.,1.));
#4795=DIRECTION('center_axis',(1.,0.,0.));
#4796=DIRECTION('ref_axis',(0.,1.,0.));
#4797=DIRECTION('',(0.,1.,0.));
#4798=DIRECTION('center_axis',(0.,0.,1.));
#4799=DIRECTION('ref_axis',(1.,0.,0.));
#4800=DIRECTION('center_axis',(0.707106781186548,-0.707106781186547,0.));
#4801=DIRECTION('ref_axis',(-0.707106781186547,-0.707106781186548,0.));
#4802=DIRECTION('',(0.707106781186547,0.707106781186548,0.));
#4803=DIRECTION('',(0.,0.,-1.));
#4804=DIRECTION('',(-0.707106781186547,-0.707106781186548,0.));
#4805=DIRECTION('',(0.,0.,-1.));
#4806=DIRECTION('center_axis',(0.,1.,0.));
#4807=DIRECTION('ref_axis',(1.,0.,0.));
#4808=DIRECTION('',(1.,0.,0.));
#4809=DIRECTION('',(1.,0.,0.));
#4810=DIRECTION('',(0.,0.,-1.));
#4811=DIRECTION('center_axis',(-0.707106781186548,-0.707106781186548,0.));
#4812=DIRECTION('ref_axis',(-0.707106781186548,0.707106781186548,0.));
#4813=DIRECTION('',(-0.707106781186547,0.707106781186547,0.));
#4814=DIRECTION('',(-0.707106781186547,0.707106781186547,0.));
#4815=DIRECTION('',(0.,0.,-1.));
#4816=DIRECTION('center_axis',(0.,-1.,0.));
#4817=DIRECTION('ref_axis',(-1.,0.,0.));
#4818=DIRECTION('',(1.,0.,0.));
#4819=DIRECTION('',(-1.,0.,0.));
#4820=DIRECTION('center_axis',(0.,0.,1.));
#4821=DIRECTION('ref_axis',(-1.,0.,0.));
#4822=DIRECTION('center_axis',(0.,0.,-1.));
#4823=DIRECTION('ref_axis',(-1.,0.,0.));
#4824=DIRECTION('center_axis',(0.707106781186548,-0.707106781186547,0.));
#4825=DIRECTION('ref_axis',(-0.707106781186547,-0.707106781186548,0.));
#4826=DIRECTION('',(0.707106781186547,0.707106781186548,0.));
#4827=DIRECTION('',(0.,0.,-1.));
#4828=DIRECTION('',(-0.707106781186547,-0.707106781186548,0.));
#4829=DIRECTION('',(0.,0.,-1.));
#4830=DIRECTION('center_axis',(0.,1.,0.));
#4831=DIRECTION('ref_axis',(1.,0.,0.));
#4832=DIRECTION('',(1.,0.,0.));
#4833=DIRECTION('',(1.,0.,0.));
#4834=DIRECTION('',(0.,0.,-1.));
#4835=DIRECTION('center_axis',(-0.707106781186548,-0.707106781186548,0.));
#4836=DIRECTION('ref_axis',(-0.707106781186548,0.707106781186548,0.));
#4837=DIRECTION('',(-0.707106781186547,0.707106781186547,0.));
#4838=DIRECTION('',(-0.707106781186547,0.707106781186547,0.));
#4839=DIRECTION('',(0.,0.,-1.));
#4840=DIRECTION('center_axis',(0.,-1.,0.));
#4841=DIRECTION('ref_axis',(-1.,0.,0.));
#4842=DIRECTION('',(1.,0.,0.));
#4843=DIRECTION('',(-1.,0.,0.));
#4844=DIRECTION('center_axis',(0.,0.,1.));
#4845=DIRECTION('ref_axis',(-1.,0.,0.));
#4846=DIRECTION('center_axis',(0.,0.,-1.));
#4847=DIRECTION('ref_axis',(-1.,0.,0.));
#4848=DIRECTION('center_axis',(0.707106781186548,-0.707106781186547,0.));
#4849=DIRECTION('ref_axis',(-0.707106781186547,-0.707106781186548,0.));
#4850=DIRECTION('',(0.707106781186547,0.707106781186548,0.));
#4851=DIRECTION('',(0.,0.,-1.));
#4852=DIRECTION('',(-0.707106781186547,-0.707106781186548,0.));
#4853=DIRECTION('',(0.,0.,-1.));
#4854=DIRECTION('center_axis',(0.,1.,0.));
#4855=DIRECTION('ref_axis',(1.,0.,0.));
#4856=DIRECTION('',(1.,0.,0.));
#4857=DIRECTION('',(1.,0.,0.));
#4858=DIRECTION('',(0.,0.,-1.));
#4859=DIRECTION('center_axis',(-0.707106781186548,-0.707106781186548,0.));
#4860=DIRECTION('ref_axis',(-0.707106781186548,0.707106781186548,0.));
#4861=DIRECTION('',(-0.707106781186547,0.707106781186547,0.));
#4862=DIRECTION('',(-0.707106781186547,0.707106781186547,0.));
#4863=DIRECTION('',(0.,0.,-1.));
#4864=DIRECTION('center_axis',(0.,-1.,0.));
#4865=DIRECTION('ref_axis',(-1.,0.,0.));
#4866=DIRECTION('',(1.,0.,0.));
#4867=DIRECTION('',(-1.,0.,0.));
#4868=DIRECTION('center_axis',(0.,0.,1.));
#4869=DIRECTION('ref_axis',(-1.,0.,0.));
#4870=DIRECTION('center_axis',(0.,0.,-1.));
#4871=DIRECTION('ref_axis',(-1.,0.,0.));
#4872=DIRECTION('center_axis',(0.707106781186548,-0.707106781186547,0.));
#4873=DIRECTION('ref_axis',(-0.707106781186547,-0.707106781186548,0.));
#4874=DIRECTION('',(0.707106781186547,0.707106781186548,0.));
#4875=DIRECTION('',(0.,0.,-1.));
#4876=DIRECTION('',(-0.707106781186547,-0.707106781186548,0.));
#4877=DIRECTION('',(0.,0.,-1.));
#4878=DIRECTION('center_axis',(0.,1.,0.));
#4879=DIRECTION('ref_axis',(1.,0.,0.));
#4880=DIRECTION('',(1.,0.,0.));
#4881=DIRECTION('',(1.,0.,0.));
#4882=DIRECTION('',(0.,0.,-1.));
#4883=DIRECTION('center_axis',(-0.707106781186548,-0.707106781186548,0.));
#4884=DIRECTION('ref_axis',(-0.707106781186548,0.707106781186548,0.));
#4885=DIRECTION('',(-0.707106781186547,0.707106781186547,0.));
#4886=DIRECTION('',(-0.707106781186547,0.707106781186547,0.));
#4887=DIRECTION('',(0.,0.,-1.));
#4888=DIRECTION('center_axis',(0.,-1.,0.));
#4889=DIRECTION('ref_axis',(-1.,0.,0.));
#4890=DIRECTION('',(1.,0.,0.));
#4891=DIRECTION('',(-1.,0.,0.));
#4892=DIRECTION('center_axis',(0.,0.,1.));
#4893=DIRECTION('ref_axis',(-1.,0.,0.));
#4894=DIRECTION('center_axis',(0.,0.,-1.));
#4895=DIRECTION('ref_axis',(-1.,0.,0.));
#4896=DIRECTION('center_axis',(0.707106781186548,-0.707106781186547,0.));
#4897=DIRECTION('ref_axis',(-0.707106781186547,-0.707106781186548,0.));
#4898=DIRECTION('',(0.707106781186547,0.707106781186548,0.));
#4899=DIRECTION('',(0.,0.,-1.));
#4900=DIRECTION('',(-0.707106781186547,-0.707106781186548,0.));
#4901=DIRECTION('',(0.,0.,-1.));
#4902=DIRECTION('center_axis',(0.,1.,0.));
#4903=DIRECTION('ref_axis',(1.,0.,0.));
#4904=DIRECTION('',(1.,0.,0.));
#4905=DIRECTION('',(1.,0.,0.));
#4906=DIRECTION('',(0.,0.,-1.));
#4907=DIRECTION('center_axis',(-0.707106781186548,-0.707106781186548,0.));
#4908=DIRECTION('ref_axis',(-0.707106781186548,0.707106781186548,0.));
#4909=DIRECTION('',(-0.707106781186547,0.707106781186547,0.));
#4910=DIRECTION('',(-0.707106781186547,0.707106781186547,0.));
#4911=DIRECTION('',(0.,0.,-1.));
#4912=DIRECTION('center_axis',(0.,-1.,0.));
#4913=DIRECTION('ref_axis',(-1.,0.,0.));
#4914=DIRECTION('',(1.,0.,0.));
#4915=DIRECTION('',(-1.,0.,0.));
#4916=DIRECTION('center_axis',(0.,0.,1.));
#4917=DIRECTION('ref_axis',(-1.,0.,0.));
#4918=DIRECTION('center_axis',(0.,0.,-1.));
#4919=DIRECTION('ref_axis',(-1.,0.,0.));
#4920=DIRECTION('center_axis',(0.707106781186548,-0.707106781186547,0.));
#4921=DIRECTION('ref_axis',(-0.707106781186547,-0.707106781186548,0.));
#4922=DIRECTION('',(0.707106781186547,0.707106781186548,0.));
#4923=DIRECTION('',(0.,0.,-1.));
#4924=DIRECTION('',(-0.707106781186547,-0.707106781186548,0.));
#4925=DIRECTION('',(0.,0.,-1.));
#4926=DIRECTION('center_axis',(0.,1.,0.));
#4927=DIRECTION('ref_axis',(1.,0.,0.));
#4928=DIRECTION('',(1.,0.,0.));
#4929=DIRECTION('',(1.,0.,0.));
#4930=DIRECTION('',(0.,0.,-1.));
#4931=DIRECTION('center_axis',(-0.707106781186548,-0.707106781186548,0.));
#4932=DIRECTION('ref_axis',(-0.707106781186548,0.707106781186548,0.));
#4933=DIRECTION('',(-0.707106781186547,0.707106781186547,0.));
#4934=DIRECTION('',(-0.707106781186547,0.707106781186547,0.));
#4935=DIRECTION('',(0.,0.,-1.));
#4936=DIRECTION('center_axis',(0.,-1.,0.));
#4937=DIRECTION('ref_axis',(-1.,0.,0.));
#4938=DIRECTION('',(1.,0.,0.));
#4939=DIRECTION('',(-1.,0.,0.));
#4940=DIRECTION('center_axis',(0.,0.,1.));
#4941=DIRECTION('ref_axis',(-1.,0.,0.));
#4942=DIRECTION('center_axis',(0.,0.,-1.));
#4943=DIRECTION('ref_axis',(-1.,0.,0.));
#4944=DIRECTION('center_axis',(0.707106781186548,-0.707106781186547,0.));
#4945=DIRECTION('ref_axis',(-0.707106781186547,-0.707106781186548,0.));
#4946=DIRECTION('',(0.707106781186547,0.707106781186548,0.));
#4947=DIRECTION('',(0.,0.,-1.));
#4948=DIRECTION('',(-0.707106781186547,-0.707106781186548,0.));
#4949=DIRECTION('',(0.,0.,-1.));
#4950=DIRECTION('center_axis',(0.,1.,0.));
#4951=DIRECTION('ref_axis',(1.,0.,0.));
#4952=DIRECTION('',(1.,0.,0.));
#4953=DIRECTION('',(1.,0.,0.));
#4954=DIRECTION('',(0.,0.,-1.));
#4955=DIRECTION('center_axis',(-0.707106781186548,-0.707106781186548,0.));
#4956=DIRECTION('ref_axis',(-0.707106781186548,0.707106781186548,0.));
#4957=DIRECTION('',(-0.707106781186547,0.707106781186547,0.));
#4958=DIRECTION('',(-0.707106781186547,0.707106781186547,0.));
#4959=DIRECTION('',(0.,0.,-1.));
#4960=DIRECTION('center_axis',(0.,-1.,0.));
#4961=DIRECTION('ref_axis',(-1.,0.,0.));
#4962=DIRECTION('',(1.,0.,0.));
#4963=DIRECTION('',(-1.,0.,0.));
#4964=DIRECTION('center_axis',(0.,0.,1.));
#4965=DIRECTION('ref_axis',(-1.,0.,0.));
#4966=DIRECTION('center_axis',(0.,0.,-1.));
#4967=DIRECTION('ref_axis',(-1.,0.,0.));
#4968=DIRECTION('center_axis',(0.707106781186548,-0.707106781186547,0.));
#4969=DIRECTION('ref_axis',(-0.707106781186547,-0.707106781186548,0.));
#4970=DIRECTION('',(0.707106781186547,0.707106781186548,0.));
#4971=DIRECTION('',(0.,0.,-1.));
#4972=DIRECTION('',(-0.707106781186547,-0.707106781186548,0.));
#4973=DIRECTION('',(0.,0.,-1.));
#4974=DIRECTION('center_axis',(0.,1.,0.));
#4975=DIRECTION('ref_axis',(1.,0.,0.));
#4976=DIRECTION('',(1.,0.,0.));
#4977=DIRECTION('',(1.,0.,0.));
#4978=DIRECTION('',(0.,0.,-1.));
#4979=DIRECTION('center_axis',(-0.707106781186548,-0.707106781186548,0.));
#4980=DIRECTION('ref_axis',(-0.707106781186548,0.707106781186548,0.));
#4981=DIRECTION('',(-0.707106781186547,0.707106781186547,0.));
#4982=DIRECTION('',(-0.707106781186547,0.707106781186547,0.));
#4983=DIRECTION('',(0.,0.,-1.));
#4984=DIRECTION('center_axis',(0.,-1.,0.));
#4985=DIRECTION('ref_axis',(-1.,0.,0.));
#4986=DIRECTION('',(1.,0.,0.));
#4987=DIRECTION('',(-1.,0.,0.));
#4988=DIRECTION('center_axis',(0.,0.,1.));
#4989=DIRECTION('ref_axis',(-1.,0.,0.));
#4990=DIRECTION('center_axis',(0.,0.,-1.));
#4991=DIRECTION('ref_axis',(-1.,0.,0.));
#4992=DIRECTION('center_axis',(0.707106781186548,-0.707106781186547,0.));
#4993=DIRECTION('ref_axis',(-0.707106781186547,-0.707106781186548,0.));
#4994=DIRECTION('',(0.707106781186547,0.707106781186548,0.));
#4995=DIRECTION('',(0.,0.,-1.));
#4996=DIRECTION('',(-0.707106781186547,-0.707106781186548,0.));
#4997=DIRECTION('',(0.,0.,-1.));
#4998=DIRECTION('center_axis',(0.,1.,0.));
#4999=DIRECTION('ref_axis',(1.,0.,0.));
#5000=DIRECTION('',(1.,0.,0.));
#5001=DIRECTION('',(1.,0.,0.));
#5002=DIRECTION('',(0.,0.,-1.));
#5003=DIRECTION('center_axis',(-0.707106781186548,-0.707106781186548,0.));
#5004=DIRECTION('ref_axis',(-0.707106781186548,0.707106781186548,0.));
#5005=DIRECTION('',(-0.707106781186547,0.707106781186547,0.));
#5006=DIRECTION('',(-0.707106781186547,0.707106781186547,0.));
#5007=DIRECTION('',(0.,0.,-1.));
#5008=DIRECTION('center_axis',(0.,-1.,0.));
#5009=DIRECTION('ref_axis',(-1.,0.,0.));
#5010=DIRECTION('',(1.,0.,0.));
#5011=DIRECTION('',(-1.,0.,0.));
#5012=DIRECTION('center_axis',(0.,0.,1.));
#5013=DIRECTION('ref_axis',(-1.,0.,0.));
#5014=DIRECTION('center_axis',(0.,0.,-1.));
#5015=DIRECTION('ref_axis',(-1.,0.,0.));
#5016=DIRECTION('center_axis',(0.707106781186548,-0.707106781186547,0.));
#5017=DIRECTION('ref_axis',(-0.707106781186547,-0.707106781186548,0.));
#5018=DIRECTION('',(0.707106781186547,0.707106781186548,0.));
#5019=DIRECTION('',(0.,0.,-1.));
#5020=DIRECTION('',(-0.707106781186547,-0.707106781186548,0.));
#5021=DIRECTION('',(0.,0.,-1.));
#5022=DIRECTION('center_axis',(0.,1.,0.));
#5023=DIRECTION('ref_axis',(1.,0.,0.));
#5024=DIRECTION('',(1.,0.,0.));
#5025=DIRECTION('',(1.,0.,0.));
#5026=DIRECTION('',(0.,0.,-1.));
#5027=DIRECTION('center_axis',(-0.707106781186548,-0.707106781186548,0.));
#5028=DIRECTION('ref_axis',(-0.707106781186548,0.707106781186548,0.));
#5029=DIRECTION('',(-0.707106781186547,0.707106781186547,0.));
#5030=DIRECTION('',(-0.707106781186547,0.707106781186547,0.));
#5031=DIRECTION('',(0.,0.,-1.));
#5032=DIRECTION('center_axis',(0.,-1.,0.));
#5033=DIRECTION('ref_axis',(-1.,0.,0.));
#5034=DIRECTION('',(1.,0.,0.));
#5035=DIRECTION('',(-1.,0.,0.));
#5036=DIRECTION('center_axis',(0.,0.,1.));
#5037=DIRECTION('ref_axis',(-1.,0.,0.));
#5038=DIRECTION('center_axis',(0.,0.,-1.));
#5039=DIRECTION('ref_axis',(-1.,0.,0.));
#5040=DIRECTION('center_axis',(0.707106781186548,-0.707106781186547,0.));
#5041=DIRECTION('ref_axis',(-0.707106781186547,-0.707106781186548,0.));
#5042=DIRECTION('',(0.707106781186547,0.707106781186548,0.));
#5043=DIRECTION('',(0.,0.,-1.));
#5044=DIRECTION('',(-0.707106781186547,-0.707106781186548,0.));
#5045=DIRECTION('',(0.,0.,-1.));
#5046=DIRECTION('center_axis',(0.,1.,0.));
#5047=DIRECTION('ref_axis',(1.,0.,0.));
#5048=DIRECTION('',(1.,0.,0.));
#5049=DIRECTION('',(1.,0.,0.));
#5050=DIRECTION('',(0.,0.,-1.));
#5051=DIRECTION('center_axis',(-0.707106781186548,-0.707106781186548,0.));
#5052=DIRECTION('ref_axis',(-0.707106781186548,0.707106781186548,0.));
#5053=DIRECTION('',(-0.707106781186547,0.707106781186547,0.));
#5054=DIRECTION('',(-0.707106781186547,0.707106781186547,0.));
#5055=DIRECTION('',(0.,0.,-1.));
#5056=DIRECTION('center_axis',(0.,-1.,0.));
#5057=DIRECTION('ref_axis',(-1.,0.,0.));
#5058=DIRECTION('',(1.,0.,0.));
#5059=DIRECTION('',(-1.,0.,0.));
#5060=DIRECTION('center_axis',(0.,0.,1.));
#5061=DIRECTION('ref_axis',(-1.,0.,0.));
#5062=DIRECTION('center_axis',(0.,0.,-1.));
#5063=DIRECTION('ref_axis',(-1.,0.,0.));
#5064=DIRECTION('center_axis',(0.707106781186548,-0.707106781186547,0.));
#5065=DIRECTION('ref_axis',(-0.707106781186547,-0.707106781186548,0.));
#5066=DIRECTION('',(0.707106781186547,0.707106781186548,0.));
#5067=DIRECTION('',(0.,0.,-1.));
#5068=DIRECTION('',(-0.707106781186547,-0.707106781186548,0.));
#5069=DIRECTION('',(0.,0.,-1.));
#5070=DIRECTION('center_axis',(0.,1.,0.));
#5071=DIRECTION('ref_axis',(1.,0.,0.));
#5072=DIRECTION('',(1.,0.,0.));
#5073=DIRECTION('',(1.,0.,0.));
#5074=DIRECTION('',(0.,0.,-1.));
#5075=DIRECTION('center_axis',(-0.707106781186548,-0.707106781186548,0.));
#5076=DIRECTION('ref_axis',(-0.707106781186548,0.707106781186548,0.));
#5077=DIRECTION('',(-0.707106781186547,0.707106781186547,0.));
#5078=DIRECTION('',(-0.707106781186547,0.707106781186547,0.));
#5079=DIRECTION('',(0.,0.,-1.));
#5080=DIRECTION('center_axis',(0.,-1.,0.));
#5081=DIRECTION('ref_axis',(-1.,0.,0.));
#5082=DIRECTION('',(1.,0.,0.));
#5083=DIRECTION('',(-1.,0.,0.));
#5084=DIRECTION('center_axis',(0.,0.,1.));
#5085=DIRECTION('ref_axis',(-1.,0.,0.));
#5086=DIRECTION('center_axis',(0.,0.,-1.));
#5087=DIRECTION('ref_axis',(-1.,0.,0.));
#5088=DIRECTION('center_axis',(0.707106781186548,-0.707106781186547,0.));
#5089=DIRECTION('ref_axis',(-0.707106781186547,-0.707106781186548,0.));
#5090=DIRECTION('',(0.707106781186547,0.707106781186548,0.));
#5091=DIRECTION('',(0.,0.,-1.));
#5092=DIRECTION('',(-0.707106781186547,-0.707106781186548,0.));
#5093=DIRECTION('',(0.,0.,-1.));
#5094=DIRECTION('center_axis',(0.,1.,0.));
#5095=DIRECTION('ref_axis',(1.,0.,0.));
#5096=DIRECTION('',(1.,0.,0.));
#5097=DIRECTION('',(1.,0.,0.));
#5098=DIRECTION('',(0.,0.,-1.));
#5099=DIRECTION('center_axis',(-0.707106781186548,-0.707106781186548,0.));
#5100=DIRECTION('ref_axis',(-0.707106781186548,0.707106781186548,0.));
#5101=DIRECTION('',(-0.707106781186547,0.707106781186547,0.));
#5102=DIRECTION('',(-0.707106781186547,0.707106781186547,0.));
#5103=DIRECTION('',(0.,0.,-1.));
#5104=DIRECTION('center_axis',(0.,-1.,0.));
#5105=DIRECTION('ref_axis',(-1.,0.,0.));
#5106=DIRECTION('',(1.,0.,0.));
#5107=DIRECTION('',(-1.,0.,0.));
#5108=DIRECTION('center_axis',(0.,0.,1.));
#5109=DIRECTION('ref_axis',(-1.,0.,0.));
#5110=DIRECTION('center_axis',(0.,0.,-1.));
#5111=DIRECTION('ref_axis',(-1.,0.,0.));
#5112=DIRECTION('center_axis',(0.707106781186548,-0.707106781186547,0.));
#5113=DIRECTION('ref_axis',(-0.707106781186547,-0.707106781186548,0.));
#5114=DIRECTION('',(0.707106781186547,0.707106781186548,0.));
#5115=DIRECTION('',(0.,0.,-1.));
#5116=DIRECTION('',(-0.707106781186547,-0.707106781186548,0.));
#5117=DIRECTION('',(0.,0.,-1.));
#5118=DIRECTION('center_axis',(0.,1.,0.));
#5119=DIRECTION('ref_axis',(1.,0.,0.));
#5120=DIRECTION('',(1.,0.,0.));
#5121=DIRECTION('',(1.,0.,0.));
#5122=DIRECTION('',(0.,0.,-1.));
#5123=DIRECTION('center_axis',(-0.707106781186548,-0.707106781186548,0.));
#5124=DIRECTION('ref_axis',(-0.707106781186548,0.707106781186548,0.));
#5125=DIRECTION('',(-0.707106781186547,0.707106781186547,0.));
#5126=DIRECTION('',(-0.707106781186547,0.707106781186547,0.));
#5127=DIRECTION('',(0.,0.,-1.));
#5128=DIRECTION('center_axis',(0.,-1.,0.));
#5129=DIRECTION('ref_axis',(-1.,0.,0.));
#5130=DIRECTION('',(1.,0.,0.));
#5131=DIRECTION('',(-1.,0.,0.));
#5132=DIRECTION('center_axis',(0.,0.,1.));
#5133=DIRECTION('ref_axis',(-1.,0.,0.));
#5134=DIRECTION('center_axis',(0.,0.,-1.));
#5135=DIRECTION('ref_axis',(-1.,0.,0.));
#5136=DIRECTION('center_axis',(0.707106781186548,-0.707106781186547,0.));
#5137=DIRECTION('ref_axis',(-0.707106781186547,-0.707106781186548,0.));
#5138=DIRECTION('',(0.707106781186547,0.707106781186548,0.));
#5139=DIRECTION('',(0.,0.,-1.));
#5140=DIRECTION('',(-0.707106781186547,-0.707106781186548,0.));
#5141=DIRECTION('',(0.,0.,-1.));
#5142=DIRECTION('center_axis',(0.,1.,0.));
#5143=DIRECTION('ref_axis',(1.,0.,0.));
#5144=DIRECTION('',(1.,0.,0.));
#5145=DIRECTION('',(1.,0.,0.));
#5146=DIRECTION('',(0.,0.,-1.));
#5147=DIRECTION('center_axis',(-0.707106781186548,-0.707106781186548,0.));
#5148=DIRECTION('ref_axis',(-0.707106781186548,0.707106781186548,0.));
#5149=DIRECTION('',(-0.707106781186547,0.707106781186547,0.));
#5150=DIRECTION('',(-0.707106781186547,0.707106781186547,0.));
#5151=DIRECTION('',(0.,0.,-1.));
#5152=DIRECTION('center_axis',(0.,-1.,0.));
#5153=DIRECTION('ref_axis',(-1.,0.,0.));
#5154=DIRECTION('',(1.,0.,0.));
#5155=DIRECTION('',(-1.,0.,0.));
#5156=DIRECTION('center_axis',(0.,0.,1.));
#5157=DIRECTION('ref_axis',(-1.,0.,0.));
#5158=DIRECTION('center_axis',(0.,0.,-1.));
#5159=DIRECTION('ref_axis',(-1.,0.,0.));
#5160=DIRECTION('center_axis',(0.707106781186548,-0.707106781186547,0.));
#5161=DIRECTION('ref_axis',(-0.707106781186547,-0.707106781186548,0.));
#5162=DIRECTION('',(0.707106781186547,0.707106781186548,0.));
#5163=DIRECTION('',(0.,0.,-1.));
#5164=DIRECTION('',(-0.707106781186547,-0.707106781186548,0.));
#5165=DIRECTION('',(0.,0.,-1.));
#5166=DIRECTION('center_axis',(0.,1.,0.));
#5167=DIRECTION('ref_axis',(1.,0.,0.));
#5168=DIRECTION('',(1.,0.,0.));
#5169=DIRECTION('',(1.,0.,0.));
#5170=DIRECTION('',(0.,0.,-1.));
#5171=DIRECTION('center_axis',(-0.707106781186548,-0.707106781186548,0.));
#5172=DIRECTION('ref_axis',(-0.707106781186548,0.707106781186548,0.));
#5173=DIRECTION('',(-0.707106781186547,0.707106781186547,0.));
#5174=DIRECTION('',(-0.707106781186547,0.707106781186547,0.));
#5175=DIRECTION('',(0.,0.,-1.));
#5176=DIRECTION('center_axis',(0.,-1.,0.));
#5177=DIRECTION('ref_axis',(-1.,0.,0.));
#5178=DIRECTION('',(1.,0.,0.));
#5179=DIRECTION('',(-1.,0.,0.));
#5180=DIRECTION('center_axis',(0.,0.,1.));
#5181=DIRECTION('ref_axis',(-1.,0.,0.));
#5182=DIRECTION('center_axis',(0.,0.,-1.));
#5183=DIRECTION('ref_axis',(-1.,0.,0.));
#5184=DIRECTION('center_axis',(0.707106781186548,-0.707106781186547,0.));
#5185=DIRECTION('ref_axis',(-0.707106781186547,-0.707106781186548,0.));
#5186=DIRECTION('',(0.707106781186547,0.707106781186548,0.));
#5187=DIRECTION('',(0.,0.,-1.));
#5188=DIRECTION('',(-0.707106781186547,-0.707106781186548,0.));
#5189=DIRECTION('',(0.,0.,-1.));
#5190=DIRECTION('center_axis',(0.,1.,0.));
#5191=DIRECTION('ref_axis',(1.,0.,0.));
#5192=DIRECTION('',(1.,0.,0.));
#5193=DIRECTION('',(1.,0.,0.));
#5194=DIRECTION('',(0.,0.,-1.));
#5195=DIRECTION('center_axis',(-0.707106781186548,-0.707106781186548,0.));
#5196=DIRECTION('ref_axis',(-0.707106781186548,0.707106781186548,0.));
#5197=DIRECTION('',(-0.707106781186547,0.707106781186547,0.));
#5198=DIRECTION('',(-0.707106781186547,0.707106781186547,0.));
#5199=DIRECTION('',(0.,0.,-1.));
#5200=DIRECTION('center_axis',(0.,-1.,0.));
#5201=DIRECTION('ref_axis',(-1.,0.,0.));
#5202=DIRECTION('',(1.,0.,0.));
#5203=DIRECTION('',(-1.,0.,0.));
#5204=DIRECTION('center_axis',(0.,0.,1.));
#5205=DIRECTION('ref_axis',(-1.,0.,0.));
#5206=DIRECTION('center_axis',(0.,0.,-1.));
#5207=DIRECTION('ref_axis',(-1.,0.,0.));
#5208=DIRECTION('center_axis',(0.707106781186548,-0.707106781186547,0.));
#5209=DIRECTION('ref_axis',(-0.707106781186547,-0.707106781186548,0.));
#5210=DIRECTION('',(0.707106781186547,0.707106781186548,0.));
#5211=DIRECTION('',(0.,0.,-1.));
#5212=DIRECTION('',(-0.707106781186547,-0.707106781186548,0.));
#5213=DIRECTION('',(0.,0.,-1.));
#5214=DIRECTION('center_axis',(0.,1.,0.));
#5215=DIRECTION('ref_axis',(1.,0.,0.));
#5216=DIRECTION('',(1.,0.,0.));
#5217=DIRECTION('',(1.,0.,0.));
#5218=DIRECTION('',(0.,0.,-1.));
#5219=DIRECTION('center_axis',(-0.707106781186548,-0.707106781186548,0.));
#5220=DIRECTION('ref_axis',(-0.707106781186548,0.707106781186548,0.));
#5221=DIRECTION('',(-0.707106781186547,0.707106781186547,0.));
#5222=DIRECTION('',(-0.707106781186547,0.707106781186547,0.));
#5223=DIRECTION('',(0.,0.,-1.));
#5224=DIRECTION('center_axis',(0.,-1.,0.));
#5225=DIRECTION('ref_axis',(-1.,0.,0.));
#5226=DIRECTION('',(1.,0.,0.));
#5227=DIRECTION('',(-1.,0.,0.));
#5228=DIRECTION('center_axis',(0.,0.,1.));
#5229=DIRECTION('ref_axis',(-1.,0.,0.));
#5230=DIRECTION('center_axis',(0.,0.,-1.));
#5231=DIRECTION('ref_axis',(-1.,0.,0.));
#5232=DIRECTION('center_axis',(0.707106781186548,-0.707106781186547,0.));
#5233=DIRECTION('ref_axis',(-0.707106781186547,-0.707106781186548,0.));
#5234=DIRECTION('',(0.707106781186547,0.707106781186548,0.));
#5235=DIRECTION('',(0.,0.,-1.));
#5236=DIRECTION('',(-0.707106781186547,-0.707106781186548,0.));
#5237=DIRECTION('',(0.,0.,-1.));
#5238=DIRECTION('center_axis',(0.,1.,0.));
#5239=DIRECTION('ref_axis',(1.,0.,0.));
#5240=DIRECTION('',(1.,0.,0.));
#5241=DIRECTION('',(1.,0.,0.));
#5242=DIRECTION('',(0.,0.,-1.));
#5243=DIRECTION('center_axis',(-0.707106781186548,-0.707106781186548,0.));
#5244=DIRECTION('ref_axis',(-0.707106781186548,0.707106781186548,0.));
#5245=DIRECTION('',(-0.707106781186547,0.707106781186547,0.));
#5246=DIRECTION('',(-0.707106781186547,0.707106781186547,0.));
#5247=DIRECTION('',(0.,0.,-1.));
#5248=DIRECTION('center_axis',(0.,-1.,0.));
#5249=DIRECTION('ref_axis',(-1.,0.,0.));
#5250=DIRECTION('',(1.,0.,0.));
#5251=DIRECTION('',(-1.,0.,0.));
#5252=DIRECTION('center_axis',(0.,0.,1.));
#5253=DIRECTION('ref_axis',(-1.,0.,0.));
#5254=DIRECTION('center_axis',(0.,0.,-1.));
#5255=DIRECTION('ref_axis',(-1.,0.,0.));
#5256=DIRECTION('center_axis',(0.707106781186548,-0.707106781186547,0.));
#5257=DIRECTION('ref_axis',(-0.707106781186547,-0.707106781186548,0.));
#5258=DIRECTION('',(0.707106781186547,0.707106781186548,0.));
#5259=DIRECTION('',(0.,0.,-1.));
#5260=DIRECTION('',(-0.707106781186547,-0.707106781186548,0.));
#5261=DIRECTION('',(0.,0.,-1.));
#5262=DIRECTION('center_axis',(0.,1.,0.));
#5263=DIRECTION('ref_axis',(1.,0.,0.));
#5264=DIRECTION('',(1.,0.,0.));
#5265=DIRECTION('',(1.,0.,0.));
#5266=DIRECTION('',(0.,0.,-1.));
#5267=DIRECTION('center_axis',(-0.707106781186548,-0.707106781186548,0.));
#5268=DIRECTION('ref_axis',(-0.707106781186548,0.707106781186548,0.));
#5269=DIRECTION('',(-0.707106781186547,0.707106781186547,0.));
#5270=DIRECTION('',(-0.707106781186547,0.707106781186547,0.));
#5271=DIRECTION('',(0.,0.,-1.));
#5272=DIRECTION('center_axis',(0.,-1.,0.));
#5273=DIRECTION('ref_axis',(-1.,0.,0.));
#5274=DIRECTION('',(1.,0.,0.));
#5275=DIRECTION('',(-1.,0.,0.));
#5276=DIRECTION('center_axis',(0.,0.,1.));
#5277=DIRECTION('ref_axis',(-1.,0.,0.));
#5278=DIRECTION('center_axis',(0.,0.,-1.));
#5279=DIRECTION('ref_axis',(-1.,0.,0.));
#5280=DIRECTION('center_axis',(0.707106781186548,-0.707106781186547,0.));
#5281=DIRECTION('ref_axis',(-0.707106781186547,-0.707106781186548,0.));
#5282=DIRECTION('',(0.707106781186547,0.707106781186548,0.));
#5283=DIRECTION('',(0.,0.,-1.));
#5284=DIRECTION('',(-0.707106781186547,-0.707106781186548,0.));
#5285=DIRECTION('',(0.,0.,-1.));
#5286=DIRECTION('center_axis',(0.,1.,0.));
#5287=DIRECTION('ref_axis',(1.,0.,0.));
#5288=DIRECTION('',(1.,0.,0.));
#5289=DIRECTION('',(1.,0.,0.));
#5290=DIRECTION('',(0.,0.,-1.));
#5291=DIRECTION('center_axis',(-0.707106781186548,-0.707106781186548,0.));
#5292=DIRECTION('ref_axis',(-0.707106781186548,0.707106781186548,0.));
#5293=DIRECTION('',(-0.707106781186547,0.707106781186547,0.));
#5294=DIRECTION('',(-0.707106781186547,0.707106781186547,0.));
#5295=DIRECTION('',(0.,0.,-1.));
#5296=DIRECTION('center_axis',(0.,-1.,0.));
#5297=DIRECTION('ref_axis',(-1.,0.,0.));
#5298=DIRECTION('',(1.,0.,0.));
#5299=DIRECTION('',(-1.,0.,0.));
#5300=DIRECTION('center_axis',(0.,0.,1.));
#5301=DIRECTION('ref_axis',(-1.,0.,0.));
#5302=DIRECTION('center_axis',(0.,0.,-1.));
#5303=DIRECTION('ref_axis',(-1.,0.,0.));
#5304=DIRECTION('center_axis',(0.707106781186548,-0.707106781186547,0.));
#5305=DIRECTION('ref_axis',(-0.707106781186547,-0.707106781186548,0.));
#5306=DIRECTION('',(0.707106781186547,0.707106781186548,0.));
#5307=DIRECTION('',(0.,0.,-1.));
#5308=DIRECTION('',(-0.707106781186547,-0.707106781186548,0.));
#5309=DIRECTION('',(0.,0.,-1.));
#5310=DIRECTION('center_axis',(0.,1.,0.));
#5311=DIRECTION('ref_axis',(1.,0.,0.));
#5312=DIRECTION('',(1.,0.,0.));
#5313=DIRECTION('',(1.,0.,0.));
#5314=DIRECTION('',(0.,0.,-1.));
#5315=DIRECTION('center_axis',(-0.707106781186548,-0.707106781186548,0.));
#5316=DIRECTION('ref_axis',(-0.707106781186548,0.707106781186548,0.));
#5317=DIRECTION('',(-0.707106781186547,0.707106781186547,0.));
#5318=DIRECTION('',(-0.707106781186547,0.707106781186547,0.));
#5319=DIRECTION('',(0.,0.,-1.));
#5320=DIRECTION('center_axis',(0.,-1.,0.));
#5321=DIRECTION('ref_axis',(-1.,0.,0.));
#5322=DIRECTION('',(1.,0.,0.));
#5323=DIRECTION('',(-1.,0.,0.));
#5324=DIRECTION('center_axis',(0.,0.,1.));
#5325=DIRECTION('ref_axis',(-1.,0.,0.));
#5326=DIRECTION('center_axis',(0.,0.,-1.));
#5327=DIRECTION('ref_axis',(-1.,0.,0.));
#5328=DIRECTION('center_axis',(0.707106781186548,-0.707106781186547,0.));
#5329=DIRECTION('ref_axis',(-0.707106781186547,-0.707106781186548,0.));
#5330=DIRECTION('',(0.707106781186547,0.707106781186548,0.));
#5331=DIRECTION('',(0.,0.,-1.));
#5332=DIRECTION('',(-0.707106781186547,-0.707106781186548,0.));
#5333=DIRECTION('',(0.,0.,-1.));
#5334=DIRECTION('center_axis',(0.,1.,0.));
#5335=DIRECTION('ref_axis',(1.,0.,0.));
#5336=DIRECTION('',(1.,0.,0.));
#5337=DIRECTION('',(1.,0.,0.));
#5338=DIRECTION('',(0.,0.,-1.));
#5339=DIRECTION('center_axis',(-0.707106781186548,-0.707106781186548,0.));
#5340=DIRECTION('ref_axis',(-0.707106781186548,0.707106781186548,0.));
#5341=DIRECTION('',(-0.707106781186547,0.707106781186547,0.));
#5342=DIRECTION('',(-0.707106781186547,0.707106781186547,0.));
#5343=DIRECTION('',(0.,0.,-1.));
#5344=DIRECTION('center_axis',(0.,-1.,0.));
#5345=DIRECTION('ref_axis',(-1.,0.,0.));
#5346=DIRECTION('',(1.,0.,0.));
#5347=DIRECTION('',(-1.,0.,0.));
#5348=DIRECTION('center_axis',(0.,0.,1.));
#5349=DIRECTION('ref_axis',(-1.,0.,0.));
#5350=DIRECTION('center_axis',(0.,0.,-1.));
#5351=DIRECTION('ref_axis',(-1.,0.,0.));
#5352=DIRECTION('center_axis',(0.707106781186548,-0.707106781186547,0.));
#5353=DIRECTION('ref_axis',(-0.707106781186547,-0.707106781186548,0.));
#5354=DIRECTION('',(0.707106781186547,0.707106781186548,0.));
#5355=DIRECTION('',(0.,0.,-1.));
#5356=DIRECTION('',(-0.707106781186547,-0.707106781186548,0.));
#5357=DIRECTION('',(0.,0.,-1.));
#5358=DIRECTION('center_axis',(0.,1.,0.));
#5359=DIRECTION('ref_axis',(1.,0.,0.));
#5360=DIRECTION('',(1.,0.,0.));
#5361=DIRECTION('',(1.,0.,0.));
#5362=DIRECTION('',(0.,0.,-1.));
#5363=DIRECTION('center_axis',(-0.707106781186548,-0.707106781186548,0.));
#5364=DIRECTION('ref_axis',(-0.707106781186548,0.707106781186548,0.));
#5365=DIRECTION('',(-0.707106781186547,0.707106781186547,0.));
#5366=DIRECTION('',(-0.707106781186547,0.707106781186547,0.));
#5367=DIRECTION('',(0.,0.,-1.));
#5368=DIRECTION('center_axis',(0.,-1.,0.));
#5369=DIRECTION('ref_axis',(-1.,0.,0.));
#5370=DIRECTION('',(1.,0.,0.));
#5371=DIRECTION('',(-1.,0.,0.));
#5372=DIRECTION('center_axis',(0.,0.,1.));
#5373=DIRECTION('ref_axis',(-1.,0.,0.));
#5374=DIRECTION('center_axis',(0.,0.,-1.));
#5375=DIRECTION('ref_axis',(-1.,0.,0.));
#5376=DIRECTION('center_axis',(0.707106781186548,-0.707106781186547,0.));
#5377=DIRECTION('ref_axis',(-0.707106781186547,-0.707106781186548,0.));
#5378=DIRECTION('',(0.707106781186547,0.707106781186548,0.));
#5379=DIRECTION('',(0.,0.,-1.));
#5380=DIRECTION('',(-0.707106781186547,-0.707106781186548,0.));
#5381=DIRECTION('',(0.,0.,-1.));
#5382=DIRECTION('center_axis',(0.,1.,0.));
#5383=DIRECTION('ref_axis',(1.,0.,0.));
#5384=DIRECTION('',(1.,0.,0.));
#5385=DIRECTION('',(1.,0.,0.));
#5386=DIRECTION('',(0.,0.,-1.));
#5387=DIRECTION('center_axis',(-0.707106781186548,-0.707106781186548,0.));
#5388=DIRECTION('ref_axis',(-0.707106781186548,0.707106781186548,0.));
#5389=DIRECTION('',(-0.707106781186547,0.707106781186547,0.));
#5390=DIRECTION('',(-0.707106781186547,0.707106781186547,0.));
#5391=DIRECTION('',(0.,0.,-1.));
#5392=DIRECTION('center_axis',(0.,-1.,0.));
#5393=DIRECTION('ref_axis',(-1.,0.,0.));
#5394=DIRECTION('',(1.,0.,0.));
#5395=DIRECTION('',(-1.,0.,0.));
#5396=DIRECTION('center_axis',(0.,0.,1.));
#5397=DIRECTION('ref_axis',(-1.,0.,0.));
#5398=DIRECTION('center_axis',(0.,0.,-1.));
#5399=DIRECTION('ref_axis',(-1.,0.,0.));
#5400=DIRECTION('center_axis',(0.707106781186548,-0.707106781186547,0.));
#5401=DIRECTION('ref_axis',(-0.707106781186547,-0.707106781186548,0.));
#5402=DIRECTION('',(0.707106781186547,0.707106781186548,0.));
#5403=DIRECTION('',(0.,0.,-1.));
#5404=DIRECTION('',(-0.707106781186547,-0.707106781186548,0.));
#5405=DIRECTION('',(0.,0.,-1.));
#5406=DIRECTION('center_axis',(0.,1.,0.));
#5407=DIRECTION('ref_axis',(1.,0.,0.));
#5408=DIRECTION('',(1.,0.,0.));
#5409=DIRECTION('',(1.,0.,0.));
#5410=DIRECTION('',(0.,0.,-1.));
#5411=DIRECTION('center_axis',(-0.707106781186548,-0.707106781186548,0.));
#5412=DIRECTION('ref_axis',(-0.707106781186548,0.707106781186548,0.));
#5413=DIRECTION('',(-0.707106781186547,0.707106781186547,0.));
#5414=DIRECTION('',(-0.707106781186547,0.707106781186547,0.));
#5415=DIRECTION('',(0.,0.,-1.));
#5416=DIRECTION('center_axis',(0.,-1.,0.));
#5417=DIRECTION('ref_axis',(-1.,0.,0.));
#5418=DIRECTION('',(1.,0.,0.));
#5419=DIRECTION('',(-1.,0.,0.));
#5420=DIRECTION('center_axis',(0.,0.,1.));
#5421=DIRECTION('ref_axis',(-1.,0.,0.));
#5422=DIRECTION('center_axis',(0.,0.,-1.));
#5423=DIRECTION('ref_axis',(-1.,0.,0.));
#5424=DIRECTION('center_axis',(0.707106781186548,-0.707106781186547,0.));
#5425=DIRECTION('ref_axis',(-0.707106781186547,-0.707106781186548,0.));
#5426=DIRECTION('',(0.707106781186547,0.707106781186548,0.));
#5427=DIRECTION('',(0.,0.,-1.));
#5428=DIRECTION('',(-0.707106781186547,-0.707106781186548,0.));
#5429=DIRECTION('',(0.,0.,-1.));
#5430=DIRECTION('center_axis',(0.,1.,0.));
#5431=DIRECTION('ref_axis',(1.,0.,0.));
#5432=DIRECTION('',(1.,0.,0.));
#5433=DIRECTION('',(1.,0.,0.));
#5434=DIRECTION('',(0.,0.,-1.));
#5435=DIRECTION('center_axis',(-0.707106781186548,-0.707106781186548,0.));
#5436=DIRECTION('ref_axis',(-0.707106781186548,0.707106781186548,0.));
#5437=DIRECTION('',(-0.707106781186547,0.707106781186547,0.));
#5438=DIRECTION('',(-0.707106781186547,0.707106781186547,0.));
#5439=DIRECTION('',(0.,0.,-1.));
#5440=DIRECTION('center_axis',(0.,-1.,0.));
#5441=DIRECTION('ref_axis',(-1.,0.,0.));
#5442=DIRECTION('',(1.,0.,0.));
#5443=DIRECTION('',(-1.,0.,0.));
#5444=DIRECTION('center_axis',(0.,0.,1.));
#5445=DIRECTION('ref_axis',(-1.,0.,0.));
#5446=DIRECTION('center_axis',(0.,0.,-1.));
#5447=DIRECTION('ref_axis',(-1.,0.,0.));
#5448=DIRECTION('center_axis',(0.707106781186548,-0.707106781186547,0.));
#5449=DIRECTION('ref_axis',(-0.707106781186547,-0.707106781186548,0.));
#5450=DIRECTION('',(0.707106781186547,0.707106781186548,0.));
#5451=DIRECTION('',(0.,0.,-1.));
#5452=DIRECTION('',(-0.707106781186547,-0.707106781186548,0.));
#5453=DIRECTION('',(0.,0.,-1.));
#5454=DIRECTION('center_axis',(0.,1.,0.));
#5455=DIRECTION('ref_axis',(1.,0.,0.));
#5456=DIRECTION('',(1.,0.,0.));
#5457=DIRECTION('',(1.,0.,0.));
#5458=DIRECTION('',(0.,0.,-1.));
#5459=DIRECTION('center_axis',(-0.707106781186548,-0.707106781186548,0.));
#5460=DIRECTION('ref_axis',(-0.707106781186548,0.707106781186548,0.));
#5461=DIRECTION('',(-0.707106781186547,0.707106781186547,0.));
#5462=DIRECTION('',(-0.707106781186547,0.707106781186547,0.));
#5463=DIRECTION('',(0.,0.,-1.));
#5464=DIRECTION('center_axis',(0.,-1.,0.));
#5465=DIRECTION('ref_axis',(-1.,0.,0.));
#5466=DIRECTION('',(1.,0.,0.));
#5467=DIRECTION('',(-1.,0.,0.));
#5468=DIRECTION('center_axis',(0.,0.,1.));
#5469=DIRECTION('ref_axis',(-1.,0.,0.));
#5470=DIRECTION('center_axis',(0.,0.,-1.));
#5471=DIRECTION('ref_axis',(-1.,0.,0.));
#5472=DIRECTION('center_axis',(0.707106781186548,-0.707106781186547,0.));
#5473=DIRECTION('ref_axis',(-0.707106781186547,-0.707106781186548,0.));
#5474=DIRECTION('',(0.707106781186547,0.707106781186548,0.));
#5475=DIRECTION('',(0.,0.,-1.));
#5476=DIRECTION('',(-0.707106781186547,-0.707106781186548,0.));
#5477=DIRECTION('',(0.,0.,-1.));
#5478=DIRECTION('center_axis',(0.,1.,0.));
#5479=DIRECTION('ref_axis',(1.,0.,0.));
#5480=DIRECTION('',(1.,0.,0.));
#5481=DIRECTION('',(1.,0.,0.));
#5482=DIRECTION('',(0.,0.,-1.));
#5483=DIRECTION('center_axis',(-0.707106781186548,-0.707106781186548,0.));
#5484=DIRECTION('ref_axis',(-0.707106781186548,0.707106781186548,0.));
#5485=DIRECTION('',(-0.707106781186547,0.707106781186547,0.));
#5486=DIRECTION('',(-0.707106781186547,0.707106781186547,0.));
#5487=DIRECTION('',(0.,0.,-1.));
#5488=DIRECTION('center_axis',(0.,-1.,0.));
#5489=DIRECTION('ref_axis',(-1.,0.,0.));
#5490=DIRECTION('',(1.,0.,0.));
#5491=DIRECTION('',(-1.,0.,0.));
#5492=DIRECTION('center_axis',(0.,0.,1.));
#5493=DIRECTION('ref_axis',(-1.,0.,0.));
#5494=DIRECTION('center_axis',(0.,0.,-1.));
#5495=DIRECTION('ref_axis',(-1.,0.,0.));
#5496=DIRECTION('center_axis',(0.707106781186548,-0.707106781186547,0.));
#5497=DIRECTION('ref_axis',(-0.707106781186547,-0.707106781186548,0.));
#5498=DIRECTION('',(0.707106781186547,0.707106781186548,0.));
#5499=DIRECTION('',(0.,0.,-1.));
#5500=DIRECTION('',(-0.707106781186547,-0.707106781186548,0.));
#5501=DIRECTION('',(0.,0.,-1.));
#5502=DIRECTION('center_axis',(0.,1.,0.));
#5503=DIRECTION('ref_axis',(1.,0.,0.));
#5504=DIRECTION('',(1.,0.,0.));
#5505=DIRECTION('',(1.,0.,0.));
#5506=DIRECTION('',(0.,0.,-1.));
#5507=DIRECTION('center_axis',(-0.707106781186548,-0.707106781186548,0.));
#5508=DIRECTION('ref_axis',(-0.707106781186548,0.707106781186548,0.));
#5509=DIRECTION('',(-0.707106781186547,0.707106781186547,0.));
#5510=DIRECTION('',(-0.707106781186547,0.707106781186547,0.));
#5511=DIRECTION('',(0.,0.,-1.));
#5512=DIRECTION('center_axis',(0.,-1.,0.));
#5513=DIRECTION('ref_axis',(-1.,0.,0.));
#5514=DIRECTION('',(1.,0.,0.));
#5515=DIRECTION('',(-1.,0.,0.));
#5516=DIRECTION('center_axis',(0.,0.,1.));
#5517=DIRECTION('ref_axis',(-1.,0.,0.));
#5518=DIRECTION('center_axis',(0.,0.,-1.));
#5519=DIRECTION('ref_axis',(-1.,0.,0.));
#5520=DIRECTION('center_axis',(0.707106781186548,-0.707106781186547,0.));
#5521=DIRECTION('ref_axis',(-0.707106781186547,-0.707106781186548,0.));
#5522=DIRECTION('',(0.707106781186547,0.707106781186548,0.));
#5523=DIRECTION('',(0.,0.,-1.));
#5524=DIRECTION('',(-0.707106781186547,-0.707106781186548,0.));
#5525=DIRECTION('',(0.,0.,-1.));
#5526=DIRECTION('center_axis',(0.,1.,0.));
#5527=DIRECTION('ref_axis',(1.,0.,0.));
#5528=DIRECTION('',(1.,0.,0.));
#5529=DIRECTION('',(1.,0.,0.));
#5530=DIRECTION('',(0.,0.,-1.));
#5531=DIRECTION('center_axis',(-0.707106781186548,-0.707106781186548,0.));
#5532=DIRECTION('ref_axis',(-0.707106781186548,0.707106781186548,0.));
#5533=DIRECTION('',(-0.707106781186547,0.707106781186547,0.));
#5534=DIRECTION('',(-0.707106781186547,0.707106781186547,0.));
#5535=DIRECTION('',(0.,0.,-1.));
#5536=DIRECTION('center_axis',(0.,-1.,0.));
#5537=DIRECTION('ref_axis',(-1.,0.,0.));
#5538=DIRECTION('',(1.,0.,0.));
#5539=DIRECTION('',(-1.,0.,0.));
#5540=DIRECTION('center_axis',(0.,0.,1.));
#5541=DIRECTION('ref_axis',(-1.,0.,0.));
#5542=DIRECTION('center_axis',(0.,0.,-1.));
#5543=DIRECTION('ref_axis',(-1.,0.,0.));
#5544=DIRECTION('center_axis',(0.707106781186548,-0.707106781186547,0.));
#5545=DIRECTION('ref_axis',(-0.707106781186547,-0.707106781186548,0.));
#5546=DIRECTION('',(0.707106781186547,0.707106781186548,0.));
#5547=DIRECTION('',(0.,0.,-1.));
#5548=DIRECTION('',(-0.707106781186547,-0.707106781186548,0.));
#5549=DIRECTION('',(0.,0.,-1.));
#5550=DIRECTION('center_axis',(0.,1.,0.));
#5551=DIRECTION('ref_axis',(1.,0.,0.));
#5552=DIRECTION('',(1.,0.,0.));
#5553=DIRECTION('',(1.,0.,0.));
#5554=DIRECTION('',(0.,0.,-1.));
#5555=DIRECTION('center_axis',(-0.707106781186548,-0.707106781186548,0.));
#5556=DIRECTION('ref_axis',(-0.707106781186548,0.707106781186548,0.));
#5557=DIRECTION('',(-0.707106781186547,0.707106781186547,0.));
#5558=DIRECTION('',(-0.707106781186547,0.707106781186547,0.));
#5559=DIRECTION('',(0.,0.,-1.));
#5560=DIRECTION('center_axis',(0.,-1.,0.));
#5561=DIRECTION('ref_axis',(-1.,0.,0.));
#5562=DIRECTION('',(1.,0.,0.));
#5563=DIRECTION('',(-1.,0.,0.));
#5564=DIRECTION('center_axis',(0.,0.,1.));
#5565=DIRECTION('ref_axis',(-1.,0.,0.));
#5566=DIRECTION('center_axis',(0.,0.,-1.));
#5567=DIRECTION('ref_axis',(-1.,0.,0.));
#5568=DIRECTION('center_axis',(0.707106781186548,-0.707106781186547,0.));
#5569=DIRECTION('ref_axis',(-0.707106781186547,-0.707106781186548,0.));
#5570=DIRECTION('',(0.707106781186547,0.707106781186548,0.));
#5571=DIRECTION('',(0.,0.,-1.));
#5572=DIRECTION('',(-0.707106781186547,-0.707106781186548,0.));
#5573=DIRECTION('',(0.,0.,-1.));
#5574=DIRECTION('center_axis',(0.,1.,0.));
#5575=DIRECTION('ref_axis',(1.,0.,0.));
#5576=DIRECTION('',(1.,0.,0.));
#5577=DIRECTION('',(1.,0.,0.));
#5578=DIRECTION('',(0.,0.,-1.));
#5579=DIRECTION('center_axis',(-0.707106781186548,-0.707106781186548,0.));
#5580=DIRECTION('ref_axis',(-0.707106781186548,0.707106781186548,0.));
#5581=DIRECTION('',(-0.707106781186547,0.707106781186547,0.));
#5582=DIRECTION('',(-0.707106781186547,0.707106781186547,0.));
#5583=DIRECTION('',(0.,0.,-1.));
#5584=DIRECTION('center_axis',(0.,-1.,0.));
#5585=DIRECTION('ref_axis',(-1.,0.,0.));
#5586=DIRECTION('',(1.,0.,0.));
#5587=DIRECTION('',(-1.,0.,0.));
#5588=DIRECTION('center_axis',(0.,0.,1.));
#5589=DIRECTION('ref_axis',(-1.,0.,0.));
#5590=DIRECTION('center_axis',(0.,0.,-1.));
#5591=DIRECTION('ref_axis',(-1.,0.,0.));
#5592=DIRECTION('center_axis',(0.707106781186548,-0.707106781186547,0.));
#5593=DIRECTION('ref_axis',(-0.707106781186547,-0.707106781186548,0.));
#5594=DIRECTION('',(0.707106781186547,0.707106781186548,0.));
#5595=DIRECTION('',(0.,0.,-1.));
#5596=DIRECTION('',(-0.707106781186547,-0.707106781186548,0.));
#5597=DIRECTION('',(0.,0.,-1.));
#5598=DIRECTION('center_axis',(0.,1.,0.));
#5599=DIRECTION('ref_axis',(1.,0.,0.));
#5600=DIRECTION('',(1.,0.,0.));
#5601=DIRECTION('',(1.,0.,0.));
#5602=DIRECTION('',(0.,0.,-1.));
#5603=DIRECTION('center_axis',(-0.707106781186548,-0.707106781186548,0.));
#5604=DIRECTION('ref_axis',(-0.707106781186548,0.707106781186548,0.));
#5605=DIRECTION('',(-0.707106781186547,0.707106781186547,0.));
#5606=DIRECTION('',(-0.707106781186547,0.707106781186547,0.));
#5607=DIRECTION('',(0.,0.,-1.));
#5608=DIRECTION('center_axis',(0.,-1.,0.));
#5609=DIRECTION('ref_axis',(-1.,0.,0.));
#5610=DIRECTION('',(1.,0.,0.));
#5611=DIRECTION('',(-1.,0.,0.));
#5612=DIRECTION('center_axis',(0.,0.,1.));
#5613=DIRECTION('ref_axis',(-1.,0.,0.));
#5614=DIRECTION('center_axis',(0.,0.,-1.));
#5615=DIRECTION('ref_axis',(-1.,0.,0.));
#5616=DIRECTION('center_axis',(0.707106781186548,-0.707106781186547,0.));
#5617=DIRECTION('ref_axis',(-0.707106781186547,-0.707106781186548,0.));
#5618=DIRECTION('',(0.707106781186547,0.707106781186548,0.));
#5619=DIRECTION('',(0.,0.,-1.));
#5620=DIRECTION('',(-0.707106781186547,-0.707106781186548,0.));
#5621=DIRECTION('',(0.,0.,-1.));
#5622=DIRECTION('center_axis',(0.,1.,0.));
#5623=DIRECTION('ref_axis',(1.,0.,0.));
#5624=DIRECTION('',(1.,0.,0.));
#5625=DIRECTION('',(1.,0.,0.));
#5626=DIRECTION('',(0.,0.,-1.));
#5627=DIRECTION('center_axis',(-0.707106781186548,-0.707106781186548,0.));
#5628=DIRECTION('ref_axis',(-0.707106781186548,0.707106781186548,0.));
#5629=DIRECTION('',(-0.707106781186547,0.707106781186547,0.));
#5630=DIRECTION('',(-0.707106781186547,0.707106781186547,0.));
#5631=DIRECTION('',(0.,0.,-1.));
#5632=DIRECTION('center_axis',(0.,-1.,0.));
#5633=DIRECTION('ref_axis',(-1.,0.,0.));
#5634=DIRECTION('',(1.,0.,0.));
#5635=DIRECTION('',(-1.,0.,0.));
#5636=DIRECTION('center_axis',(0.,0.,1.));
#5637=DIRECTION('ref_axis',(-1.,0.,0.));
#5638=DIRECTION('center_axis',(0.,0.,-1.));
#5639=DIRECTION('ref_axis',(-1.,0.,0.));
#5640=CARTESIAN_POINT('',(0.,0.,0.));
#5641=CARTESIAN_POINT('Origin',(-19.5,-3.36777869765522E-16,2.));
#5642=CARTESIAN_POINT('',(-16.75,3.08148791101958E-31,2.));
#5643=CARTESIAN_POINT('Origin',(-19.5,-3.36777869765522E-16,2.));
#5644=CARTESIAN_POINT('',(-16.75,3.08148791101958E-31,0.));
#5645=CARTESIAN_POINT('',(-16.75,-6.73555739531044E-16,2.));
#5646=CARTESIAN_POINT('Origin',(-19.5,-3.36777869765522E-16,0.));
#5647=CARTESIAN_POINT('Origin',(0.,-2.4918,0.75));
#5648=CARTESIAN_POINT('',(27.1141135623731,-2.1418,1.1));
#5649=CARTESIAN_POINT('',(26.7641135623731,-2.4918,0.75));
#5650=CARTESIAN_POINT('',(21.5950946353109,-7.66081892706218,-4.41901892706218));
#5651=CARTESIAN_POINT('',(0.,-2.1418,1.1));
#5652=CARTESIAN_POINT('',(0.,-2.1418,1.1));
#5653=CARTESIAN_POINT('',(0.,-2.4918,0.75));
#5654=CARTESIAN_POINT('',(0.,-2.1418,1.1));
#5655=CARTESIAN_POINT('',(0.,-2.4918,0.75));
#5656=CARTESIAN_POINT('Origin',(0.,-3.1918,0.75));
#5657=CARTESIAN_POINT('',(26.0641135623731,-3.1918,0.75));
#5658=CARTESIAN_POINT('',(19.0230851717798,-10.2328283905933,0.75));
#5659=CARTESIAN_POINT('',(0.,-3.1918,0.75));
#5660=CARTESIAN_POINT('',(0.,-3.5418,0.75));
#5661=CARTESIAN_POINT('',(0.,-3.1918,0.75));
#5662=CARTESIAN_POINT('Origin',(0.,-3.5418,1.1));
#5663=CARTESIAN_POINT('',(25.7141135623731,-3.5418,1.1));
#5664=CARTESIAN_POINT('',(21.3784279686443,-7.87748559372885,5.43568559372885));
#5665=CARTESIAN_POINT('',(0.,-3.5418,1.1));
#5666=CARTESIAN_POINT('',(0.,-3.5418,1.1));
#5667=CARTESIAN_POINT('',(0.,-3.5418,1.1));
#5668=CARTESIAN_POINT('Origin',(0.,-3.5418,2.));
#5669=CARTESIAN_POINT('',(25.7141135623731,-3.5418,2.));
#5670=CARTESIAN_POINT('',(25.7141135623731,-3.5418,1.));
#5671=CARTESIAN_POINT('',(0.,-3.5418,2.));
#5672=CARTESIAN_POINT('',(0.,-3.5418,0.75));
#5673=CARTESIAN_POINT('',(0.735000000000001,-3.5418,2.));
#5674=CARTESIAN_POINT('Origin',(0.,-1.9418,1.8));
#5675=CARTESIAN_POINT('',(27.3141135623731,-1.9418,2.));
#5676=CARTESIAN_POINT('',(27.1141135623731,-2.1418,1.8));
#5677=CARTESIAN_POINT('Origin',(27.3141135623731,-1.9418,1.8));
#5678=CARTESIAN_POINT('',(0.,-1.9418,2.));
#5679=CARTESIAN_POINT('',(0.,-1.9418,2.));
#5680=CARTESIAN_POINT('',(0.,-2.1418,1.8));
#5681=CARTESIAN_POINT('Origin',(0.,-1.9418,1.8));
#5682=CARTESIAN_POINT('',(0.,-2.1418,1.8));
#5683=CARTESIAN_POINT('Origin',(0.,-2.1418,1.1));
#5684=CARTESIAN_POINT('',(27.1141135623731,-2.1418,0.55));
#5685=CARTESIAN_POINT('',(0.,-2.1418,2.));
#5686=CARTESIAN_POINT('Origin',(0.,-2.7418,1.375));
#5687=CARTESIAN_POINT('',(0.,-1.3709,2.));
#5688=CARTESIAN_POINT('Origin',(0.,0.6082,1.8));
#5689=CARTESIAN_POINT('',(26.8443135623731,0.6082,1.49));
#5690=CARTESIAN_POINT('',(26.8443135623731,0.6082,1.8));
#5691=CARTESIAN_POINT('',(26.8443135623731,0.6082,0.9));
#5692=CARTESIAN_POINT('',(0.,0.6082,1.49));
#5693=CARTESIAN_POINT('',(0.,0.6082,1.49));
#5694=CARTESIAN_POINT('',(0.,0.6082,1.8));
#5695=CARTESIAN_POINT('',(0.,0.6082,2.));
#5696=CARTESIAN_POINT('',(0.,0.6082,1.8));
#5697=CARTESIAN_POINT('Origin',(0.,0.4082,1.8));
#5698=CARTESIAN_POINT('',(27.0443135623731,0.4082,2.));
#5699=CARTESIAN_POINT('Origin',(27.0443135623731,0.4082,1.8));
#5700=CARTESIAN_POINT('',(0.,0.4082,2.));
#5701=CARTESIAN_POINT('Origin',(0.,0.4082,1.8));
#5702=CARTESIAN_POINT('',(0.,0.4082,2.));
#5703=CARTESIAN_POINT('Origin',(0.,0.9582,1.14));
#5704=CARTESIAN_POINT('',(23.2107135623731,4.2418,1.14));
#5705=CARTESIAN_POINT('',(26.4943135623731,0.9582,1.14));
#5706=CARTESIAN_POINT('',(20.4471317811866,7.00538178118655,1.14));
#5707=CARTESIAN_POINT('',(0.,4.2418,1.14));
#5708=CARTESIAN_POINT('',(11.6053567811866,4.2418,1.14));
#5709=CARTESIAN_POINT('',(0.,0.9582,1.14));
#5710=CARTESIAN_POINT('',(0.,0.9582,1.14));
#5711=CARTESIAN_POINT('',(0.,0.9582,1.14));
#5712=CARTESIAN_POINT('Origin',(0.,0.6082,1.49));
#5713=CARTESIAN_POINT('',(22.3895257082487,5.06298785412436,-2.96478785412436));
#5714=CARTESIAN_POINT('',(0.,0.6082,1.49));
#5715=CARTESIAN_POINT('Origin',(0.,-0.341800000000001,1.25));
#5716=CARTESIAN_POINT('',(27.9301373591578,-1.0418,1.25));
#5717=CARTESIAN_POINT('',(27.7685601909337,-0.341800000000001,1.25));
#5718=CARTESIAN_POINT('Origin',(26.94,-0.9017,1.25));
#5719=CARTESIAN_POINT('',(0.,-1.0418,1.25));
#5720=CARTESIAN_POINT('',(0.,-1.0418,1.25));
#5721=CARTESIAN_POINT('',(0.,-0.341800000000001,1.25));
#5722=CARTESIAN_POINT('',(0.,-1.3918,1.25));
#5723=CARTESIAN_POINT('',(0.,-0.341800000000001,1.25));
#5724=CARTESIAN_POINT('Origin',(0.,0.00820000000000015,0.9));
#5725=CARTESIAN_POINT('',(27.6471067811866,-0.194593218813453,1.10279321881345));
#5726=CARTESIAN_POINT('Origin',(26.94,-0.9017,1.8099));
#5727=CARTESIAN_POINT('',(0.,0.00820000000000015,0.9));
#5728=CARTESIAN_POINT('',(0.,0.00820000000000015,0.9));
#5729=CARTESIAN_POINT('',(27.4443135623731,0.00820000000000015,0.9));
#5730=CARTESIAN_POINT('',(0.,0.00820000000000015,0.9));
#5731=CARTESIAN_POINT('',(22.7878590415821,4.66465452079104,-3.75645452079103));
#5732=CARTESIAN_POINT('Origin',(0.,0.00820000000000015,0.2));
#5733=CARTESIAN_POINT('',(27.4443135623731,0.00820000000000015,0.2));
#5734=CARTESIAN_POINT('',(27.4443135623731,0.00820000000000015,0.1));
#5735=CARTESIAN_POINT('',(0.,0.00820000000000015,0.2));
#5736=CARTESIAN_POINT('',(0.,0.00820000000000015,1.25));
#5737=CARTESIAN_POINT('',(0.,0.00820000000000015,0.2));
#5738=CARTESIAN_POINT('Origin',(0.,0.2082,0.2));
#5739=CARTESIAN_POINT('',(27.2443135623731,0.2082,0.));
#5740=CARTESIAN_POINT('Origin',(27.2443135623731,0.2082,0.2));
#5741=CARTESIAN_POINT('',(0.,0.2082,0.));
#5742=CARTESIAN_POINT('Origin',(0.,0.2082,0.2));
#5743=CARTESIAN_POINT('',(0.,0.2082,0.));
#5744=CARTESIAN_POINT('Origin',(0.,-1.5918,0.2));
#5745=CARTESIAN_POINT('',(27.6637140250127,-1.5918,0.));
#5746=CARTESIAN_POINT('',(27.8116662147864,-1.3918,0.2));
#5747=CARTESIAN_POINT('Ctrl Pts',(27.6637140250126,-1.5918,3.46944695195361E-17));
#5748=CARTESIAN_POINT('Ctrl Pts',(27.6861001469371,-1.56832347427567,6.72746937662273E-17));
#5749=CARTESIAN_POINT('Ctrl Pts',(27.709100671783,-1.54166881945809,0.00437219442749946));
#5750=CARTESIAN_POINT('Ctrl Pts',(27.7493859714108,-1.48989237405799,0.0256491557520481));
#5751=CARTESIAN_POINT('Ctrl Pts',(27.7667115444379,-1.46483654678323,0.0426370428321989));
#5752=CARTESIAN_POINT('Ctrl Pts',(27.789596059805,-1.42944680980163,0.0810522347966494));
#5753=CARTESIAN_POINT('Ctrl Pts',(27.7979879107397,-1.41546827437796,0.102241588132781));
#5754=CARTESIAN_POINT('Ctrl Pts',(27.8090008395841,-1.39665008485511,0.149429654912507));
#5755=CARTESIAN_POINT('Ctrl Pts',(27.8116662147864,-1.3918,0.175413858304757));
#5756=CARTESIAN_POINT('Ctrl Pts',(27.8116662147864,-1.3918,0.2));
#5757=CARTESIAN_POINT('',(0.,-1.5918,3.46944695195361E-17));
#5758=CARTESIAN_POINT('',(0.,-1.5918,0.));
#5759=CARTESIAN_POINT('',(0.,-1.3918,0.2));
#5760=CARTESIAN_POINT('Origin',(0.,-1.5918,0.2));
#5761=CARTESIAN_POINT('',(0.,-1.3918,0.2));
#5762=CARTESIAN_POINT('Origin',(0.,-1.3918,0.9));
#5763=CARTESIAN_POINT('',(27.8116662147864,-1.3918,0.9));
#5764=CARTESIAN_POINT('',(27.8116662147864,-1.3918,0.));
#5765=CARTESIAN_POINT('',(0.,-1.3918,0.9));
#5766=CARTESIAN_POINT('',(0.,-1.3918,1.25));
#5767=CARTESIAN_POINT('',(0.,-1.3918,0.9));
#5768=CARTESIAN_POINT('Origin',(0.,-1.0418,1.25));
#5769=CARTESIAN_POINT('Origin',(26.94,-0.9017,1.3901));
#5770=CARTESIAN_POINT('',(0.,-1.3918,0.9));
#5771=CARTESIAN_POINT('Origin',(0.,-0.6918,0.625));
#5772=CARTESIAN_POINT('',(0.,-0.3459,0.));
#5773=CARTESIAN_POINT('Origin',(25.0141135623731,-4.2418,0.));
#5774=CARTESIAN_POINT('',(25.0141135623731,-4.2418,2.));
#5775=CARTESIAN_POINT('',(25.0141135623731,-4.2418,2.));
#5776=CARTESIAN_POINT('',(25.0141135623731,-4.2418,0.));
#5777=CARTESIAN_POINT('',(25.0141135623731,-4.2418,0.));
#5778=CARTESIAN_POINT('',(27.6471067811866,-1.60880678118655,0.));
#5779=CARTESIAN_POINT('',(25.0141135623731,-4.2418,0.));
#5780=CARTESIAN_POINT('',(27.6471067811866,-1.60880678118655,2.));
#5781=CARTESIAN_POINT('',(27.6471067811866,-1.60880678118655,0.));
#5782=CARTESIAN_POINT('',(25.0141135623731,-4.2418,2.));
#5783=CARTESIAN_POINT('Origin',(-16.73476936738,7.,0.));
#5784=CARTESIAN_POINT('',(-19.7989471398559,9.57115043874616,2.));
#5785=CARTESIAN_POINT('',(-16.73476936738,11.,2.));
#5786=CARTESIAN_POINT('Origin',(-16.73476936738,7.,2.));
#5787=CARTESIAN_POINT('',(-16.73476936738,11.,0.));
#5788=CARTESIAN_POINT('',(-16.73476936738,11.,0.));
#5789=CARTESIAN_POINT('',(-19.7989471398559,9.57115043874616,0.));
#5790=CARTESIAN_POINT('Origin',(-16.73476936738,7.,0.));
#5791=CARTESIAN_POINT('',(-19.7989471398559,9.57115043874616,0.));
#5792=CARTESIAN_POINT('Origin',(-18.6,11.,0.));
#5793=CARTESIAN_POINT('',(-24.0641777724759,4.4880465090784,0.));
#5794=CARTESIAN_POINT('',(-18.6,11.,0.));
#5795=CARTESIAN_POINT('',(-24.0641777724759,4.4880465090784,2.));
#5796=CARTESIAN_POINT('',(-24.0641777724759,4.4880465090784,0.));
#5797=CARTESIAN_POINT('',(-18.6,11.,2.));
#5798=CARTESIAN_POINT('Origin',(1.47,0.,0.));
#5799=CARTESIAN_POINT('Origin',(26.94,-0.9017,0.));
#5800=CARTESIAN_POINT('',(0.,-4.2418,0.));
#5801=CARTESIAN_POINT('',(0.,-4.2418,0.));
#5802=CARTESIAN_POINT('',(0.,-5.4,0.));
#5803=CARTESIAN_POINT('',(0.,-6.4,0.));
#5804=CARTESIAN_POINT('',(-1.,-6.4,0.));
#5805=CARTESIAN_POINT('Origin',(-1.,-5.4,0.));
#5806=CARTESIAN_POINT('',(-3.,-6.4,0.));
#5807=CARTESIAN_POINT('',(-3.,-6.4,0.));
#5808=CARTESIAN_POINT('',(-3.,-8.5,0.));
#5809=CARTESIAN_POINT('',(-3.,-6.4,0.));
#5810=CARTESIAN_POINT('',(-5.5,-11.,0.));
#5811=CARTESIAN_POINT('Origin',(-5.5,-8.5,0.));
#5812=CARTESIAN_POINT('',(-16.73476936738,-11.,0.));
#5813=CARTESIAN_POINT('',(-3.,-11.,0.));
#5814=CARTESIAN_POINT('',(-19.7989471398559,-9.57115043874616,0.));
#5815=CARTESIAN_POINT('Origin',(-16.73476936738,-7.,0.));
#5816=CARTESIAN_POINT('',(-24.0641777724759,-4.48804650907839,0.));
#5817=CARTESIAN_POINT('',(-18.6,-11.,0.));
#5818=CARTESIAN_POINT('',(-25.,-1.91689607033224,0.));
#5819=CARTESIAN_POINT('Origin',(-21.,-1.91689607033224,0.));
#5820=CARTESIAN_POINT('',(-25.,1.91689607033224,0.));
#5821=CARTESIAN_POINT('',(-25.,-3.37277700739705,0.));
#5822=CARTESIAN_POINT('Origin',(-21.,1.91689607033224,0.));
#5823=CARTESIAN_POINT('',(-5.5,11.,0.));
#5824=CARTESIAN_POINT('',(-18.6,11.,0.));
#5825=CARTESIAN_POINT('',(-3.,8.5,0.));
#5826=CARTESIAN_POINT('Origin',(-5.5,8.5,0.));
#5827=CARTESIAN_POINT('',(-3.,6.4,0.));
#5828=CARTESIAN_POINT('',(-3.,11.,0.));
#5829=CARTESIAN_POINT('',(-1.,6.4,0.));
#5830=CARTESIAN_POINT('',(0.,6.4,0.));
#5831=CARTESIAN_POINT('',(0.,5.4,0.));
#5832=CARTESIAN_POINT('Origin',(-1.,5.4,0.));
#5833=CARTESIAN_POINT('',(0.,4.2418,0.));
#5834=CARTESIAN_POINT('',(0.,4.2418,0.));
#5835=CARTESIAN_POINT('',(23.2107135623731,4.2418,0.));
#5836=CARTESIAN_POINT('',(0.,4.2418,0.));
#5837=CARTESIAN_POINT('',(23.2107135623731,4.2418,0.));
#5838=CARTESIAN_POINT('Origin',(-21.,1.91689607033224,0.));
#5839=CARTESIAN_POINT('',(-25.,1.91689607033224,2.));
#5840=CARTESIAN_POINT('Origin',(-21.,1.91689607033224,2.));
#5841=CARTESIAN_POINT('',(-25.,1.91689607033224,0.));
#5842=CARTESIAN_POINT('Origin',(-25.,3.37277700739706,0.));
#5843=CARTESIAN_POINT('',(-25.,-1.91689607033224,2.));
#5844=CARTESIAN_POINT('',(-25.,-1.91689607033224,0.));
#5845=CARTESIAN_POINT('',(-25.,-3.37277700739705,2.));
#5846=CARTESIAN_POINT('Origin',(-21.,-1.91689607033224,0.));
#5847=CARTESIAN_POINT('',(-24.0641777724759,-4.48804650907839,2.));
#5848=CARTESIAN_POINT('Origin',(-21.,-1.91689607033224,2.));
#5849=CARTESIAN_POINT('',(-24.0641777724759,-4.48804650907839,0.));
#5850=CARTESIAN_POINT('Origin',(-25.,-3.37277700739705,0.));
#5851=CARTESIAN_POINT('',(-19.7989471398559,-9.57115043874616,2.));
#5852=CARTESIAN_POINT('',(-19.7989471398559,-9.57115043874616,0.));
#5853=CARTESIAN_POINT('',(-18.6,-11.,2.));
#5854=CARTESIAN_POINT('Origin',(-16.73476936738,-7.,0.));
#5855=CARTESIAN_POINT('',(-16.73476936738,-11.,2.));
#5856=CARTESIAN_POINT('Origin',(-16.73476936738,-7.,2.));
#5857=CARTESIAN_POINT('',(-16.73476936738,-11.,0.));
#5858=CARTESIAN_POINT('Origin',(-18.6,-11.,0.));
#5859=CARTESIAN_POINT('',(-5.5,-11.,2.));
#5860=CARTESIAN_POINT('',(-5.5,-11.,0.));
#5861=CARTESIAN_POINT('',(-3.,-11.,2.));
#5862=CARTESIAN_POINT('Origin',(-1.,5.4,0.));
#5863=CARTESIAN_POINT('',(-1.,6.4,2.));
#5864=CARTESIAN_POINT('',(0.,5.4,2.));
#5865=CARTESIAN_POINT('Origin',(-1.,5.4,2.));
#5866=CARTESIAN_POINT('',(0.,5.4,0.));
#5867=CARTESIAN_POINT('',(-1.,6.4,0.));
#5868=CARTESIAN_POINT('Origin',(0.,6.4,0.));
#5869=CARTESIAN_POINT('',(-3.,6.4,2.));
#5870=CARTESIAN_POINT('',(-3.,6.4,0.));
#5871=CARTESIAN_POINT('',(0.,6.4,2.));
#5872=CARTESIAN_POINT('Origin',(-1.,-5.4,0.));
#5873=CARTESIAN_POINT('',(0.,-5.4,2.));
#5874=CARTESIAN_POINT('',(-1.,-6.4,2.));
#5875=CARTESIAN_POINT('Origin',(-1.,-5.4,2.));
#5876=CARTESIAN_POINT('',(-1.,-6.4,0.));
#5877=CARTESIAN_POINT('',(0.,-5.4,0.));
#5878=CARTESIAN_POINT('Origin',(-3.,-6.4,0.));
#5879=CARTESIAN_POINT('',(-3.,-6.4,2.));
#5880=CARTESIAN_POINT('',(-3.,-6.4,2.));
#5881=CARTESIAN_POINT('',(-3.,-6.4,0.));
#5882=CARTESIAN_POINT('Origin',(-3.,-8.5,0.));
#5883=CARTESIAN_POINT('',(-3.,-8.5,2.));
#5884=CARTESIAN_POINT('',(-3.,-6.4,2.));
#5885=CARTESIAN_POINT('',(-3.,-8.5,0.));
#5886=CARTESIAN_POINT('Origin',(-5.5,-8.5,0.));
#5887=CARTESIAN_POINT('Origin',(-5.5,-8.5,2.));
#5888=CARTESIAN_POINT('Origin',(-5.5,11.,0.));
#5889=CARTESIAN_POINT('',(-5.5,11.,2.));
#5890=CARTESIAN_POINT('',(-18.6,11.,2.));
#5891=CARTESIAN_POINT('',(-5.5,11.,0.));
#5892=CARTESIAN_POINT('Origin',(-5.5,8.5,0.));
#5893=CARTESIAN_POINT('',(-3.,8.5,2.));
#5894=CARTESIAN_POINT('Origin',(-5.5,8.5,2.));
#5895=CARTESIAN_POINT('',(-3.,8.5,0.));
#5896=CARTESIAN_POINT('Origin',(-3.,6.4,0.));
#5897=CARTESIAN_POINT('',(-3.,11.,2.));
#5898=CARTESIAN_POINT('Origin',(0.,4.2418,0.));
#5899=CARTESIAN_POINT('',(0.,1.1625,2.));
#5900=CARTESIAN_POINT('',(0.,4.2418,0.));
#5901=CARTESIAN_POINT('Origin',(23.2107135623731,4.2418,0.));
#5902=CARTESIAN_POINT('',(23.2107135623731,4.2418,0.));
#5903=CARTESIAN_POINT('Origin',(27.6471067811866,-0.194593218813454,0.));
#5904=CARTESIAN_POINT('',(27.6471067811866,-0.194593218813452,2.));
#5905=CARTESIAN_POINT('',(23.2107135623731,4.2418,2.));
#5906=CARTESIAN_POINT('',(27.6471067811866,-0.194593218813453,0.));
#5907=CARTESIAN_POINT('Origin',(26.94,-0.9017,0.));
#5908=CARTESIAN_POINT('Origin',(26.94,-0.9017,2.));
#5909=CARTESIAN_POINT('Origin',(0.,-4.2418,0.));
#5910=CARTESIAN_POINT('',(0.,-4.2418,2.));
#5911=CARTESIAN_POINT('',(0.,-4.2418,2.));
#5912=CARTESIAN_POINT('',(0.,-4.2418,0.));
#5913=CARTESIAN_POINT('Origin',(0.,-6.4,0.));
#5914=CARTESIAN_POINT('',(0.,-6.4,2.));
#5915=CARTESIAN_POINT('Origin',(1.47,0.,2.));
#5916=CARTESIAN_POINT('Origin',(11.5832406871193,4.85224068711929,2.));
#5917=CARTESIAN_POINT('',(7.3406,0.609600000000001,2.));
#5918=CARTESIAN_POINT('',(11.5832406871193,4.85224068711929,2.));
#5919=CARTESIAN_POINT('',(7.3406,0.609600000000001,2.));
#5920=CARTESIAN_POINT('',(7.3406,0.609600000000001,0.));
#5921=CARTESIAN_POINT('',(7.3406,0.609600000000001,2.));
#5922=CARTESIAN_POINT('',(11.5832406871193,4.85224068711929,0.));
#5923=CARTESIAN_POINT('',(7.3406,0.609600000000001,0.));
#5924=CARTESIAN_POINT('',(11.5832406871193,4.85224068711929,2.));
#5925=CARTESIAN_POINT('Origin',(0.964359312880715,4.85224068711929,2.));
#5926=CARTESIAN_POINT('',(0.964359312880715,4.85224068711929,2.));
#5927=CARTESIAN_POINT('',(0.964359312880715,4.85224068711929,2.));
#5928=CARTESIAN_POINT('',(0.964359312880715,4.85224068711929,0.));
#5929=CARTESIAN_POINT('',(0.964359312880715,4.85224068711929,0.));
#5930=CARTESIAN_POINT('',(0.964359312880715,4.85224068711929,2.));
#5931=CARTESIAN_POINT('Origin',(5.207,0.609600000000001,2.));
#5932=CARTESIAN_POINT('',(5.207,0.609600000000001,2.));
#5933=CARTESIAN_POINT('',(5.207,0.609600000000001,2.));
#5934=CARTESIAN_POINT('',(5.207,0.609600000000001,0.));
#5935=CARTESIAN_POINT('',(5.207,0.609600000000001,0.));
#5936=CARTESIAN_POINT('',(5.207,0.609600000000001,2.));
#5937=CARTESIAN_POINT('Origin',(7.3406,0.609600000000001,2.));
#5938=CARTESIAN_POINT('',(5.207,0.609600000000001,2.));
#5939=CARTESIAN_POINT('',(5.207,0.609600000000001,0.));
#5940=CARTESIAN_POINT('Origin',(6.2738,2.73092034355964,2.));
#5941=CARTESIAN_POINT('Origin',(6.2738,2.73092034355964,0.));
#5942=CARTESIAN_POINT('Origin',(15.3932406871193,4.85224068711929,2.));
#5943=CARTESIAN_POINT('',(11.1506,0.609600000000001,2.));
#5944=CARTESIAN_POINT('',(15.3932406871193,4.85224068711929,2.));
#5945=CARTESIAN_POINT('',(11.1506,0.609600000000001,2.));
#5946=CARTESIAN_POINT('',(11.1506,0.609600000000001,0.));
#5947=CARTESIAN_POINT('',(11.1506,0.609600000000001,2.));
#5948=CARTESIAN_POINT('',(15.3932406871193,4.85224068711929,0.));
#5949=CARTESIAN_POINT('',(11.1506,0.609600000000001,0.));
#5950=CARTESIAN_POINT('',(15.3932406871193,4.85224068711929,2.));
#5951=CARTESIAN_POINT('Origin',(4.77435931288071,4.85224068711929,2.));
#5952=CARTESIAN_POINT('',(4.77435931288071,4.85224068711929,2.));
#5953=CARTESIAN_POINT('',(4.77435931288071,4.85224068711929,2.));
#5954=CARTESIAN_POINT('',(4.77435931288071,4.85224068711929,0.));
#5955=CARTESIAN_POINT('',(4.77435931288071,4.85224068711929,0.));
#5956=CARTESIAN_POINT('',(4.77435931288071,4.85224068711929,2.));
#5957=CARTESIAN_POINT('Origin',(9.017,0.609600000000001,2.));
#5958=CARTESIAN_POINT('',(9.017,0.609600000000001,2.));
#5959=CARTESIAN_POINT('',(9.017,0.609600000000001,2.));
#5960=CARTESIAN_POINT('',(9.017,0.609600000000001,0.));
#5961=CARTESIAN_POINT('',(9.017,0.609600000000001,0.));
#5962=CARTESIAN_POINT('',(9.017,0.609600000000001,2.));
#5963=CARTESIAN_POINT('Origin',(11.1506,0.609600000000001,2.));
#5964=CARTESIAN_POINT('',(9.017,0.609600000000001,2.));
#5965=CARTESIAN_POINT('',(9.017,0.609600000000001,0.));
#5966=CARTESIAN_POINT('Origin',(10.0838,2.73092034355964,2.));
#5967=CARTESIAN_POINT('Origin',(10.0838,2.73092034355964,0.));
#5968=CARTESIAN_POINT('Origin',(19.2032406871193,4.85224068711929,2.));
#5969=CARTESIAN_POINT('',(14.9606,0.609600000000001,2.));
#5970=CARTESIAN_POINT('',(19.2032406871193,4.85224068711929,2.));
#5971=CARTESIAN_POINT('',(14.9606,0.609600000000001,2.));
#5972=CARTESIAN_POINT('',(14.9606,0.609600000000001,0.));
#5973=CARTESIAN_POINT('',(14.9606,0.609600000000001,2.));
#5974=CARTESIAN_POINT('',(19.2032406871193,4.85224068711929,0.));
#5975=CARTESIAN_POINT('',(14.9606,0.609600000000001,0.));
#5976=CARTESIAN_POINT('',(19.2032406871193,4.85224068711929,2.));
#5977=CARTESIAN_POINT('Origin',(8.58435931288071,4.85224068711929,2.));
#5978=CARTESIAN_POINT('',(8.58435931288071,4.85224068711929,2.));
#5979=CARTESIAN_POINT('',(8.58435931288071,4.85224068711929,2.));
#5980=CARTESIAN_POINT('',(8.58435931288071,4.85224068711929,0.));
#5981=CARTESIAN_POINT('',(8.58435931288071,4.85224068711929,0.));
#5982=CARTESIAN_POINT('',(8.58435931288071,4.85224068711929,2.));
#5983=CARTESIAN_POINT('Origin',(12.827,0.609600000000001,2.));
#5984=CARTESIAN_POINT('',(12.827,0.609600000000001,2.));
#5985=CARTESIAN_POINT('',(12.827,0.609600000000001,2.));
#5986=CARTESIAN_POINT('',(12.827,0.609600000000001,0.));
#5987=CARTESIAN_POINT('',(12.827,0.609600000000001,0.));
#5988=CARTESIAN_POINT('',(12.827,0.609600000000001,2.));
#5989=CARTESIAN_POINT('Origin',(14.9606,0.609600000000001,2.));
#5990=CARTESIAN_POINT('',(12.827,0.609600000000001,2.));
#5991=CARTESIAN_POINT('',(12.827,0.609600000000001,0.));
#5992=CARTESIAN_POINT('Origin',(13.8938,2.73092034355964,2.));
#5993=CARTESIAN_POINT('Origin',(13.8938,2.73092034355964,0.));
#5994=CARTESIAN_POINT('Origin',(23.0132406871193,4.85224068711929,2.));
#5995=CARTESIAN_POINT('',(18.7706,0.609600000000001,2.));
#5996=CARTESIAN_POINT('',(23.0132406871193,4.85224068711929,2.));
#5997=CARTESIAN_POINT('',(18.7706,0.609600000000001,2.));
#5998=CARTESIAN_POINT('',(18.7706,0.609600000000001,0.));
#5999=CARTESIAN_POINT('',(18.7706,0.609600000000001,2.));
#6000=CARTESIAN_POINT('',(23.0132406871193,4.85224068711929,0.));
#6001=CARTESIAN_POINT('',(18.7706,0.609600000000001,0.));
#6002=CARTESIAN_POINT('',(23.0132406871193,4.85224068711929,2.));
#6003=CARTESIAN_POINT('Origin',(12.3943593128807,4.85224068711929,2.));
#6004=CARTESIAN_POINT('',(12.3943593128807,4.85224068711929,2.));
#6005=CARTESIAN_POINT('',(12.3943593128807,4.85224068711929,2.));
#6006=CARTESIAN_POINT('',(12.3943593128807,4.85224068711929,0.));
#6007=CARTESIAN_POINT('',(12.3943593128807,4.85224068711929,0.));
#6008=CARTESIAN_POINT('',(12.3943593128807,4.85224068711929,2.));
#6009=CARTESIAN_POINT('Origin',(16.637,0.609600000000001,2.));
#6010=CARTESIAN_POINT('',(16.637,0.609600000000001,2.));
#6011=CARTESIAN_POINT('',(16.637,0.609600000000001,2.));
#6012=CARTESIAN_POINT('',(16.637,0.609600000000001,0.));
#6013=CARTESIAN_POINT('',(16.637,0.609600000000001,0.));
#6014=CARTESIAN_POINT('',(16.637,0.609600000000001,2.));
#6015=CARTESIAN_POINT('Origin',(18.7706,0.609600000000001,2.));
#6016=CARTESIAN_POINT('',(16.637,0.609600000000001,2.));
#6017=CARTESIAN_POINT('',(16.637,0.609600000000001,0.));
#6018=CARTESIAN_POINT('Origin',(17.7038,2.73092034355964,2.));
#6019=CARTESIAN_POINT('Origin',(17.7038,2.73092034355964,0.));
#6020=CARTESIAN_POINT('Origin',(26.8232406871193,4.85224068711929,2.));
#6021=CARTESIAN_POINT('',(22.5806,0.609600000000001,2.));
#6022=CARTESIAN_POINT('',(26.8232406871193,4.85224068711929,2.));
#6023=CARTESIAN_POINT('',(22.5806,0.609600000000001,2.));
#6024=CARTESIAN_POINT('',(22.5806,0.609600000000001,0.));
#6025=CARTESIAN_POINT('',(22.5806,0.609600000000001,2.));
#6026=CARTESIAN_POINT('',(26.8232406871193,4.85224068711929,0.));
#6027=CARTESIAN_POINT('',(22.5806,0.609600000000001,0.));
#6028=CARTESIAN_POINT('',(26.8232406871193,4.85224068711929,2.));
#6029=CARTESIAN_POINT('Origin',(16.2043593128807,4.85224068711929,2.));
#6030=CARTESIAN_POINT('',(16.2043593128807,4.85224068711929,2.));
#6031=CARTESIAN_POINT('',(16.2043593128807,4.85224068711929,2.));
#6032=CARTESIAN_POINT('',(16.2043593128807,4.85224068711929,0.));
#6033=CARTESIAN_POINT('',(16.2043593128807,4.85224068711929,0.));
#6034=CARTESIAN_POINT('',(16.2043593128807,4.85224068711929,2.));
#6035=CARTESIAN_POINT('Origin',(20.447,0.609600000000001,2.));
#6036=CARTESIAN_POINT('',(20.447,0.609600000000001,2.));
#6037=CARTESIAN_POINT('',(20.447,0.609600000000001,2.));
#6038=CARTESIAN_POINT('',(20.447,0.609600000000001,0.));
#6039=CARTESIAN_POINT('',(20.447,0.609600000000001,0.));
#6040=CARTESIAN_POINT('',(20.447,0.609600000000001,2.));
#6041=CARTESIAN_POINT('Origin',(22.5806,0.609600000000001,2.));
#6042=CARTESIAN_POINT('',(20.447,0.609600000000001,2.));
#6043=CARTESIAN_POINT('',(20.447,0.609600000000001,0.));
#6044=CARTESIAN_POINT('Origin',(21.5138,2.73092034355964,2.));
#6045=CARTESIAN_POINT('Origin',(21.5138,2.73092034355964,0.));
#6046=CARTESIAN_POINT('Origin',(11.5832406871193,5.43644068711929,2.));
#6047=CARTESIAN_POINT('',(7.3406,1.1938,2.));
#6048=CARTESIAN_POINT('',(11.5832406871193,5.43644068711929,2.));
#6049=CARTESIAN_POINT('',(7.3406,1.1938,2.));
#6050=CARTESIAN_POINT('',(7.3406,1.1938,0.));
#6051=CARTESIAN_POINT('',(7.3406,1.1938,2.));
#6052=CARTESIAN_POINT('',(11.5832406871193,5.43644068711929,0.));
#6053=CARTESIAN_POINT('',(7.3406,1.1938,0.));
#6054=CARTESIAN_POINT('',(11.5832406871193,5.43644068711929,2.));
#6055=CARTESIAN_POINT('Origin',(0.964359312880715,5.43644068711929,2.));
#6056=CARTESIAN_POINT('',(0.964359312880715,5.43644068711929,2.));
#6057=CARTESIAN_POINT('',(0.964359312880715,5.43644068711929,2.));
#6058=CARTESIAN_POINT('',(0.964359312880715,5.43644068711929,0.));
#6059=CARTESIAN_POINT('',(0.964359312880715,5.43644068711929,0.));
#6060=CARTESIAN_POINT('',(0.964359312880715,5.43644068711929,2.));
#6061=CARTESIAN_POINT('Origin',(5.207,1.1938,2.));
#6062=CARTESIAN_POINT('',(5.207,1.1938,2.));
#6063=CARTESIAN_POINT('',(5.207,1.1938,2.));
#6064=CARTESIAN_POINT('',(5.207,1.1938,0.));
#6065=CARTESIAN_POINT('',(5.207,1.1938,0.));
#6066=CARTESIAN_POINT('',(5.207,1.1938,2.));
#6067=CARTESIAN_POINT('Origin',(7.3406,1.1938,2.));
#6068=CARTESIAN_POINT('',(5.207,1.1938,2.));
#6069=CARTESIAN_POINT('',(5.207,1.1938,0.));
#6070=CARTESIAN_POINT('Origin',(6.2738,3.31512034355964,2.));
#6071=CARTESIAN_POINT('Origin',(6.2738,3.31512034355964,0.));
#6072=CARTESIAN_POINT('Origin',(15.3932406871193,5.43644068711929,2.));
#6073=CARTESIAN_POINT('',(11.1506,1.1938,2.));
#6074=CARTESIAN_POINT('',(15.3932406871193,5.43644068711929,2.));
#6075=CARTESIAN_POINT('',(11.1506,1.1938,2.));
#6076=CARTESIAN_POINT('',(11.1506,1.1938,0.));
#6077=CARTESIAN_POINT('',(11.1506,1.1938,2.));
#6078=CARTESIAN_POINT('',(15.3932406871193,5.43644068711929,0.));
#6079=CARTESIAN_POINT('',(11.1506,1.1938,0.));
#6080=CARTESIAN_POINT('',(15.3932406871193,5.43644068711929,2.));
#6081=CARTESIAN_POINT('Origin',(4.77435931288071,5.43644068711929,2.));
#6082=CARTESIAN_POINT('',(4.77435931288071,5.43644068711929,2.));
#6083=CARTESIAN_POINT('',(4.77435931288071,5.43644068711929,2.));
#6084=CARTESIAN_POINT('',(4.77435931288071,5.43644068711929,0.));
#6085=CARTESIAN_POINT('',(4.77435931288071,5.43644068711929,0.));
#6086=CARTESIAN_POINT('',(4.77435931288071,5.43644068711929,2.));
#6087=CARTESIAN_POINT('Origin',(9.017,1.1938,2.));
#6088=CARTESIAN_POINT('',(9.017,1.1938,2.));
#6089=CARTESIAN_POINT('',(9.017,1.1938,2.));
#6090=CARTESIAN_POINT('',(9.017,1.1938,0.));
#6091=CARTESIAN_POINT('',(9.017,1.1938,0.));
#6092=CARTESIAN_POINT('',(9.017,1.1938,2.));
#6093=CARTESIAN_POINT('Origin',(11.1506,1.1938,2.));
#6094=CARTESIAN_POINT('',(9.017,1.1938,2.));
#6095=CARTESIAN_POINT('',(9.017,1.1938,0.));
#6096=CARTESIAN_POINT('Origin',(10.0838,3.31512034355964,2.));
#6097=CARTESIAN_POINT('Origin',(10.0838,3.31512034355964,0.));
#6098=CARTESIAN_POINT('Origin',(19.2032406871193,5.43644068711929,2.));
#6099=CARTESIAN_POINT('',(14.9606,1.1938,2.));
#6100=CARTESIAN_POINT('',(19.2032406871193,5.43644068711929,2.));
#6101=CARTESIAN_POINT('',(14.9606,1.1938,2.));
#6102=CARTESIAN_POINT('',(14.9606,1.1938,0.));
#6103=CARTESIAN_POINT('',(14.9606,1.1938,2.));
#6104=CARTESIAN_POINT('',(19.2032406871193,5.43644068711929,0.));
#6105=CARTESIAN_POINT('',(14.9606,1.1938,0.));
#6106=CARTESIAN_POINT('',(19.2032406871193,5.43644068711929,2.));
#6107=CARTESIAN_POINT('Origin',(8.58435931288071,5.43644068711929,2.));
#6108=CARTESIAN_POINT('',(8.58435931288071,5.43644068711929,2.));
#6109=CARTESIAN_POINT('',(8.58435931288071,5.43644068711929,2.));
#6110=CARTESIAN_POINT('',(8.58435931288071,5.43644068711929,0.));
#6111=CARTESIAN_POINT('',(8.58435931288071,5.43644068711929,0.));
#6112=CARTESIAN_POINT('',(8.58435931288071,5.43644068711929,2.));
#6113=CARTESIAN_POINT('Origin',(12.827,1.1938,2.));
#6114=CARTESIAN_POINT('',(12.827,1.1938,2.));
#6115=CARTESIAN_POINT('',(12.827,1.1938,2.));
#6116=CARTESIAN_POINT('',(12.827,1.1938,0.));
#6117=CARTESIAN_POINT('',(12.827,1.1938,0.));
#6118=CARTESIAN_POINT('',(12.827,1.1938,2.));
#6119=CARTESIAN_POINT('Origin',(14.9606,1.1938,2.));
#6120=CARTESIAN_POINT('',(12.827,1.1938,2.));
#6121=CARTESIAN_POINT('',(12.827,1.1938,0.));
#6122=CARTESIAN_POINT('Origin',(13.8938,3.31512034355964,2.));
#6123=CARTESIAN_POINT('Origin',(13.8938,3.31512034355964,0.));
#6124=CARTESIAN_POINT('Origin',(23.0132406871193,5.43644068711929,2.));
#6125=CARTESIAN_POINT('',(18.7706,1.1938,2.));
#6126=CARTESIAN_POINT('',(23.0132406871193,5.43644068711929,2.));
#6127=CARTESIAN_POINT('',(18.7706,1.1938,2.));
#6128=CARTESIAN_POINT('',(18.7706,1.1938,0.));
#6129=CARTESIAN_POINT('',(18.7706,1.1938,2.));
#6130=CARTESIAN_POINT('',(23.0132406871193,5.43644068711929,0.));
#6131=CARTESIAN_POINT('',(18.7706,1.1938,0.));
#6132=CARTESIAN_POINT('',(23.0132406871193,5.43644068711929,2.));
#6133=CARTESIAN_POINT('Origin',(12.3943593128807,5.43644068711929,2.));
#6134=CARTESIAN_POINT('',(12.3943593128807,5.43644068711929,2.));
#6135=CARTESIAN_POINT('',(12.3943593128807,5.43644068711929,2.));
#6136=CARTESIAN_POINT('',(12.3943593128807,5.43644068711929,0.));
#6137=CARTESIAN_POINT('',(12.3943593128807,5.43644068711929,0.));
#6138=CARTESIAN_POINT('',(12.3943593128807,5.43644068711929,2.));
#6139=CARTESIAN_POINT('Origin',(16.637,1.1938,2.));
#6140=CARTESIAN_POINT('',(16.637,1.1938,2.));
#6141=CARTESIAN_POINT('',(16.637,1.1938,2.));
#6142=CARTESIAN_POINT('',(16.637,1.1938,0.));
#6143=CARTESIAN_POINT('',(16.637,1.1938,0.));
#6144=CARTESIAN_POINT('',(16.637,1.1938,2.));
#6145=CARTESIAN_POINT('Origin',(18.7706,1.1938,2.));
#6146=CARTESIAN_POINT('',(16.637,1.1938,2.));
#6147=CARTESIAN_POINT('',(16.637,1.1938,0.));
#6148=CARTESIAN_POINT('Origin',(17.7038,3.31512034355964,2.));
#6149=CARTESIAN_POINT('Origin',(17.7038,3.31512034355964,0.));
#6150=CARTESIAN_POINT('Origin',(26.8232406871193,5.43644068711929,2.));
#6151=CARTESIAN_POINT('',(22.5806,1.1938,2.));
#6152=CARTESIAN_POINT('',(26.8232406871193,5.43644068711929,2.));
#6153=CARTESIAN_POINT('',(22.5806,1.1938,2.));
#6154=CARTESIAN_POINT('',(22.5806,1.1938,0.));
#6155=CARTESIAN_POINT('',(22.5806,1.1938,2.));
#6156=CARTESIAN_POINT('',(26.8232406871193,5.43644068711929,0.));
#6157=CARTESIAN_POINT('',(22.5806,1.1938,0.));
#6158=CARTESIAN_POINT('',(26.8232406871193,5.43644068711929,2.));
#6159=CARTESIAN_POINT('Origin',(16.2043593128807,5.43644068711929,2.));
#6160=CARTESIAN_POINT('',(16.2043593128807,5.43644068711929,2.));
#6161=CARTESIAN_POINT('',(16.2043593128807,5.43644068711929,2.));
#6162=CARTESIAN_POINT('',(16.2043593128807,5.43644068711929,0.));
#6163=CARTESIAN_POINT('',(16.2043593128807,5.43644068711929,0.));
#6164=CARTESIAN_POINT('',(16.2043593128807,5.43644068711929,2.));
#6165=CARTESIAN_POINT('Origin',(20.447,1.1938,2.));
#6166=CARTESIAN_POINT('',(20.447,1.1938,2.));
#6167=CARTESIAN_POINT('',(20.447,1.1938,2.));
#6168=CARTESIAN_POINT('',(20.447,1.1938,0.));
#6169=CARTESIAN_POINT('',(20.447,1.1938,0.));
#6170=CARTESIAN_POINT('',(20.447,1.1938,2.));
#6171=CARTESIAN_POINT('Origin',(22.5806,1.1938,2.));
#6172=CARTESIAN_POINT('',(20.447,1.1938,2.));
#6173=CARTESIAN_POINT('',(20.447,1.1938,0.));
#6174=CARTESIAN_POINT('Origin',(21.5138,3.31512034355964,2.));
#6175=CARTESIAN_POINT('Origin',(21.5138,3.31512034355964,0.));
#6176=CARTESIAN_POINT('Origin',(11.5832406871193,6.02064068711929,2.));
#6177=CARTESIAN_POINT('',(7.3406,1.778,2.));
#6178=CARTESIAN_POINT('',(11.5832406871193,6.02064068711929,2.));
#6179=CARTESIAN_POINT('',(7.3406,1.778,2.));
#6180=CARTESIAN_POINT('',(7.3406,1.778,0.));
#6181=CARTESIAN_POINT('',(7.3406,1.778,2.));
#6182=CARTESIAN_POINT('',(11.5832406871193,6.02064068711929,0.));
#6183=CARTESIAN_POINT('',(7.3406,1.778,0.));
#6184=CARTESIAN_POINT('',(11.5832406871193,6.02064068711929,2.));
#6185=CARTESIAN_POINT('Origin',(0.964359312880715,6.02064068711929,2.));
#6186=CARTESIAN_POINT('',(0.964359312880715,6.02064068711929,2.));
#6187=CARTESIAN_POINT('',(0.964359312880715,6.02064068711929,2.));
#6188=CARTESIAN_POINT('',(0.964359312880715,6.02064068711929,0.));
#6189=CARTESIAN_POINT('',(0.964359312880715,6.02064068711929,0.));
#6190=CARTESIAN_POINT('',(0.964359312880715,6.02064068711929,2.));
#6191=CARTESIAN_POINT('Origin',(5.207,1.778,2.));
#6192=CARTESIAN_POINT('',(5.207,1.778,2.));
#6193=CARTESIAN_POINT('',(5.207,1.778,2.));
#6194=CARTESIAN_POINT('',(5.207,1.778,0.));
#6195=CARTESIAN_POINT('',(5.207,1.778,0.));
#6196=CARTESIAN_POINT('',(5.207,1.778,2.));
#6197=CARTESIAN_POINT('Origin',(7.3406,1.778,2.));
#6198=CARTESIAN_POINT('',(5.207,1.778,2.));
#6199=CARTESIAN_POINT('',(5.207,1.778,0.));
#6200=CARTESIAN_POINT('Origin',(6.2738,3.89932034355964,2.));
#6201=CARTESIAN_POINT('Origin',(6.2738,3.89932034355964,0.));
#6202=CARTESIAN_POINT('Origin',(15.3932406871193,6.02064068711929,2.));
#6203=CARTESIAN_POINT('',(11.1506,1.778,2.));
#6204=CARTESIAN_POINT('',(15.3932406871193,6.02064068711929,2.));
#6205=CARTESIAN_POINT('',(11.1506,1.778,2.));
#6206=CARTESIAN_POINT('',(11.1506,1.778,0.));
#6207=CARTESIAN_POINT('',(11.1506,1.778,2.));
#6208=CARTESIAN_POINT('',(15.3932406871193,6.02064068711929,0.));
#6209=CARTESIAN_POINT('',(11.1506,1.778,0.));
#6210=CARTESIAN_POINT('',(15.3932406871193,6.02064068711929,2.));
#6211=CARTESIAN_POINT('Origin',(4.77435931288071,6.02064068711929,2.));
#6212=CARTESIAN_POINT('',(4.77435931288071,6.02064068711929,2.));
#6213=CARTESIAN_POINT('',(4.77435931288071,6.02064068711929,2.));
#6214=CARTESIAN_POINT('',(4.77435931288071,6.02064068711929,0.));
#6215=CARTESIAN_POINT('',(4.77435931288071,6.02064068711929,0.));
#6216=CARTESIAN_POINT('',(4.77435931288071,6.02064068711929,2.));
#6217=CARTESIAN_POINT('Origin',(9.017,1.778,2.));
#6218=CARTESIAN_POINT('',(9.017,1.778,2.));
#6219=CARTESIAN_POINT('',(9.017,1.778,2.));
#6220=CARTESIAN_POINT('',(9.017,1.778,0.));
#6221=CARTESIAN_POINT('',(9.017,1.778,0.));
#6222=CARTESIAN_POINT('',(9.017,1.778,2.));
#6223=CARTESIAN_POINT('Origin',(11.1506,1.778,2.));
#6224=CARTESIAN_POINT('',(9.017,1.778,2.));
#6225=CARTESIAN_POINT('',(9.017,1.778,0.));
#6226=CARTESIAN_POINT('Origin',(10.0838,3.89932034355964,2.));
#6227=CARTESIAN_POINT('Origin',(10.0838,3.89932034355964,0.));
#6228=CARTESIAN_POINT('Origin',(19.2032406871193,6.02064068711929,2.));
#6229=CARTESIAN_POINT('',(14.9606,1.778,2.));
#6230=CARTESIAN_POINT('',(19.2032406871193,6.02064068711929,2.));
#6231=CARTESIAN_POINT('',(14.9606,1.778,2.));
#6232=CARTESIAN_POINT('',(14.9606,1.778,0.));
#6233=CARTESIAN_POINT('',(14.9606,1.778,2.));
#6234=CARTESIAN_POINT('',(19.2032406871193,6.02064068711929,0.));
#6235=CARTESIAN_POINT('',(14.9606,1.778,0.));
#6236=CARTESIAN_POINT('',(19.2032406871193,6.02064068711929,2.));
#6237=CARTESIAN_POINT('Origin',(8.58435931288071,6.02064068711929,2.));
#6238=CARTESIAN_POINT('',(8.58435931288071,6.02064068711929,2.));
#6239=CARTESIAN_POINT('',(8.58435931288071,6.02064068711929,2.));
#6240=CARTESIAN_POINT('',(8.58435931288071,6.02064068711929,0.));
#6241=CARTESIAN_POINT('',(8.58435931288071,6.02064068711929,0.));
#6242=CARTESIAN_POINT('',(8.58435931288071,6.02064068711929,2.));
#6243=CARTESIAN_POINT('Origin',(12.827,1.778,2.));
#6244=CARTESIAN_POINT('',(12.827,1.778,2.));
#6245=CARTESIAN_POINT('',(12.827,1.778,2.));
#6246=CARTESIAN_POINT('',(12.827,1.778,0.));
#6247=CARTESIAN_POINT('',(12.827,1.778,0.));
#6248=CARTESIAN_POINT('',(12.827,1.778,2.));
#6249=CARTESIAN_POINT('Origin',(14.9606,1.778,2.));
#6250=CARTESIAN_POINT('',(12.827,1.778,2.));
#6251=CARTESIAN_POINT('',(12.827,1.778,0.));
#6252=CARTESIAN_POINT('Origin',(13.8938,3.89932034355964,2.));
#6253=CARTESIAN_POINT('Origin',(13.8938,3.89932034355964,0.));
#6254=CARTESIAN_POINT('Origin',(23.0132406871193,6.02064068711929,2.));
#6255=CARTESIAN_POINT('',(18.7706,1.778,2.));
#6256=CARTESIAN_POINT('',(23.0132406871193,6.02064068711929,2.));
#6257=CARTESIAN_POINT('',(18.7706,1.778,2.));
#6258=CARTESIAN_POINT('',(18.7706,1.778,0.));
#6259=CARTESIAN_POINT('',(18.7706,1.778,2.));
#6260=CARTESIAN_POINT('',(23.0132406871193,6.02064068711929,0.));
#6261=CARTESIAN_POINT('',(18.7706,1.778,0.));
#6262=CARTESIAN_POINT('',(23.0132406871193,6.02064068711929,2.));
#6263=CARTESIAN_POINT('Origin',(12.3943593128807,6.02064068711929,2.));
#6264=CARTESIAN_POINT('',(12.3943593128807,6.02064068711929,2.));
#6265=CARTESIAN_POINT('',(12.3943593128807,6.02064068711929,2.));
#6266=CARTESIAN_POINT('',(12.3943593128807,6.02064068711929,0.));
#6267=CARTESIAN_POINT('',(12.3943593128807,6.02064068711929,0.));
#6268=CARTESIAN_POINT('',(12.3943593128807,6.02064068711929,2.));
#6269=CARTESIAN_POINT('Origin',(16.637,1.778,2.));
#6270=CARTESIAN_POINT('',(16.637,1.778,2.));
#6271=CARTESIAN_POINT('',(16.637,1.778,2.));
#6272=CARTESIAN_POINT('',(16.637,1.778,0.));
#6273=CARTESIAN_POINT('',(16.637,1.778,0.));
#6274=CARTESIAN_POINT('',(16.637,1.778,2.));
#6275=CARTESIAN_POINT('Origin',(18.7706,1.778,2.));
#6276=CARTESIAN_POINT('',(16.637,1.778,2.));
#6277=CARTESIAN_POINT('',(16.637,1.778,0.));
#6278=CARTESIAN_POINT('Origin',(17.7038,3.89932034355964,2.));
#6279=CARTESIAN_POINT('Origin',(17.7038,3.89932034355964,0.));
#6280=CARTESIAN_POINT('Origin',(26.8232406871193,6.02064068711929,2.));
#6281=CARTESIAN_POINT('',(22.5806,1.778,2.));
#6282=CARTESIAN_POINT('',(26.8232406871193,6.02064068711929,2.));
#6283=CARTESIAN_POINT('',(22.5806,1.778,2.));
#6284=CARTESIAN_POINT('',(22.5806,1.778,0.));
#6285=CARTESIAN_POINT('',(22.5806,1.778,2.));
#6286=CARTESIAN_POINT('',(26.8232406871193,6.02064068711929,0.));
#6287=CARTESIAN_POINT('',(22.5806,1.778,0.));
#6288=CARTESIAN_POINT('',(26.8232406871193,6.02064068711929,2.));
#6289=CARTESIAN_POINT('Origin',(16.2043593128807,6.02064068711929,2.));
#6290=CARTESIAN_POINT('',(16.2043593128807,6.02064068711929,2.));
#6291=CARTESIAN_POINT('',(16.2043593128807,6.02064068711929,2.));
#6292=CARTESIAN_POINT('',(16.2043593128807,6.02064068711929,0.));
#6293=CARTESIAN_POINT('',(16.2043593128807,6.02064068711929,0.));
#6294=CARTESIAN_POINT('',(16.2043593128807,6.02064068711929,2.));
#6295=CARTESIAN_POINT('Origin',(20.447,1.778,2.));
#6296=CARTESIAN_POINT('',(20.447,1.778,2.));
#6297=CARTESIAN_POINT('',(20.447,1.778,2.));
#6298=CARTESIAN_POINT('',(20.447,1.778,0.));
#6299=CARTESIAN_POINT('',(20.447,1.778,0.));
#6300=CARTESIAN_POINT('',(20.447,1.778,2.));
#6301=CARTESIAN_POINT('Origin',(22.5806,1.778,2.));
#6302=CARTESIAN_POINT('',(20.447,1.778,2.));
#6303=CARTESIAN_POINT('',(20.447,1.778,0.));
#6304=CARTESIAN_POINT('Origin',(21.5138,3.89932034355964,2.));
#6305=CARTESIAN_POINT('Origin',(21.5138,3.89932034355964,0.));
#6306=CARTESIAN_POINT('Origin',(11.5832406871193,6.60484068711929,2.));
#6307=CARTESIAN_POINT('',(7.3406,2.3622,2.));
#6308=CARTESIAN_POINT('',(11.5832406871193,6.60484068711929,2.));
#6309=CARTESIAN_POINT('',(7.3406,2.3622,2.));
#6310=CARTESIAN_POINT('',(7.3406,2.3622,0.));
#6311=CARTESIAN_POINT('',(7.3406,2.3622,2.));
#6312=CARTESIAN_POINT('',(11.5832406871193,6.60484068711929,0.));
#6313=CARTESIAN_POINT('',(7.3406,2.3622,0.));
#6314=CARTESIAN_POINT('',(11.5832406871193,6.60484068711929,2.));
#6315=CARTESIAN_POINT('Origin',(0.964359312880715,6.60484068711929,2.));
#6316=CARTESIAN_POINT('',(0.964359312880715,6.60484068711929,2.));
#6317=CARTESIAN_POINT('',(0.964359312880715,6.60484068711929,2.));
#6318=CARTESIAN_POINT('',(0.964359312880715,6.60484068711929,0.));
#6319=CARTESIAN_POINT('',(0.964359312880715,6.60484068711929,0.));
#6320=CARTESIAN_POINT('',(0.964359312880715,6.60484068711929,2.));
#6321=CARTESIAN_POINT('Origin',(5.207,2.3622,2.));
#6322=CARTESIAN_POINT('',(5.207,2.3622,2.));
#6323=CARTESIAN_POINT('',(5.207,2.3622,2.));
#6324=CARTESIAN_POINT('',(5.207,2.3622,0.));
#6325=CARTESIAN_POINT('',(5.207,2.3622,0.));
#6326=CARTESIAN_POINT('',(5.207,2.3622,2.));
#6327=CARTESIAN_POINT('Origin',(7.3406,2.3622,2.));
#6328=CARTESIAN_POINT('',(5.207,2.3622,2.));
#6329=CARTESIAN_POINT('',(5.207,2.3622,0.));
#6330=CARTESIAN_POINT('Origin',(6.2738,4.48352034355964,2.));
#6331=CARTESIAN_POINT('Origin',(6.2738,4.48352034355964,0.));
#6332=CARTESIAN_POINT('Origin',(15.3932406871193,6.60484068711929,2.));
#6333=CARTESIAN_POINT('',(11.1506,2.3622,2.));
#6334=CARTESIAN_POINT('',(15.3932406871193,6.60484068711929,2.));
#6335=CARTESIAN_POINT('',(11.1506,2.3622,2.));
#6336=CARTESIAN_POINT('',(11.1506,2.3622,0.));
#6337=CARTESIAN_POINT('',(11.1506,2.3622,2.));
#6338=CARTESIAN_POINT('',(15.3932406871193,6.60484068711929,0.));
#6339=CARTESIAN_POINT('',(11.1506,2.3622,0.));
#6340=CARTESIAN_POINT('',(15.3932406871193,6.60484068711929,2.));
#6341=CARTESIAN_POINT('Origin',(4.77435931288071,6.60484068711929,2.));
#6342=CARTESIAN_POINT('',(4.77435931288071,6.60484068711929,2.));
#6343=CARTESIAN_POINT('',(4.77435931288071,6.60484068711929,2.));
#6344=CARTESIAN_POINT('',(4.77435931288071,6.60484068711929,0.));
#6345=CARTESIAN_POINT('',(4.77435931288071,6.60484068711929,0.));
#6346=CARTESIAN_POINT('',(4.77435931288071,6.60484068711929,2.));
#6347=CARTESIAN_POINT('Origin',(9.017,2.3622,2.));
#6348=CARTESIAN_POINT('',(9.017,2.3622,2.));
#6349=CARTESIAN_POINT('',(9.017,2.3622,2.));
#6350=CARTESIAN_POINT('',(9.017,2.3622,0.));
#6351=CARTESIAN_POINT('',(9.017,2.3622,0.));
#6352=CARTESIAN_POINT('',(9.017,2.3622,2.));
#6353=CARTESIAN_POINT('Origin',(11.1506,2.3622,2.));
#6354=CARTESIAN_POINT('',(9.017,2.3622,2.));
#6355=CARTESIAN_POINT('',(9.017,2.3622,0.));
#6356=CARTESIAN_POINT('Origin',(10.0838,4.48352034355964,2.));
#6357=CARTESIAN_POINT('Origin',(10.0838,4.48352034355964,0.));
#6358=CARTESIAN_POINT('Origin',(19.2032406871193,6.60484068711929,2.));
#6359=CARTESIAN_POINT('',(14.9606,2.3622,2.));
#6360=CARTESIAN_POINT('',(19.2032406871193,6.60484068711929,2.));
#6361=CARTESIAN_POINT('',(14.9606,2.3622,2.));
#6362=CARTESIAN_POINT('',(14.9606,2.3622,0.));
#6363=CARTESIAN_POINT('',(14.9606,2.3622,2.));
#6364=CARTESIAN_POINT('',(19.2032406871193,6.60484068711929,0.));
#6365=CARTESIAN_POINT('',(14.9606,2.3622,0.));
#6366=CARTESIAN_POINT('',(19.2032406871193,6.60484068711929,2.));
#6367=CARTESIAN_POINT('Origin',(8.58435931288071,6.60484068711929,2.));
#6368=CARTESIAN_POINT('',(8.58435931288071,6.60484068711929,2.));
#6369=CARTESIAN_POINT('',(8.58435931288071,6.60484068711929,2.));
#6370=CARTESIAN_POINT('',(8.58435931288071,6.60484068711929,0.));
#6371=CARTESIAN_POINT('',(8.58435931288071,6.60484068711929,0.));
#6372=CARTESIAN_POINT('',(8.58435931288071,6.60484068711929,2.));
#6373=CARTESIAN_POINT('Origin',(12.827,2.3622,2.));
#6374=CARTESIAN_POINT('',(12.827,2.3622,2.));
#6375=CARTESIAN_POINT('',(12.827,2.3622,2.));
#6376=CARTESIAN_POINT('',(12.827,2.3622,0.));
#6377=CARTESIAN_POINT('',(12.827,2.3622,0.));
#6378=CARTESIAN_POINT('',(12.827,2.3622,2.));
#6379=CARTESIAN_POINT('Origin',(14.9606,2.3622,2.));
#6380=CARTESIAN_POINT('',(12.827,2.3622,2.));
#6381=CARTESIAN_POINT('',(12.827,2.3622,0.));
#6382=CARTESIAN_POINT('Origin',(13.8938,4.48352034355964,2.));
#6383=CARTESIAN_POINT('Origin',(13.8938,4.48352034355964,0.));
#6384=CARTESIAN_POINT('Origin',(23.0132406871193,6.60484068711929,2.));
#6385=CARTESIAN_POINT('',(18.7706,2.3622,2.));
#6386=CARTESIAN_POINT('',(23.0132406871193,6.60484068711929,2.));
#6387=CARTESIAN_POINT('',(18.7706,2.3622,2.));
#6388=CARTESIAN_POINT('',(18.7706,2.3622,0.));
#6389=CARTESIAN_POINT('',(18.7706,2.3622,2.));
#6390=CARTESIAN_POINT('',(23.0132406871193,6.60484068711929,0.));
#6391=CARTESIAN_POINT('',(18.7706,2.3622,0.));
#6392=CARTESIAN_POINT('',(23.0132406871193,6.60484068711929,2.));
#6393=CARTESIAN_POINT('Origin',(12.3943593128807,6.60484068711929,2.));
#6394=CARTESIAN_POINT('',(12.3943593128807,6.60484068711929,2.));
#6395=CARTESIAN_POINT('',(12.3943593128807,6.60484068711929,2.));
#6396=CARTESIAN_POINT('',(12.3943593128807,6.60484068711929,0.));
#6397=CARTESIAN_POINT('',(12.3943593128807,6.60484068711929,0.));
#6398=CARTESIAN_POINT('',(12.3943593128807,6.60484068711929,2.));
#6399=CARTESIAN_POINT('Origin',(16.637,2.3622,2.));
#6400=CARTESIAN_POINT('',(16.637,2.3622,2.));
#6401=CARTESIAN_POINT('',(16.637,2.3622,2.));
#6402=CARTESIAN_POINT('',(16.637,2.3622,0.));
#6403=CARTESIAN_POINT('',(16.637,2.3622,0.));
#6404=CARTESIAN_POINT('',(16.637,2.3622,2.));
#6405=CARTESIAN_POINT('Origin',(18.7706,2.3622,2.));
#6406=CARTESIAN_POINT('',(16.637,2.3622,2.));
#6407=CARTESIAN_POINT('',(16.637,2.3622,0.));
#6408=CARTESIAN_POINT('Origin',(17.7038,4.48352034355964,2.));
#6409=CARTESIAN_POINT('Origin',(17.7038,4.48352034355964,0.));
#6410=CARTESIAN_POINT('Origin',(26.8232406871193,6.60484068711929,2.));
#6411=CARTESIAN_POINT('',(22.5806,2.3622,2.));
#6412=CARTESIAN_POINT('',(26.8232406871193,6.60484068711929,2.));
#6413=CARTESIAN_POINT('',(22.5806,2.3622,2.));
#6414=CARTESIAN_POINT('',(22.5806,2.3622,0.));
#6415=CARTESIAN_POINT('',(22.5806,2.3622,2.));
#6416=CARTESIAN_POINT('',(26.8232406871193,6.60484068711929,0.));
#6417=CARTESIAN_POINT('',(22.5806,2.3622,0.));
#6418=CARTESIAN_POINT('',(26.8232406871193,6.60484068711929,2.));
#6419=CARTESIAN_POINT('Origin',(16.2043593128807,6.60484068711929,2.));
#6420=CARTESIAN_POINT('',(16.2043593128807,6.60484068711929,2.));
#6421=CARTESIAN_POINT('',(16.2043593128807,6.60484068711929,2.));
#6422=CARTESIAN_POINT('',(16.2043593128807,6.60484068711929,0.));
#6423=CARTESIAN_POINT('',(16.2043593128807,6.60484068711929,0.));
#6424=CARTESIAN_POINT('',(16.2043593128807,6.60484068711929,2.));
#6425=CARTESIAN_POINT('Origin',(20.447,2.3622,2.));
#6426=CARTESIAN_POINT('',(20.447,2.3622,2.));
#6427=CARTESIAN_POINT('',(20.447,2.3622,2.));
#6428=CARTESIAN_POINT('',(20.447,2.3622,0.));
#6429=CARTESIAN_POINT('',(20.447,2.3622,0.));
#6430=CARTESIAN_POINT('',(20.447,2.3622,2.));
#6431=CARTESIAN_POINT('Origin',(22.5806,2.3622,2.));
#6432=CARTESIAN_POINT('',(20.447,2.3622,2.));
#6433=CARTESIAN_POINT('',(20.447,2.3622,0.));
#6434=CARTESIAN_POINT('Origin',(21.5138,4.48352034355964,2.));
#6435=CARTESIAN_POINT('Origin',(21.5138,4.48352034355964,0.));
#6436=CARTESIAN_POINT('Origin',(11.5832406871193,7.18904068711929,2.));
#6437=CARTESIAN_POINT('',(7.3406,2.9464,2.));
#6438=CARTESIAN_POINT('',(11.5832406871193,7.18904068711929,2.));
#6439=CARTESIAN_POINT('',(7.3406,2.9464,2.));
#6440=CARTESIAN_POINT('',(7.3406,2.9464,0.));
#6441=CARTESIAN_POINT('',(7.3406,2.9464,2.));
#6442=CARTESIAN_POINT('',(11.5832406871193,7.18904068711929,0.));
#6443=CARTESIAN_POINT('',(7.3406,2.9464,0.));
#6444=CARTESIAN_POINT('',(11.5832406871193,7.18904068711929,2.));
#6445=CARTESIAN_POINT('Origin',(0.964359312880715,7.18904068711929,2.));
#6446=CARTESIAN_POINT('',(0.964359312880715,7.18904068711929,2.));
#6447=CARTESIAN_POINT('',(0.964359312880715,7.18904068711929,2.));
#6448=CARTESIAN_POINT('',(0.964359312880715,7.18904068711929,0.));
#6449=CARTESIAN_POINT('',(0.964359312880715,7.18904068711929,0.));
#6450=CARTESIAN_POINT('',(0.964359312880715,7.18904068711929,2.));
#6451=CARTESIAN_POINT('Origin',(5.207,2.9464,2.));
#6452=CARTESIAN_POINT('',(5.207,2.9464,2.));
#6453=CARTESIAN_POINT('',(5.207,2.9464,2.));
#6454=CARTESIAN_POINT('',(5.207,2.9464,0.));
#6455=CARTESIAN_POINT('',(5.207,2.9464,0.));
#6456=CARTESIAN_POINT('',(5.207,2.9464,2.));
#6457=CARTESIAN_POINT('Origin',(7.3406,2.9464,2.));
#6458=CARTESIAN_POINT('',(5.207,2.9464,2.));
#6459=CARTESIAN_POINT('',(5.207,2.9464,0.));
#6460=CARTESIAN_POINT('Origin',(6.2738,5.06772034355964,2.));
#6461=CARTESIAN_POINT('Origin',(6.2738,5.06772034355964,0.));
#6462=CARTESIAN_POINT('Origin',(15.3932406871193,7.18904068711929,2.));
#6463=CARTESIAN_POINT('',(11.1506,2.9464,2.));
#6464=CARTESIAN_POINT('',(15.3932406871193,7.18904068711929,2.));
#6465=CARTESIAN_POINT('',(11.1506,2.9464,2.));
#6466=CARTESIAN_POINT('',(11.1506,2.9464,0.));
#6467=CARTESIAN_POINT('',(11.1506,2.9464,2.));
#6468=CARTESIAN_POINT('',(15.3932406871193,7.18904068711929,0.));
#6469=CARTESIAN_POINT('',(11.1506,2.9464,0.));
#6470=CARTESIAN_POINT('',(15.3932406871193,7.18904068711929,2.));
#6471=CARTESIAN_POINT('Origin',(4.77435931288071,7.18904068711929,2.));
#6472=CARTESIAN_POINT('',(4.77435931288071,7.18904068711929,2.));
#6473=CARTESIAN_POINT('',(4.77435931288071,7.18904068711929,2.));
#6474=CARTESIAN_POINT('',(4.77435931288071,7.18904068711929,0.));
#6475=CARTESIAN_POINT('',(4.77435931288071,7.18904068711929,0.));
#6476=CARTESIAN_POINT('',(4.77435931288071,7.18904068711929,2.));
#6477=CARTESIAN_POINT('Origin',(9.017,2.9464,2.));
#6478=CARTESIAN_POINT('',(9.017,2.9464,2.));
#6479=CARTESIAN_POINT('',(9.017,2.9464,2.));
#6480=CARTESIAN_POINT('',(9.017,2.9464,0.));
#6481=CARTESIAN_POINT('',(9.017,2.9464,0.));
#6482=CARTESIAN_POINT('',(9.017,2.9464,2.));
#6483=CARTESIAN_POINT('Origin',(11.1506,2.9464,2.));
#6484=CARTESIAN_POINT('',(9.017,2.9464,2.));
#6485=CARTESIAN_POINT('',(9.017,2.9464,0.));
#6486=CARTESIAN_POINT('Origin',(10.0838,5.06772034355964,2.));
#6487=CARTESIAN_POINT('Origin',(10.0838,5.06772034355964,0.));
#6488=CARTESIAN_POINT('Origin',(19.2032406871193,7.18904068711929,2.));
#6489=CARTESIAN_POINT('',(14.9606,2.9464,2.));
#6490=CARTESIAN_POINT('',(19.2032406871193,7.18904068711929,2.));
#6491=CARTESIAN_POINT('',(14.9606,2.9464,2.));
#6492=CARTESIAN_POINT('',(14.9606,2.9464,0.));
#6493=CARTESIAN_POINT('',(14.9606,2.9464,2.));
#6494=CARTESIAN_POINT('',(19.2032406871193,7.18904068711929,0.));
#6495=CARTESIAN_POINT('',(14.9606,2.9464,0.));
#6496=CARTESIAN_POINT('',(19.2032406871193,7.18904068711929,2.));
#6497=CARTESIAN_POINT('Origin',(8.58435931288071,7.18904068711929,2.));
#6498=CARTESIAN_POINT('',(8.58435931288071,7.18904068711929,2.));
#6499=CARTESIAN_POINT('',(8.58435931288071,7.18904068711929,2.));
#6500=CARTESIAN_POINT('',(8.58435931288071,7.18904068711929,0.));
#6501=CARTESIAN_POINT('',(8.58435931288071,7.18904068711929,0.));
#6502=CARTESIAN_POINT('',(8.58435931288071,7.18904068711929,2.));
#6503=CARTESIAN_POINT('Origin',(12.827,2.9464,2.));
#6504=CARTESIAN_POINT('',(12.827,2.9464,2.));
#6505=CARTESIAN_POINT('',(12.827,2.9464,2.));
#6506=CARTESIAN_POINT('',(12.827,2.9464,0.));
#6507=CARTESIAN_POINT('',(12.827,2.9464,0.));
#6508=CARTESIAN_POINT('',(12.827,2.9464,2.));
#6509=CARTESIAN_POINT('Origin',(14.9606,2.9464,2.));
#6510=CARTESIAN_POINT('',(12.827,2.9464,2.));
#6511=CARTESIAN_POINT('',(12.827,2.9464,0.));
#6512=CARTESIAN_POINT('Origin',(13.8938,5.06772034355964,2.));
#6513=CARTESIAN_POINT('Origin',(13.8938,5.06772034355964,0.));
#6514=CARTESIAN_POINT('Origin',(23.0132406871193,7.18904068711929,2.));
#6515=CARTESIAN_POINT('',(18.7706,2.9464,2.));
#6516=CARTESIAN_POINT('',(23.0132406871193,7.18904068711929,2.));
#6517=CARTESIAN_POINT('',(18.7706,2.9464,2.));
#6518=CARTESIAN_POINT('',(18.7706,2.9464,0.));
#6519=CARTESIAN_POINT('',(18.7706,2.9464,2.));
#6520=CARTESIAN_POINT('',(23.0132406871193,7.18904068711929,0.));
#6521=CARTESIAN_POINT('',(18.7706,2.9464,0.));
#6522=CARTESIAN_POINT('',(23.0132406871193,7.18904068711929,2.));
#6523=CARTESIAN_POINT('Origin',(12.3943593128807,7.18904068711929,2.));
#6524=CARTESIAN_POINT('',(12.3943593128807,7.18904068711929,2.));
#6525=CARTESIAN_POINT('',(12.3943593128807,7.18904068711929,2.));
#6526=CARTESIAN_POINT('',(12.3943593128807,7.18904068711929,0.));
#6527=CARTESIAN_POINT('',(12.3943593128807,7.18904068711929,0.));
#6528=CARTESIAN_POINT('',(12.3943593128807,7.18904068711929,2.));
#6529=CARTESIAN_POINT('Origin',(16.637,2.9464,2.));
#6530=CARTESIAN_POINT('',(16.637,2.9464,2.));
#6531=CARTESIAN_POINT('',(16.637,2.9464,2.));
#6532=CARTESIAN_POINT('',(16.637,2.9464,0.));
#6533=CARTESIAN_POINT('',(16.637,2.9464,0.));
#6534=CARTESIAN_POINT('',(16.637,2.9464,2.));
#6535=CARTESIAN_POINT('Origin',(18.7706,2.9464,2.));
#6536=CARTESIAN_POINT('',(16.637,2.9464,2.));
#6537=CARTESIAN_POINT('',(16.637,2.9464,0.));
#6538=CARTESIAN_POINT('Origin',(17.7038,5.06772034355964,2.));
#6539=CARTESIAN_POINT('Origin',(17.7038,5.06772034355964,0.));
#6540=CARTESIAN_POINT('Origin',(26.8232406871193,7.18904068711929,2.));
#6541=CARTESIAN_POINT('',(22.5806,2.9464,2.));
#6542=CARTESIAN_POINT('',(26.8232406871193,7.18904068711929,2.));
#6543=CARTESIAN_POINT('',(22.5806,2.9464,2.));
#6544=CARTESIAN_POINT('',(22.5806,2.9464,0.));
#6545=CARTESIAN_POINT('',(22.5806,2.9464,2.));
#6546=CARTESIAN_POINT('',(26.8232406871193,7.18904068711929,0.));
#6547=CARTESIAN_POINT('',(22.5806,2.9464,0.));
#6548=CARTESIAN_POINT('',(26.8232406871193,7.18904068711929,2.));
#6549=CARTESIAN_POINT('Origin',(16.2043593128807,7.18904068711929,2.));
#6550=CARTESIAN_POINT('',(16.2043593128807,7.18904068711929,2.));
#6551=CARTESIAN_POINT('',(16.2043593128807,7.18904068711929,2.));
#6552=CARTESIAN_POINT('',(16.2043593128807,7.18904068711929,0.));
#6553=CARTESIAN_POINT('',(16.2043593128807,7.18904068711929,0.));
#6554=CARTESIAN_POINT('',(16.2043593128807,7.18904068711929,2.));
#6555=CARTESIAN_POINT('Origin',(20.447,2.9464,2.));
#6556=CARTESIAN_POINT('',(20.447,2.9464,2.));
#6557=CARTESIAN_POINT('',(20.447,2.9464,2.));
#6558=CARTESIAN_POINT('',(20.447,2.9464,0.));
#6559=CARTESIAN_POINT('',(20.447,2.9464,0.));
#6560=CARTESIAN_POINT('',(20.447,2.9464,2.));
#6561=CARTESIAN_POINT('Origin',(22.5806,2.9464,2.));
#6562=CARTESIAN_POINT('',(20.447,2.9464,2.));
#6563=CARTESIAN_POINT('',(20.447,2.9464,0.));
#6564=CARTESIAN_POINT('Origin',(21.5138,5.06772034355964,2.));
#6565=CARTESIAN_POINT('Origin',(21.5138,5.06772034355964,0.));
#6566=CARTESIAN_POINT('Origin',(11.5832406871193,7.77324068711929,2.));
#6567=CARTESIAN_POINT('',(7.3406,3.5306,2.));
#6568=CARTESIAN_POINT('',(11.5832406871193,7.77324068711929,2.));
#6569=CARTESIAN_POINT('',(7.3406,3.5306,2.));
#6570=CARTESIAN_POINT('',(7.3406,3.5306,0.));
#6571=CARTESIAN_POINT('',(7.3406,3.5306,2.));
#6572=CARTESIAN_POINT('',(11.5832406871193,7.77324068711929,0.));
#6573=CARTESIAN_POINT('',(7.3406,3.5306,0.));
#6574=CARTESIAN_POINT('',(11.5832406871193,7.77324068711929,2.));
#6575=CARTESIAN_POINT('Origin',(0.964359312880715,7.77324068711929,2.));
#6576=CARTESIAN_POINT('',(0.964359312880715,7.77324068711929,2.));
#6577=CARTESIAN_POINT('',(0.964359312880715,7.77324068711929,2.));
#6578=CARTESIAN_POINT('',(0.964359312880715,7.77324068711929,0.));
#6579=CARTESIAN_POINT('',(0.964359312880715,7.77324068711929,0.));
#6580=CARTESIAN_POINT('',(0.964359312880715,7.77324068711929,2.));
#6581=CARTESIAN_POINT('Origin',(5.207,3.5306,2.));
#6582=CARTESIAN_POINT('',(5.207,3.5306,2.));
#6583=CARTESIAN_POINT('',(5.207,3.5306,2.));
#6584=CARTESIAN_POINT('',(5.207,3.5306,0.));
#6585=CARTESIAN_POINT('',(5.207,3.5306,0.));
#6586=CARTESIAN_POINT('',(5.207,3.5306,2.));
#6587=CARTESIAN_POINT('Origin',(7.3406,3.5306,2.));
#6588=CARTESIAN_POINT('',(5.207,3.5306,2.));
#6589=CARTESIAN_POINT('',(5.207,3.5306,0.));
#6590=CARTESIAN_POINT('Origin',(6.2738,5.65192034355964,2.));
#6591=CARTESIAN_POINT('Origin',(6.2738,5.65192034355964,0.));
#6592=CARTESIAN_POINT('Origin',(15.3932406871193,7.77324068711929,2.));
#6593=CARTESIAN_POINT('',(11.1506,3.5306,2.));
#6594=CARTESIAN_POINT('',(15.3932406871193,7.77324068711929,2.));
#6595=CARTESIAN_POINT('',(11.1506,3.5306,2.));
#6596=CARTESIAN_POINT('',(11.1506,3.5306,0.));
#6597=CARTESIAN_POINT('',(11.1506,3.5306,2.));
#6598=CARTESIAN_POINT('',(15.3932406871193,7.77324068711929,0.));
#6599=CARTESIAN_POINT('',(11.1506,3.5306,0.));
#6600=CARTESIAN_POINT('',(15.3932406871193,7.77324068711929,2.));
#6601=CARTESIAN_POINT('Origin',(4.77435931288071,7.77324068711929,2.));
#6602=CARTESIAN_POINT('',(4.77435931288071,7.77324068711929,2.));
#6603=CARTESIAN_POINT('',(4.77435931288071,7.77324068711929,2.));
#6604=CARTESIAN_POINT('',(4.77435931288071,7.77324068711929,0.));
#6605=CARTESIAN_POINT('',(4.77435931288071,7.77324068711929,0.));
#6606=CARTESIAN_POINT('',(4.77435931288071,7.77324068711929,2.));
#6607=CARTESIAN_POINT('Origin',(9.017,3.5306,2.));
#6608=CARTESIAN_POINT('',(9.017,3.5306,2.));
#6609=CARTESIAN_POINT('',(9.017,3.5306,2.));
#6610=CARTESIAN_POINT('',(9.017,3.5306,0.));
#6611=CARTESIAN_POINT('',(9.017,3.5306,0.));
#6612=CARTESIAN_POINT('',(9.017,3.5306,2.));
#6613=CARTESIAN_POINT('Origin',(11.1506,3.5306,2.));
#6614=CARTESIAN_POINT('',(9.017,3.5306,2.));
#6615=CARTESIAN_POINT('',(9.017,3.5306,0.));
#6616=CARTESIAN_POINT('Origin',(10.0838,5.65192034355964,2.));
#6617=CARTESIAN_POINT('Origin',(10.0838,5.65192034355964,0.));
#6618=CARTESIAN_POINT('Origin',(19.2032406871193,7.77324068711929,2.));
#6619=CARTESIAN_POINT('',(14.9606,3.5306,2.));
#6620=CARTESIAN_POINT('',(19.2032406871193,7.77324068711929,2.));
#6621=CARTESIAN_POINT('',(14.9606,3.5306,2.));
#6622=CARTESIAN_POINT('',(14.9606,3.5306,0.));
#6623=CARTESIAN_POINT('',(14.9606,3.5306,2.));
#6624=CARTESIAN_POINT('',(19.2032406871193,7.77324068711929,0.));
#6625=CARTESIAN_POINT('',(14.9606,3.5306,0.));
#6626=CARTESIAN_POINT('',(19.2032406871193,7.77324068711929,2.));
#6627=CARTESIAN_POINT('Origin',(8.58435931288071,7.77324068711929,2.));
#6628=CARTESIAN_POINT('',(8.58435931288071,7.77324068711929,2.));
#6629=CARTESIAN_POINT('',(8.58435931288071,7.77324068711929,2.));
#6630=CARTESIAN_POINT('',(8.58435931288071,7.77324068711929,0.));
#6631=CARTESIAN_POINT('',(8.58435931288071,7.77324068711929,0.));
#6632=CARTESIAN_POINT('',(8.58435931288071,7.77324068711929,2.));
#6633=CARTESIAN_POINT('Origin',(12.827,3.5306,2.));
#6634=CARTESIAN_POINT('',(12.827,3.5306,2.));
#6635=CARTESIAN_POINT('',(12.827,3.5306,2.));
#6636=CARTESIAN_POINT('',(12.827,3.5306,0.));
#6637=CARTESIAN_POINT('',(12.827,3.5306,0.));
#6638=CARTESIAN_POINT('',(12.827,3.5306,2.));
#6639=CARTESIAN_POINT('Origin',(14.9606,3.5306,2.));
#6640=CARTESIAN_POINT('',(12.827,3.5306,2.));
#6641=CARTESIAN_POINT('',(12.827,3.5306,0.));
#6642=CARTESIAN_POINT('Origin',(13.8938,5.65192034355964,2.));
#6643=CARTESIAN_POINT('Origin',(13.8938,5.65192034355964,0.));
#6644=CARTESIAN_POINT('Origin',(23.0132406871193,7.77324068711929,2.));
#6645=CARTESIAN_POINT('',(18.7706,3.5306,2.));
#6646=CARTESIAN_POINT('',(23.0132406871193,7.77324068711929,2.));
#6647=CARTESIAN_POINT('',(18.7706,3.5306,2.));
#6648=CARTESIAN_POINT('',(18.7706,3.5306,0.));
#6649=CARTESIAN_POINT('',(18.7706,3.5306,2.));
#6650=CARTESIAN_POINT('',(23.0132406871193,7.77324068711929,0.));
#6651=CARTESIAN_POINT('',(18.7706,3.5306,0.));
#6652=CARTESIAN_POINT('',(23.0132406871193,7.77324068711929,2.));
#6653=CARTESIAN_POINT('Origin',(12.3943593128807,7.77324068711929,2.));
#6654=CARTESIAN_POINT('',(12.3943593128807,7.77324068711929,2.));
#6655=CARTESIAN_POINT('',(12.3943593128807,7.77324068711929,2.));
#6656=CARTESIAN_POINT('',(12.3943593128807,7.77324068711929,0.));
#6657=CARTESIAN_POINT('',(12.3943593128807,7.77324068711929,0.));
#6658=CARTESIAN_POINT('',(12.3943593128807,7.77324068711929,2.));
#6659=CARTESIAN_POINT('Origin',(16.637,3.5306,2.));
#6660=CARTESIAN_POINT('',(16.637,3.5306,2.));
#6661=CARTESIAN_POINT('',(16.637,3.5306,2.));
#6662=CARTESIAN_POINT('',(16.637,3.5306,0.));
#6663=CARTESIAN_POINT('',(16.637,3.5306,0.));
#6664=CARTESIAN_POINT('',(16.637,3.5306,2.));
#6665=CARTESIAN_POINT('Origin',(18.7706,3.5306,2.));
#6666=CARTESIAN_POINT('',(16.637,3.5306,2.));
#6667=CARTESIAN_POINT('',(16.637,3.5306,0.));
#6668=CARTESIAN_POINT('Origin',(17.7038,5.65192034355964,2.));
#6669=CARTESIAN_POINT('Origin',(17.7038,5.65192034355964,0.));
#6670=CARTESIAN_POINT('Origin',(26.8232406871193,7.77324068711929,2.));
#6671=CARTESIAN_POINT('',(22.5806,3.5306,2.));
#6672=CARTESIAN_POINT('',(26.8232406871193,7.77324068711929,2.));
#6673=CARTESIAN_POINT('',(22.5806,3.5306,2.));
#6674=CARTESIAN_POINT('',(22.5806,3.5306,0.));
#6675=CARTESIAN_POINT('',(22.5806,3.5306,2.));
#6676=CARTESIAN_POINT('',(26.8232406871193,7.77324068711929,0.));
#6677=CARTESIAN_POINT('',(22.5806,3.5306,0.));
#6678=CARTESIAN_POINT('',(26.8232406871193,7.77324068711929,2.));
#6679=CARTESIAN_POINT('Origin',(16.2043593128807,7.77324068711929,2.));
#6680=CARTESIAN_POINT('',(16.2043593128807,7.77324068711929,2.));
#6681=CARTESIAN_POINT('',(16.2043593128807,7.77324068711929,2.));
#6682=CARTESIAN_POINT('',(16.2043593128807,7.77324068711929,0.));
#6683=CARTESIAN_POINT('',(16.2043593128807,7.77324068711929,0.));
#6684=CARTESIAN_POINT('',(16.2043593128807,7.77324068711929,2.));
#6685=CARTESIAN_POINT('Origin',(20.447,3.5306,2.));
#6686=CARTESIAN_POINT('',(20.447,3.5306,2.));
#6687=CARTESIAN_POINT('',(20.447,3.5306,2.));
#6688=CARTESIAN_POINT('',(20.447,3.5306,0.));
#6689=CARTESIAN_POINT('',(20.447,3.5306,0.));
#6690=CARTESIAN_POINT('',(20.447,3.5306,2.));
#6691=CARTESIAN_POINT('Origin',(22.5806,3.5306,2.));
#6692=CARTESIAN_POINT('',(20.447,3.5306,2.));
#6693=CARTESIAN_POINT('',(20.447,3.5306,0.));
#6694=CARTESIAN_POINT('Origin',(21.5138,5.65192034355964,2.));
#6695=CARTESIAN_POINT('Origin',(21.5138,5.65192034355964,0.));
#6696=CARTESIAN_POINT('Origin',(11.5832406871193,8.35744068711929,2.));
#6697=CARTESIAN_POINT('',(7.3406,4.1148,2.));
#6698=CARTESIAN_POINT('',(11.5832406871193,8.35744068711929,2.));
#6699=CARTESIAN_POINT('',(7.3406,4.1148,2.));
#6700=CARTESIAN_POINT('',(7.3406,4.1148,0.));
#6701=CARTESIAN_POINT('',(7.3406,4.1148,2.));
#6702=CARTESIAN_POINT('',(11.5832406871193,8.35744068711929,0.));
#6703=CARTESIAN_POINT('',(7.3406,4.1148,0.));
#6704=CARTESIAN_POINT('',(11.5832406871193,8.35744068711929,2.));
#6705=CARTESIAN_POINT('Origin',(0.964359312880715,8.35744068711929,2.));
#6706=CARTESIAN_POINT('',(0.964359312880715,8.35744068711929,2.));
#6707=CARTESIAN_POINT('',(0.964359312880715,8.35744068711929,2.));
#6708=CARTESIAN_POINT('',(0.964359312880715,8.35744068711929,0.));
#6709=CARTESIAN_POINT('',(0.964359312880715,8.35744068711929,0.));
#6710=CARTESIAN_POINT('',(0.964359312880715,8.35744068711929,2.));
#6711=CARTESIAN_POINT('Origin',(5.207,4.1148,2.));
#6712=CARTESIAN_POINT('',(5.207,4.1148,2.));
#6713=CARTESIAN_POINT('',(5.207,4.1148,2.));
#6714=CARTESIAN_POINT('',(5.207,4.1148,0.));
#6715=CARTESIAN_POINT('',(5.207,4.1148,0.));
#6716=CARTESIAN_POINT('',(5.207,4.1148,2.));
#6717=CARTESIAN_POINT('Origin',(7.3406,4.1148,2.));
#6718=CARTESIAN_POINT('',(5.207,4.1148,2.));
#6719=CARTESIAN_POINT('',(5.207,4.1148,0.));
#6720=CARTESIAN_POINT('Origin',(6.2738,6.23612034355964,2.));
#6721=CARTESIAN_POINT('Origin',(6.2738,6.23612034355964,0.));
#6722=CARTESIAN_POINT('Origin',(15.3932406871193,8.35744068711929,2.));
#6723=CARTESIAN_POINT('',(11.1506,4.1148,2.));
#6724=CARTESIAN_POINT('',(15.3932406871193,8.35744068711929,2.));
#6725=CARTESIAN_POINT('',(11.1506,4.1148,2.));
#6726=CARTESIAN_POINT('',(11.1506,4.1148,0.));
#6727=CARTESIAN_POINT('',(11.1506,4.1148,2.));
#6728=CARTESIAN_POINT('',(15.3932406871193,8.35744068711929,0.));
#6729=CARTESIAN_POINT('',(11.1506,4.1148,0.));
#6730=CARTESIAN_POINT('',(15.3932406871193,8.35744068711929,2.));
#6731=CARTESIAN_POINT('Origin',(4.77435931288071,8.35744068711929,2.));
#6732=CARTESIAN_POINT('',(4.77435931288071,8.35744068711929,2.));
#6733=CARTESIAN_POINT('',(4.77435931288071,8.35744068711929,2.));
#6734=CARTESIAN_POINT('',(4.77435931288071,8.35744068711929,0.));
#6735=CARTESIAN_POINT('',(4.77435931288071,8.35744068711929,0.));
#6736=CARTESIAN_POINT('',(4.77435931288071,8.35744068711929,2.));
#6737=CARTESIAN_POINT('Origin',(9.017,4.1148,2.));
#6738=CARTESIAN_POINT('',(9.017,4.1148,2.));
#6739=CARTESIAN_POINT('',(9.017,4.1148,2.));
#6740=CARTESIAN_POINT('',(9.017,4.1148,0.));
#6741=CARTESIAN_POINT('',(9.017,4.1148,0.));
#6742=CARTESIAN_POINT('',(9.017,4.1148,2.));
#6743=CARTESIAN_POINT('Origin',(11.1506,4.1148,2.));
#6744=CARTESIAN_POINT('',(9.017,4.1148,2.));
#6745=CARTESIAN_POINT('',(9.017,4.1148,0.));
#6746=CARTESIAN_POINT('Origin',(10.0838,6.23612034355964,2.));
#6747=CARTESIAN_POINT('Origin',(10.0838,6.23612034355964,0.));
#6748=CARTESIAN_POINT('Origin',(19.2032406871193,8.35744068711929,2.));
#6749=CARTESIAN_POINT('',(14.9606,4.1148,2.));
#6750=CARTESIAN_POINT('',(19.2032406871193,8.35744068711929,2.));
#6751=CARTESIAN_POINT('',(14.9606,4.1148,2.));
#6752=CARTESIAN_POINT('',(14.9606,4.1148,0.));
#6753=CARTESIAN_POINT('',(14.9606,4.1148,2.));
#6754=CARTESIAN_POINT('',(19.2032406871193,8.35744068711929,0.));
#6755=CARTESIAN_POINT('',(14.9606,4.1148,0.));
#6756=CARTESIAN_POINT('',(19.2032406871193,8.35744068711929,2.));
#6757=CARTESIAN_POINT('Origin',(8.58435931288071,8.35744068711929,2.));
#6758=CARTESIAN_POINT('',(8.58435931288071,8.35744068711929,2.));
#6759=CARTESIAN_POINT('',(8.58435931288071,8.35744068711929,2.));
#6760=CARTESIAN_POINT('',(8.58435931288071,8.35744068711929,0.));
#6761=CARTESIAN_POINT('',(8.58435931288071,8.35744068711929,0.));
#6762=CARTESIAN_POINT('',(8.58435931288071,8.35744068711929,2.));
#6763=CARTESIAN_POINT('Origin',(12.827,4.1148,2.));
#6764=CARTESIAN_POINT('',(12.827,4.1148,2.));
#6765=CARTESIAN_POINT('',(12.827,4.1148,2.));
#6766=CARTESIAN_POINT('',(12.827,4.1148,0.));
#6767=CARTESIAN_POINT('',(12.827,4.1148,0.));
#6768=CARTESIAN_POINT('',(12.827,4.1148,2.));
#6769=CARTESIAN_POINT('Origin',(14.9606,4.1148,2.));
#6770=CARTESIAN_POINT('',(12.827,4.1148,2.));
#6771=CARTESIAN_POINT('',(12.827,4.1148,0.));
#6772=CARTESIAN_POINT('Origin',(13.8938,6.23612034355964,2.));
#6773=CARTESIAN_POINT('Origin',(13.8938,6.23612034355964,0.));
#6774=CARTESIAN_POINT('Origin',(23.0132406871193,8.35744068711929,2.));
#6775=CARTESIAN_POINT('',(18.7706,4.1148,2.));
#6776=CARTESIAN_POINT('',(23.0132406871193,8.35744068711929,2.));
#6777=CARTESIAN_POINT('',(18.7706,4.1148,2.));
#6778=CARTESIAN_POINT('',(18.7706,4.1148,0.));
#6779=CARTESIAN_POINT('',(18.7706,4.1148,2.));
#6780=CARTESIAN_POINT('',(23.0132406871193,8.35744068711929,0.));
#6781=CARTESIAN_POINT('',(18.7706,4.1148,0.));
#6782=CARTESIAN_POINT('',(23.0132406871193,8.35744068711929,2.));
#6783=CARTESIAN_POINT('Origin',(12.3943593128807,8.35744068711929,2.));
#6784=CARTESIAN_POINT('',(12.3943593128807,8.35744068711929,2.));
#6785=CARTESIAN_POINT('',(12.3943593128807,8.35744068711929,2.));
#6786=CARTESIAN_POINT('',(12.3943593128807,8.35744068711929,0.));
#6787=CARTESIAN_POINT('',(12.3943593128807,8.35744068711929,0.));
#6788=CARTESIAN_POINT('',(12.3943593128807,8.35744068711929,2.));
#6789=CARTESIAN_POINT('Origin',(16.637,4.1148,2.));
#6790=CARTESIAN_POINT('',(16.637,4.1148,2.));
#6791=CARTESIAN_POINT('',(16.637,4.1148,2.));
#6792=CARTESIAN_POINT('',(16.637,4.1148,0.));
#6793=CARTESIAN_POINT('',(16.637,4.1148,0.));
#6794=CARTESIAN_POINT('',(16.637,4.1148,2.));
#6795=CARTESIAN_POINT('Origin',(18.7706,4.1148,2.));
#6796=CARTESIAN_POINT('',(16.637,4.1148,2.));
#6797=CARTESIAN_POINT('',(16.637,4.1148,0.));
#6798=CARTESIAN_POINT('Origin',(17.7038,6.23612034355964,2.));
#6799=CARTESIAN_POINT('Origin',(17.7038,6.23612034355964,0.));
#6800=CARTESIAN_POINT('Origin',(26.8232406871193,8.35744068711929,2.));
#6801=CARTESIAN_POINT('',(22.5806,4.1148,2.));
#6802=CARTESIAN_POINT('',(26.8232406871193,8.35744068711929,2.));
#6803=CARTESIAN_POINT('',(22.5806,4.1148,2.));
#6804=CARTESIAN_POINT('',(22.5806,4.1148,0.));
#6805=CARTESIAN_POINT('',(22.5806,4.1148,2.));
#6806=CARTESIAN_POINT('',(26.8232406871193,8.35744068711929,0.));
#6807=CARTESIAN_POINT('',(22.5806,4.1148,0.));
#6808=CARTESIAN_POINT('',(26.8232406871193,8.35744068711929,2.));
#6809=CARTESIAN_POINT('Origin',(16.2043593128807,8.35744068711929,2.));
#6810=CARTESIAN_POINT('',(16.2043593128807,8.35744068711929,2.));
#6811=CARTESIAN_POINT('',(16.2043593128807,8.35744068711929,2.));
#6812=CARTESIAN_POINT('',(16.2043593128807,8.35744068711929,0.));
#6813=CARTESIAN_POINT('',(16.2043593128807,8.35744068711929,0.));
#6814=CARTESIAN_POINT('',(16.2043593128807,8.35744068711929,2.));
#6815=CARTESIAN_POINT('Origin',(20.447,4.1148,2.));
#6816=CARTESIAN_POINT('',(20.447,4.1148,2.));
#6817=CARTESIAN_POINT('',(20.447,4.1148,2.));
#6818=CARTESIAN_POINT('',(20.447,4.1148,0.));
#6819=CARTESIAN_POINT('',(20.447,4.1148,0.));
#6820=CARTESIAN_POINT('',(20.447,4.1148,2.));
#6821=CARTESIAN_POINT('Origin',(22.5806,4.1148,2.));
#6822=CARTESIAN_POINT('',(20.447,4.1148,2.));
#6823=CARTESIAN_POINT('',(20.447,4.1148,0.));
#6824=CARTESIAN_POINT('Origin',(21.5138,6.23612034355964,2.));
#6825=CARTESIAN_POINT('Origin',(21.5138,6.23612034355964,0.));
#6826=UNCERTAINTY_MEASURE_WITH_UNIT(LENGTH_MEASURE(0.01),#6830,
'DISTANCE_ACCURACY_VALUE',
'Maximum model space distance between geometric entities at asserted c
onnectivities');
#6827=UNCERTAINTY_MEASURE_WITH_UNIT(LENGTH_MEASURE(0.01),#6830,
'DISTANCE_ACCURACY_VALUE',
'Maximum model space distance between geometric entities at asserted c
onnectivities');
#6828=(
GEOMETRIC_REPRESENTATION_CONTEXT(3)
GLOBAL_UNCERTAINTY_ASSIGNED_CONTEXT((#6826))
GLOBAL_UNIT_ASSIGNED_CONTEXT((#6830,#6832,#6833))
REPRESENTATION_CONTEXT('','3D')
);
#6829=(
GEOMETRIC_REPRESENTATION_CONTEXT(3)
GLOBAL_UNCERTAINTY_ASSIGNED_CONTEXT((#6827))
GLOBAL_UNIT_ASSIGNED_CONTEXT((#6830,#6832,#6833))
REPRESENTATION_CONTEXT('','3D')
);
#6830=(
LENGTH_UNIT()
NAMED_UNIT(*)
SI_UNIT(.MILLI.,.METRE.)
);
#6831=(
LENGTH_UNIT()
NAMED_UNIT(*)
SI_UNIT($,.METRE.)
);
#6832=(
NAMED_UNIT(*)
PLANE_ANGLE_UNIT()
SI_UNIT($,.RADIAN.)
);
#6833=(
NAMED_UNIT(*)
SI_UNIT($,.STERADIAN.)
SOLID_ANGLE_UNIT()
);
#6834=SHAPE_DEFINITION_REPRESENTATION(#6835,#6836);
#6835=PRODUCT_DEFINITION_SHAPE('',$,#6838);
#6836=SHAPE_REPRESENTATION('',(#4258),#6828);
#6837=PRODUCT_DEFINITION_CONTEXT('part definition',#6842,'design');
#6838=PRODUCT_DEFINITION('KWIKSET MODULAR','KWIKSET MODULAR v2',#6839,#6837);
#6839=PRODUCT_DEFINITION_FORMATION('',$,#6844);
#6840=PRODUCT_RELATED_PRODUCT_CATEGORY('KWIKSET MODULAR v2',
'KWIKSET MODULAR v2',(#6844));
#6841=APPLICATION_PROTOCOL_DEFINITION('international standard',
'automotive_design',2009,#6842);
#6842=APPLICATION_CONTEXT(
'Core Data for Automotive Mechanical Design Process');
#6843=PRODUCT_CONTEXT('part definition',#6842,'mechanical');
#6844=PRODUCT('KWIKSET MODULAR','KWIKSET MODULAR v2',$,(#6843));
#6845=PRESENTATION_STYLE_ASSIGNMENT((#6846));
#6846=SURFACE_STYLE_USAGE(.BOTH.,#6847);
#6847=SURFACE_SIDE_STYLE('',(#6848));
#6848=SURFACE_STYLE_FILL_AREA(#6849);
#6849=FILL_AREA_STYLE('Steel - Satin',(#6850));
#6850=FILL_AREA_STYLE_COLOUR('Steel - Satin',#6851);
#6851=COLOUR_RGB('Steel - Satin',0.627450980392157,0.627450980392157,0.627450980392157);
ENDSEC;
END-ISO-10303-21;
