solid OpenSCAD_Model
  facet normal -1 6.7267e-08 0.000211432
    outer loop
      vertex -0.955052 -9.36741e-05 0.482224
      vertex -0.954834 0 1.5157
      vertex -0.955052 0 0.482224
    endloop
  endfacet
  facet normal -1 -3.97295e-09 0.000211432
    outer loop
      vertex -0.955052 -1.58543 0.482758
      vertex -0.954834 0 1.5157
      vertex -0.955052 -9.36741e-05 0.482224
    endloop
  endfacet
  facet normal -1 3.23728e-07 0.0002107
    outer loop
      vertex -0.955137 -2.09033 0.0794469
      vertex -0.955093 -1.73613 0.290787
      vertex -0.955123 -1.9344 0.144272
    endloop
  endfacet
  facet normal -1 -5.73197e-07 0.000212203
    outer loop
      vertex -0.955093 -1.73613 0.290787
      vertex -0.955137 -2.09033 0.0794469
      vertex -0.955052 -1.58543 0.482758
    endloop
  endfacet
  facet normal -1 0 0.000211443
    outer loop
      vertex -0.954834 -25.8978 1.5157
      vertex -0.955137 -2.09033 0.0794469
      vertex -0.955137 -24.48 0.0794469
    endloop
  endfacet
  facet normal -1 2.37501e-09 0.000211482
    outer loop
      vertex -0.955137 -2.09033 0.0794469
      vertex -0.954834 -25.8978 1.5157
      vertex -0.955052 -1.58543 0.482758
    endloop
  endfacet
  facet normal -1 0 0.000211426
    outer loop
      vertex -0.955052 -1.58543 0.482758
      vertex -0.954834 -25.8978 1.5157
      vertex -0.954834 0 1.5157
    endloop
  endfacet
  facet normal -0.905009 0 0.425392
    outer loop
      vertex -0.954834 -25.8978 1.5157
      vertex -0.252798 0 3.00926
      vertex -0.954834 0 1.5157
    endloop
  endfacet
  facet normal -0.905009 -2.9809e-09 0.425392
    outer loop
      vertex -0.252798 0 3.00926
      vertex -0.954834 -25.8978 1.5157
      vertex 0.000288009 -3.8555e-06 3.5477
    endloop
  endfacet
  facet normal -0.907901 0.00059367 0.419185
    outer loop
      vertex 0.000288009 -3.8555e-06 3.5477
      vertex -0.954834 -25.8978 1.5157
      vertex 0.00028944 -3.85552e-06 3.5477
    endloop
  endfacet
  facet normal -0.905009 -7.9936e-08 0.425392
    outer loop
      vertex 0.000289427 -26.6702 3.5477
      vertex -0.954834 -25.8978 1.5157
      vertex -0.757818 -26.3116 1.93484
    endloop
  endfacet
  facet normal -0.905009 1.71741e-07 0.425392
    outer loop
      vertex 0.000289427 -26.6702 3.5477
      vertex -0.757818 -26.3116 1.93484
      vertex -0.641585 -26.4973 2.18213
    endloop
  endfacet
  facet normal -0.905009 -2.33546e-07 0.425392
    outer loop
      vertex 0.000289427 -26.6702 3.5477
      vertex -0.641585 -26.4973 2.18213
      vertex -0.512441 -26.6364 2.45688
    endloop
  endfacet
  facet normal -0.905009 4.31578e-10 0.425392
    outer loop
      vertex -0.954834 -25.8978 1.5157
      vertex 0.000289427 -26.6702 3.5477
      vertex 0.00028944 -3.85552e-06 3.5477
    endloop
  endfacet
  facet normal -0.905009 2.79221e-07 0.425392
    outer loop
      vertex -0.373665 -26.7237 2.75212
      vertex 0.000289427 -26.6702 3.5477
      vertex -0.512441 -26.6364 2.45688
    endloop
  endfacet
  facet normal -0.905009 -4.69096e-08 0.425392
    outer loop
      vertex -0.228534 -26.7539 3.06088
      vertex 0.000289427 -26.6702 3.5477
      vertex -0.373665 -26.7237 2.75212
    endloop
  endfacet
  facet normal -0.905009 -1.28364e-07 0.425392
    outer loop
      vertex 0.000289427 -26.6702 3.5477
      vertex -0.228534 -26.7539 3.06088
      vertex -0.0836688 -26.7237 3.36908
    endloop
  endfacet
  facet normal -1 4.76631e-10 0
    outer loop
      vertex 0.00028944 -7.27515e-06 3.5477
      vertex 0.000289427 -26.5618 3.80165
      vertex 0.00028944 -7.27515e-06 3.80165
    endloop
  endfacet
  facet normal -1 4.76877e-10 3.41991e-09
    outer loop
      vertex 0.000289427 -26.6702 3.5477
      vertex 0.00028944 -7.27515e-06 3.5477
      vertex 0.00028944 -3.85552e-06 3.5477
    endloop
  endfacet
  facet normal -1 4.76877e-10 2.56795e-11
    outer loop
      vertex 0.00028944 -7.27515e-06 3.5477
      vertex 0.000289427 -26.6702 3.5477
      vertex 0.000289427 -26.5618 3.80165
    endloop
  endfacet
  facet normal -1 -2.30991e-10 3.27793e-10
    outer loop
      vertex 0.000289427 -26.5618 3.80165
      vertex 0.000289427 -26.6702 3.5477
      vertex 0.000289427 -26.6364 3.66025
    endloop
  endfacet
  facet normal -0.405211 1.93136e-10 -0.914223
    outer loop
      vertex 0.000289427 -26.5618 3.80165
      vertex 0.000288364 -2.36891e-05 3.80165
      vertex 0.00028944 -7.27515e-06 3.80165
    endloop
  endfacet
  facet normal -0.405212 1.50728e-07 -0.914223
    outer loop
      vertex -0.782634 -26.3116 4.14867
      vertex 0.000289427 -26.5618 3.80165
      vertex -0.275019 -26.4973 3.92368
    endloop
  endfacet
  facet normal -0.405212 6.37295e-07 -0.914223
    outer loop
      vertex 0.000289427 -26.5618 3.80165
      vertex -0.782634 -26.3116 4.14867
      vertex -0.954834 -26.2354 4.22499
    endloop
  endfacet
  facet normal -0.405212 1.93112e-10 -0.914223
    outer loop
      vertex 0.000289427 -26.5618 3.80165
      vertex -0.954834 -26.2354 4.22499
      vertex 0.000288364 -2.36891e-05 3.80165
    endloop
  endfacet
  facet normal -0.405212 7.27412e-09 -0.914223
    outer loop
      vertex 0.000288364 -2.36891e-05 3.80165
      vertex -0.954834 -26.2354 4.22499
      vertex -0.954831 -9.13882e-06 4.22499
    endloop
  endfacet
  facet normal -0.341743 0 -0.939793
    outer loop
      vertex -0.954831 -9.13882e-06 4.22499
      vertex -0.954834 -26.2354 4.22499
      vertex -0.954834 -9.13877e-06 4.22499
    endloop
  endfacet
  facet normal -1 0 0
    outer loop
      vertex -0.954834 -9.13877e-06 4.22499
      vertex -0.954834 0 4.22499
      vertex -0.954834 -1.39849e-06 4.22499
    endloop
  endfacet
  facet normal -1 -3.90346e-06 7.48114e-05
    outer loop
      vertex -0.954834 0 4.22499
      vertex -0.954834 -9.13877e-06 4.22499
      vertex -0.954498 0 8.71219
    endloop
  endfacet
  facet normal -1 2.05734e-09 7.48113e-05
    outer loop
      vertex -0.954834 -9.13877e-06 4.22499
      vertex -0.954498 -21.7585 8.71199
      vertex -0.954498 0 8.71219
    endloop
  endfacet
  facet normal -1 0 7.48014e-05
    outer loop
      vertex -0.954498 -21.7585 8.71199
      vertex -0.954834 -9.13877e-06 4.22499
      vertex -0.954834 -26.2354 4.22499
    endloop
  endfacet
  facet normal 1 -4.76179e-10 0
    outer loop
      vertex 0.00028943 -21.7585 8.71199
      vertex 0.00028944 0 5.07165
      vertex 0.00028944 0 8.71219
    endloop
  endfacet
  facet normal 1 -4.76836e-10 -3.92739e-12
    outer loop
      vertex 0.00028944 0 5.07165
      vertex 0.00028943 -21.7585 8.71199
      vertex 0.000289428 -25.3907 5.07165
    endloop
  endfacet
  facet normal 0.469624 -2.23934e-10 0.882867
    outer loop
      vertex 0.000289428 -25.3907 5.07165
      vertex 0.955093 0 4.56377
      vertex 0.00028944 0 5.07165
    endloop
  endfacet
  facet normal 0.469623 0 0.882867
    outer loop
      vertex 0.955093 0 4.56377
      vertex 0.000289428 -25.3907 5.07165
      vertex 0.955093 -25.8974 4.56377
    endloop
  endfacet
  facet normal 1 -0 4.8055e-05
    outer loop
      vertex 0.955093 -25.8974 4.56377
      vertex 0.955154 0 3.29365
      vertex 0.955093 0 4.56377
    endloop
  endfacet
  facet normal 1 -2.79818e-07 4.82386e-05
    outer loop
      vertex 0.955154 -26.7311 3.29365
      vertex 0.955093 -25.8974 4.56377
      vertex 0.955113 -26.3116 4.14867
    endloop
  endfacet
  facet normal 1 3.40683e-07 4.79342e-05
    outer loop
      vertex 0.955154 -26.7311 3.29365
      vertex 0.955113 -26.3116 4.14867
      vertex 0.955124 -26.4973 3.92368
    endloop
  endfacet
  facet normal 1 -5.87551e-07 4.82786e-05
    outer loop
      vertex 0.955154 -26.7311 3.29365
      vertex 0.955124 -26.4973 3.92368
      vertex 0.955136 -26.6364 3.66025
    endloop
  endfacet
  facet normal 1 -4.91177e-07 4.82537e-05
    outer loop
      vertex 0.955154 -26.7311 3.29365
      vertex 0.955136 -26.6364 3.66025
      vertex 0.95515 -26.7237 3.36908
    endloop
  endfacet
  facet normal 1 0 4.8055e-05
    outer loop
      vertex 0.955093 -25.8974 4.56377
      vertex 0.955154 -26.7311 3.29365
      vertex 0.955154 0 3.29365
    endloop
  endfacet
  facet normal 0.902921 -5.21208e-10 -0.429807
    outer loop
      vertex 0.955154 0 3.29365
      vertex 0.0684962 -25.8142 1.431
      vertex 0.0684962 0 1.431
    endloop
  endfacet
  facet normal 0.902921 0 -0.429807
    outer loop
      vertex 0.955154 -26.7311 3.29365
      vertex 0.0684962 -25.8142 1.431
      vertex 0.955154 0 3.29365
    endloop
  endfacet
  facet normal 0.902921 2.86171e-08 -0.429807
    outer loop
      vertex 0.0684962 -25.8142 1.431
      vertex 0.955154 -26.7311 3.29365
      vertex 0.308336 -26.3116 1.93484
    endloop
  endfacet
  facet normal 0.902921 -1.23326e-07 -0.429807
    outer loop
      vertex 0.308336 -26.3116 1.93484
      vertex 0.955154 -26.7311 3.29365
      vertex 0.426047 -26.4973 2.18213
    endloop
  endfacet
  facet normal 0.902921 4.39886e-08 -0.429807
    outer loop
      vertex 0.426047 -26.4973 2.18213
      vertex 0.955154 -26.7311 3.29365
      vertex 0.556833 -26.6364 2.45688
    endloop
  endfacet
  facet normal 0.902921 -2.30816e-07 -0.429807
    outer loop
      vertex 0.556833 -26.6364 2.45688
      vertex 0.955154 -26.7311 3.29365
      vertex 0.697374 -26.7237 2.75212
    endloop
  endfacet
  facet normal 0.902921 2.55941e-07 -0.429807
    outer loop
      vertex 0.697374 -26.7237 2.75212
      vertex 0.955154 -26.7311 3.29365
      vertex 0.84435 -26.7539 3.06088
    endloop
  endfacet
  facet normal 1 -5.82909e-10 0
    outer loop
      vertex 0.0684962 0 1.431
      vertex 0.0684962 -25.5635 1.17699
      vertex 0.0684962 0 1.17699
    endloop
  endfacet
  facet normal 1 -5.77247e-10 -5.69822e-10
    outer loop
      vertex 0.0684962 -25.5635 1.17699
      vertex 0.0684962 0 1.431
      vertex 0.0684962 -25.8142 1.431
    endloop
  endfacet
  facet normal 0.430888 0 0.902405
    outer loop
      vertex 0.0684962 0 1.17699
      vertex 0.955093 -25.1456 0.753646
      vertex 0.955093 0 0.753646
    endloop
  endfacet
  facet normal 0.430888 -2.51168e-10 0.902405
    outer loop
      vertex 0.955093 -25.1456 0.753646
      vertex 0.0684962 0 1.17699
      vertex 0.0684962 -25.5635 1.17699
    endloop
  endfacet
  facet normal 1 0 0
    outer loop
      vertex 0.955093 0 0.753646
      vertex 0.955093 -1.58537 0.482758
      vertex 0.955093 0 0.482223
    endloop
  endfacet
  facet normal 1 0 0
    outer loop
      vertex 0.955093 0 0.753646
      vertex 0.955093 -1.58543 0.482758
      vertex 0.955093 -1.58537 0.482758
    endloop
  endfacet
  facet normal 1 0 0
    outer loop
      vertex 0.955093 -2.09035 0.0794381
      vertex 0.955093 -1.73613 0.290787
      vertex 0.955093 -1.58543 0.482758
    endloop
  endfacet
  facet normal 1 0 0
    outer loop
      vertex 0.955093 -1.73613 0.290787
      vertex 0.955093 -2.09035 0.0794381
      vertex 0.955093 -1.9344 0.144272
    endloop
  endfacet
  facet normal 1 0 0
    outer loop
      vertex 0.955093 -25.1456 0.753646
      vertex 0.955093 -2.09035 0.0794381
      vertex 0.955093 -1.58543 0.482758
    endloop
  endfacet
  facet normal 1 -0 0
    outer loop
      vertex 0.955093 -25.1456 0.753646
      vertex 0.955093 -1.58543 0.482758
      vertex 0.955093 0 0.753646
    endloop
  endfacet
  facet normal 1 0 0
    outer loop
      vertex 0.955093 -2.09035 0.0794381
      vertex 0.955093 -25.1456 0.753646
      vertex 0.955093 -24.48 0.0794381
    endloop
  endfacet
  facet normal -0.00015926 6.62363e-13 -1
    outer loop
      vertex -0.00232635 -24.4018 0.000152477
      vertex 0.00231507 -2.43206 0.000151738
      vertex 0.00231507 -24.4018 0.000151737
    endloop
  endfacet
  facet normal -0.000159257 -1.68778e-15 -1
    outer loop
      vertex 0.00231507 -2.43206 0.000151738
      vertex -0.00232635 -24.4018 0.000152477
      vertex -0.00232635 -2.43206 0.000152477
    endloop
  endfacet
  facet normal -0.19509 0 -0.980785
    outer loop
      vertex -0.955137 -24.48 0.0794469
      vertex -0.828841 -2.15076 0.0543251
      vertex -0.828841 -24.4552 0.0543251
    endloop
  endfacet
  facet normal -0.19509 0 -0.980785
    outer loop
      vertex -0.828841 -2.15076 0.0543251
      vertex -0.955137 -24.48 0.0794469
      vertex -0.955137 -2.09033 0.0794469
    endloop
  endfacet
  facet normal 0.19509 0 -0.980785
    outer loop
      vertex 0.828841 -2.15076 0.0543251
      vertex 0.955093 -24.48 0.0794381
      vertex 0.828841 -24.4552 0.0543251
    endloop
  endfacet
  facet normal 0.19509 0 -0.980785
    outer loop
      vertex 0.955093 -24.48 0.0794381
      vertex 0.828841 -2.15076 0.0543251
      vertex 0.955093 -2.09035 0.0794381
    endloop
  endfacet
  facet normal 0.0654031 0 -0.997859
    outer loop
      vertex 0.00231507 -2.43206 0.000151738
      vertex 0.828841 -2.15076 0.0543251
      vertex 0.828841 -24.4552 0.0543251
    endloop
  endfacet
  facet normal 0.0654031 6.60945e-13 -0.997859
    outer loop
      vertex 0.00231507 -2.43206 0.000151738
      vertex 0.828841 -24.4552 0.0543251
      vertex 0.00231507 -24.4018 0.000151737
    endloop
  endfacet
  facet normal 0.0654031 4.68114e-08 -0.997859
    outer loop
      vertex 0.828841 -2.15076 0.0543251
      vertex 0.00231507 -2.43206 0.000151738
      vertex 0.706328 -2.17007 0.0462952
    endloop
  endfacet
  facet normal -0.0654031 -6.93129e-13 -0.997859
    outer loop
      vertex -0.828841 -24.4552 0.0543251
      vertex -0.00232635 -2.43206 0.000152477
      vertex -0.00232635 -24.4018 0.000152477
    endloop
  endfacet
  facet normal -0.0654031 -0 -0.997859
    outer loop
      vertex -0.828841 -2.15076 0.0543251
      vertex -0.00232635 -2.43206 0.000152477
      vertex -0.828841 -24.4552 0.0543251
    endloop
  endfacet
  facet normal -0.0654031 4.68779e-08 -0.997859
    outer loop
      vertex -0.00232635 -2.43206 0.000152477
      vertex -0.828841 -2.15076 0.0543251
      vertex -0.706328 -2.17007 0.0462952
    endloop
  endfacet
  facet normal 0 -1 0
    outer loop
      vertex 0.00028944 0 8.71219
      vertex 0.000289917 0 5.07166
      vertex 0.000289917 0 8.71219
    endloop
  endfacet
  facet normal 0 -1 0
    outer loop
      vertex 0.00028944 0 5.07165
      vertex 0.000289917 0 5.07166
      vertex 0.00028944 0 8.71219
    endloop
  endfacet
  facet normal 0 -1 0
    outer loop
      vertex 0.955093 0 4.56377
      vertex 0.000289917 0 5.07166
      vertex 0.00028944 0 5.07165
    endloop
  endfacet
  facet normal 0 -1 0
    outer loop
      vertex 0.955154 0 3.29365
      vertex 0.955154 0 3.29366
      vertex 0.955093 0 4.56377
    endloop
  endfacet
  facet normal 0 -1 -0
    outer loop
      vertex 0.955154 0 3.29365
      vertex 0.0684967 0 1.431
      vertex 0.955154 0 3.29366
    endloop
  endfacet
  facet normal 0 -1 0
    outer loop
      vertex 0.0684962 0 1.431
      vertex 0.0684967 0 1.431
      vertex 0.955154 0 3.29365
    endloop
  endfacet
  facet normal 0 -1 0
    outer loop
      vertex 0.0684962 0 1.431
      vertex 0.0684967 0 1.17699
      vertex 0.0684967 0 1.431
    endloop
  endfacet
  facet normal 0 -1 0
    outer loop
      vertex 0.0684962 0 1.17699
      vertex 0.0684967 0 1.17699
      vertex 0.0684962 0 1.431
    endloop
  endfacet
  facet normal 0 -1 0
    outer loop
      vertex 0.955093 0 0.753646
      vertex 0.0684967 0 1.17699
      vertex 0.0684962 0 1.17699
    endloop
  endfacet
  facet normal 0 -1 0
    outer loop
      vertex 0.0684967 0 1.17699
      vertex 0.955093 0 0.753646
      vertex 0.955093 0 0.753647
    endloop
  endfacet
  facet normal 0 -1 0
    outer loop
      vertex 0.955093 0 0.753646
      vertex 0.955093 0 0.482223
      vertex 0.955093 0 0.753647
    endloop
  endfacet
  facet normal 1 0 0
    outer loop
      vertex 0.955165 15.965 17.0047
      vertex 0.955165 16.1325 16.6559
      vertex 0.955165 16.0728 16.8258
    endloop
  endfacet
  facet normal 1 0 0
    outer loop
      vertex 0.955165 16.1325 16.6559
      vertex 0.955165 11.8858 16.8165
      vertex 0.955165 16.1325 -7.8689
    endloop
  endfacet
  facet normal 1 0 0
    outer loop
      vertex 0.955165 15.822 17.1625
      vertex 0.955165 16.1325 16.6559
      vertex 0.955165 15.965 17.0047
    endloop
  endfacet
  facet normal 1 0 0
    outer loop
      vertex 0.955165 11.8858 -8.03162
      vertex 0.955165 16.1325 -7.8689
      vertex 0.955165 11.8858 16.8165
    endloop
  endfacet
  facet normal 1 0 0
    outer loop
      vertex 0.955165 16.1325 16.6559
      vertex 0.955165 15.822 17.1625
      vertex 0.955165 14.9918 17.4563
    endloop
  endfacet
  facet normal 1 0 -0
    outer loop
      vertex 0.955165 12.9599 -8.72852
      vertex 0.955165 16.1325 -7.8689
      vertex 0.955165 11.8858 -8.03162
    endloop
  endfacet
  facet normal 1 0 0
    outer loop
      vertex 0.955165 14.9918 17.4563
      vertex 0.955165 15.822 17.1625
      vertex 0.955165 15.6485 17.293
    endloop
  endfacet
  facet normal 1 0 -0
    outer loop
      vertex 0.955165 15.6485 -8.52032
      vertex 0.955165 16.1325 -7.8689
      vertex 0.955165 14.9918 -8.72852
    endloop
  endfacet
  facet normal 1 0 0
    outer loop
      vertex 0.955165 16.1325 -7.8689
      vertex 0.955165 15.9649 -8.22064
      vertex 0.955165 16.0728 -8.03957
    endloop
  endfacet
  facet normal 1 0 0
    outer loop
      vertex 0.955165 14.9918 17.4563
      vertex 0.955165 15.6485 17.293
      vertex 0.955165 15.4492 17.3896
    endloop
  endfacet
  facet normal 1 0 0
    outer loop
      vertex 0.955165 16.1325 -7.8689
      vertex 0.955165 15.6485 -8.52032
      vertex 0.955165 15.822 -8.38278
    endloop
  endfacet
  facet normal 1 0 0
    outer loop
      vertex 0.955165 14.9918 17.4563
      vertex 0.955165 15.4492 17.3896
      vertex 0.955165 15.2288 17.4462
    endloop
  endfacet
  facet normal 1 0 0
    outer loop
      vertex 0.955165 15.6485 -8.52032
      vertex 0.955165 14.9918 -8.72852
      vertex 0.955165 15.4492 -8.62758
    endloop
  endfacet
  facet normal 1 -0 0
    outer loop
      vertex 0.955165 12.9599 17.4563
      vertex 0.955165 16.1325 16.6559
      vertex 0.955165 14.9918 17.4563
    endloop
  endfacet
  facet normal 1 0 0
    outer loop
      vertex 0.955165 15.4492 -8.62758
      vertex 0.955165 14.9918 -8.72852
      vertex 0.955165 15.2288 -8.69887
    endloop
  endfacet
  facet normal 1 0 0
    outer loop
      vertex 0.955165 16.1325 16.6559
      vertex 0.955165 12.9599 17.4563
      vertex 0.955165 11.8858 16.8165
    endloop
  endfacet
  facet normal 1 0 0
    outer loop
      vertex 0.955165 11.8858 16.8165
      vertex 0.955165 12.9599 17.4563
      vertex 0.955165 12.7262 17.4462
    endloop
  endfacet
  facet normal 1 0 -0
    outer loop
      vertex 0.955165 15.9649 -8.22064
      vertex 0.955165 16.1325 -7.8689
      vertex 0.955165 15.822 -8.38278
    endloop
  endfacet
  facet normal 1 0 0
    outer loop
      vertex 0.955165 11.8858 16.8165
      vertex 0.955165 12.7262 17.4462
      vertex 0.955165 12.5083 17.3896
    endloop
  endfacet
  facet normal 1 0 0
    outer loop
      vertex 0.955165 16.1325 -7.8689
      vertex 0.955165 12.9599 -8.72852
      vertex 0.955165 14.9918 -8.72852
    endloop
  endfacet
  facet normal 1 0 0
    outer loop
      vertex 0.955165 11.8858 16.8165
      vertex 0.955165 12.5083 17.3896
      vertex 0.955165 12.3109 17.293
    endloop
  endfacet
  facet normal 1 0 0
    outer loop
      vertex 0.955165 12.9599 -8.72852
      vertex 0.955165 11.8858 -8.03162
      vertex 0.955165 12.7262 -8.69887
    endloop
  endfacet
  facet normal 1 0 0
    outer loop
      vertex 0.955165 11.8858 16.8165
      vertex 0.955165 12.3109 17.293
      vertex 0.955165 12.1387 17.1625
    endloop
  endfacet
  facet normal 1 0 0
    outer loop
      vertex 0.955165 12.7262 -8.69887
      vertex 0.955165 11.8858 -8.03162
      vertex 0.955165 12.5082 -8.62758
    endloop
  endfacet
  facet normal 1 0 0
    outer loop
      vertex 0.955165 11.8858 16.8165
      vertex 0.955165 12.1387 17.1625
      vertex 0.955165 11.9965 17.0047
    endloop
  endfacet
  facet normal 1 0 0
    outer loop
      vertex 0.955165 12.5082 -8.62758
      vertex 0.955165 11.8858 -8.03162
      vertex 0.955165 12.3107 -8.52032
    endloop
  endfacet
  facet normal 1 0 0
    outer loop
      vertex 0.955165 11.8858 16.8165
      vertex 0.955165 11.9965 17.0047
      vertex 0.955165 11.8891 16.8258
    endloop
  endfacet
  facet normal 1 0 0
    outer loop
      vertex 0.955165 12.3107 -8.52032
      vertex 0.955165 11.8858 -8.03162
      vertex 0.955165 12.1384 -8.3828
    endloop
  endfacet
  facet normal 1 0 0
    outer loop
      vertex 0.955165 12.1384 -8.3828
      vertex 0.955165 11.8858 -8.03162
      vertex 0.955165 11.9961 -8.22064
    endloop
  endfacet
  facet normal 1 0 0
    outer loop
      vertex 0.955165 11.9961 -8.22064
      vertex 0.955165 11.8858 -8.03162
      vertex 0.955165 11.8886 -8.03957
    endloop
  endfacet
  facet normal 1 0 0
    outer loop
      vertex 0.955165 18.7192 13.2695
      vertex 0.955165 19.3099 12.4623
      vertex 0.955165 19.2695 12.7453
    endloop
  endfacet
  facet normal 1 0 0
    outer loop
      vertex 0.955165 23.276 4.39418
      vertex 0.955165 25.6635 4.39418
      vertex 0.955165 25.6496 5.35026
    endloop
  endfacet
  facet normal 1 -0 0
    outer loop
      vertex 0.955165 23.2486 5.408
      vertex 0.955165 25.6496 5.35026
      vertex 0.955165 25.6084 6.11435
    endloop
  endfacet
  facet normal 1 0 0
    outer loop
      vertex 0.955165 25.6635 4.39418
      vertex 0.955165 23.276 4.39418
      vertex 0.955165 25.6496 3.4379
    endloop
  endfacet
  facet normal 1 0 0
    outer loop
      vertex 0.955165 23.1693 6.00796
      vertex 0.955165 25.6084 6.11435
      vertex 0.955165 25.541 6.71051
    endloop
  endfacet
  facet normal 1 0 0
    outer loop
      vertex 0.955165 23.2487 3.37942
      vertex 0.955165 25.6496 3.4379
      vertex 0.955165 23.276 4.39418
    endloop
  endfacet
  facet normal 1 0 0
    outer loop
      vertex 0.955165 23.1115 6.18993
      vertex 0.955165 25.541 6.71051
      vertex 0.955165 25.4483 7.16295
    endloop
  endfacet
  facet normal 1 0 0
    outer loop
      vertex 0.955165 25.6496 3.4379
      vertex 0.955165 23.2487 3.37942
      vertex 0.955165 25.6084 2.67357
    endloop
  endfacet
  facet normal 1 0 0
    outer loop
      vertex 0.955165 23.0423 6.31302
      vertex 0.955165 25.4483 7.16295
      vertex 0.955165 25.3311 7.49592
    endloop
  endfacet
  facet normal 1 -0 0
    outer loop
      vertex 0.955165 23.1693 2.7729
      vertex 0.955165 25.6084 2.67357
      vertex 0.955165 23.2487 3.37942
    endloop
  endfacet
  facet normal 1 0 0
    outer loop
      vertex 0.955165 24.8423 8.02017
      vertex 0.955165 25.3311 7.49592
      vertex 0.955165 25.1904 7.73363
    endloop
  endfacet
  facet normal 1 0 0
    outer loop
      vertex 0.955165 25.6084 2.67357
      vertex 0.955165 23.1693 2.7729
      vertex 0.955165 25.541 2.07677
    endloop
  endfacet
  facet normal 1 0 0
    outer loop
      vertex 0.955165 24.8423 8.02017
      vertex 0.955165 25.1904 7.73363
      vertex 0.955165 25.0272 7.9003
    endloop
  endfacet
  facet normal 1 -0 0
    outer loop
      vertex 0.955165 23.1115 2.58385
      vertex 0.955165 25.541 2.07677
      vertex 0.955165 23.1693 2.7729
    endloop
  endfacet
  facet normal 1 0 0
    outer loop
      vertex 0.955165 23.0423 6.31302
      vertex 0.955165 25.3311 7.49592
      vertex 0.955165 24.8423 8.02017
    endloop
  endfacet
  facet normal 1 0 0
    outer loop
      vertex 0.955165 25.541 2.07677
      vertex 0.955165 23.1115 2.58385
      vertex 0.955165 25.4483 1.62308
    endloop
  endfacet
  facet normal 1 -0 0
    outer loop
      vertex 0.955165 23.0423 2.45018
      vertex 0.955165 25.4483 1.62308
      vertex 0.955165 23.1115 2.58385
    endloop
  endfacet
  facet normal 1 0 0
    outer loop
      vertex 0.955165 25.6496 5.35026
      vertex 0.955165 23.2486 5.408
      vertex 0.955165 23.276 4.39418
    endloop
  endfacet
  facet normal 1 0 0
    outer loop
      vertex 0.955165 25.6084 6.11435
      vertex 0.955165 23.1693 6.00796
      vertex 0.955165 23.2486 5.408
    endloop
  endfacet
  facet normal 1 0 0
    outer loop
      vertex 0.955165 25.541 6.71051
      vertex 0.955165 23.1115 6.18993
      vertex 0.955165 23.1693 6.00796
    endloop
  endfacet
  facet normal 1 0 0
    outer loop
      vertex 0.955165 25.4483 7.16295
      vertex 0.955165 23.0423 6.31302
      vertex 0.955165 23.1115 6.18993
    endloop
  endfacet
  facet normal 1 0 0
    outer loop
      vertex 0.955165 24.8423 8.02017
      vertex 0.955165 22.9623 6.39213
      vertex 0.955165 23.0423 6.31302
    endloop
  endfacet
  facet normal 1 0 0
    outer loop
      vertex 0.955165 24.8423 8.02017
      vertex 0.955165 22.8719 6.44212
      vertex 0.955165 22.9623 6.39213
    endloop
  endfacet
  facet normal 1 0 0
    outer loop
      vertex 0.955165 20.3212 7.93298
      vertex 0.955165 24.8423 8.02017
      vertex 0.955165 20.3212 10.5575
    endloop
  endfacet
  facet normal 1 0 0
    outer loop
      vertex 0.955165 24.8423 8.02017
      vertex 0.955165 20.3212 7.93298
      vertex 0.955165 22.8719 6.44212
    endloop
  endfacet
  facet normal 1 -0 0
    outer loop
      vertex 0.955165 19.3052 10.5575
      vertex 0.955165 20.3212 7.93298
      vertex 0.955165 20.3212 10.5575
    endloop
  endfacet
  facet normal 1 0 0
    outer loop
      vertex 0.955165 18.7192 13.2695
      vertex 0.955165 19.2695 12.7453
      vertex 0.955165 19.1494 12.9828
    endloop
  endfacet
  facet normal 1 0 0
    outer loop
      vertex 0.955165 18.7192 13.2695
      vertex 0.955165 19.1494 12.9828
      vertex 0.955165 18.9618 13.1618
    endloop
  endfacet
  facet normal 1 0 0
    outer loop
      vertex 0.955165 19.3052 10.5575
      vertex 0.955165 18.882 7.94124
      vertex 0.955165 20.3212 7.93298
    endloop
  endfacet
  facet normal 1 0 0
    outer loop
      vertex 0.955165 19.3099 12.4623
      vertex 0.955165 18.7192 13.2695
      vertex 0.955165 18.3084 13.3656
    endloop
  endfacet
  facet normal 1 0 0
    outer loop
      vertex 0.955165 18.0957 13.4743
      vertex 0.955165 19.3052 10.5575
      vertex 0.955165 18.3084 13.3656
    endloop
  endfacet
  facet normal 1 0 0
    outer loop
      vertex 0.955165 19.3099 12.4623
      vertex 0.955165 18.3084 13.3656
      vertex 0.955165 19.3052 10.5575
    endloop
  endfacet
  facet normal 1 0 0
    outer loop
      vertex 0.955165 19.3052 10.5575
      vertex 0.955165 18.0957 13.4743
      vertex 0.955165 18.882 7.94124
    endloop
  endfacet
  facet normal 1 0 0
    outer loop
      vertex 0.955165 18.882 7.94124
      vertex 0.955165 18.0957 13.4743
      vertex 0.955165 18.7773 7.09056
    endloop
  endfacet
  facet normal 1 0 0
    outer loop
      vertex 0.955165 18.7773 7.09056
      vertex 0.955165 18.0957 13.4743
      vertex 0.955165 18.7015 6.2251
    endloop
  endfacet
  facet normal 1 0 0
    outer loop
      vertex 0.955165 18.7015 6.2251
      vertex 0.955165 18.0957 13.4743
      vertex 0.955165 18.6551 5.34679
    endloop
  endfacet
  facet normal 1 0 0
    outer loop
      vertex 0.955165 25.4483 1.62308
      vertex 0.955165 23.0423 2.45018
      vertex 0.955165 25.3311 1.28807
    endloop
  endfacet
  facet normal 1 0 -0
    outer loop
      vertex 0.955165 24.8423 0.750991
      vertex 0.955165 25.3311 1.28807
      vertex 0.955165 23.0423 2.45018
    endloop
  endfacet
  facet normal 1 0 0
    outer loop
      vertex 0.955165 25.3311 1.28807
      vertex 0.955165 24.8423 0.750991
      vertex 0.955165 25.1904 1.04733
    endloop
  endfacet
  facet normal 1 0 0
    outer loop
      vertex 0.955165 25.1904 1.04733
      vertex 0.955165 24.8423 0.750991
      vertex 0.955165 25.0272 0.876449
    endloop
  endfacet
  facet normal 1 -0 0
    outer loop
      vertex 0.955165 22.8719 2.2868
      vertex 0.955165 24.8423 0.750991
      vertex 0.955165 23.0423 2.45018
    endloop
  endfacet
  facet normal 1 -0 0
    outer loop
      vertex 0.955165 20.3212 0.821258
      vertex 0.955165 24.8423 0.750991
      vertex 0.955165 22.8719 2.2868
    endloop
  endfacet
  facet normal 1 0 0
    outer loop
      vertex 0.955165 20.3212 0.821258
      vertex 0.955165 20.3212 -1.88811
      vertex 0.955165 24.8423 0.750991
    endloop
  endfacet
  facet normal 1 0 0
    outer loop
      vertex 0.955165 20.3212 0.821258
      vertex 0.955165 19.3052 -1.88811
      vertex 0.955165 20.3212 -1.88811
    endloop
  endfacet
  facet normal 1 0 0
    outer loop
      vertex 0.955165 19.3088 -3.73399
      vertex 0.955165 19.1479 -4.20345
      vertex 0.955165 19.2681 -3.98225
    endloop
  endfacet
  facet normal 1 0 -0
    outer loop
      vertex 0.955165 18.7192 -4.49777
      vertex 0.955165 19.3088 -3.73399
      vertex 0.955165 18.3084 -4.59337
    endloop
  endfacet
  facet normal 1 0 0
    outer loop
      vertex 0.955165 18.882 0.830047
      vertex 0.955165 19.3052 -1.88811
      vertex 0.955165 20.3212 0.821258
    endloop
  endfacet
  facet normal 1 0 0
    outer loop
      vertex 0.955165 18.0957 -4.69247
      vertex 0.955165 19.3052 -1.88811
      vertex 0.955165 18.882 0.830047
    endloop
  endfacet
  facet normal 1 0 0
    outer loop
      vertex 0.955165 18.0957 -4.69247
      vertex 0.955165 18.882 0.830047
      vertex 0.955165 18.7736 1.74364
    endloop
  endfacet
  facet normal 1 0 -0
    outer loop
      vertex 0.955165 18.9609 -4.38084
      vertex 0.955165 19.3088 -3.73399
      vertex 0.955165 18.7192 -4.49777
    endloop
  endfacet
  facet normal 1 0 0
    outer loop
      vertex 0.955165 18.0957 -4.69247
      vertex 0.955165 18.7736 1.74364
      vertex 0.955165 18.6973 2.65404
    endloop
  endfacet
  facet normal 1 0 0
    outer loop
      vertex 0.955165 18.0957 -4.69247
      vertex 0.955165 18.6973 2.65404
      vertex 0.955165 18.6524 3.55931
    endloop
  endfacet
  facet normal 1 0 0
    outer loop
      vertex 0.955165 18.0957 -4.69247
      vertex 0.955165 18.6524 3.55931
      vertex 0.955165 18.6385 4.45755
    endloop
  endfacet
  facet normal 1 0 0
    outer loop
      vertex 0.955165 18.6551 5.34679
      vertex 0.955165 18.0957 13.4743
      vertex 0.955165 18.6385 4.45755
    endloop
  endfacet
  facet normal 1 0 0
    outer loop
      vertex 0.955165 19.3088 -3.73399
      vertex 0.955165 18.9609 -4.38084
      vertex 0.955165 19.1479 -4.20345
    endloop
  endfacet
  facet normal 1 0 0
    outer loop
      vertex 0.955165 18.6385 4.45755
      vertex 0.955165 18.0957 13.4743
      vertex 0.955165 18.0957 -4.69247
    endloop
  endfacet
  facet normal 1 0 0
    outer loop
      vertex 0.955165 19.3052 -1.88811
      vertex 0.955165 18.0957 -4.69247
      vertex 0.955165 18.3084 -4.59337
    endloop
  endfacet
  facet normal 1 0 0
    outer loop
      vertex 0.955165 18.3084 -4.59337
      vertex 0.955165 19.3088 -3.73399
      vertex 0.955165 19.3052 -1.88811
    endloop
  endfacet
  facet normal 1 0 0
    outer loop
      vertex 0.955165 16.7168 15.7432
      vertex 0.955165 17.7182 14.1288
      vertex 0.955165 17.7182 14.8838
    endloop
  endfacet
  facet normal 1 0 0
    outer loop
      vertex 0.955165 17.3798 15.5462
      vertex 0.955165 17.7182 14.8838
      vertex 0.955165 17.6876 15.147
    endloop
  endfacet
  facet normal 1 0 0
    outer loop
      vertex 0.955165 17.7739 13.8798
      vertex 0.955165 17.8084 -5.0337
      vertex 0.955165 17.8084 13.8189
    endloop
  endfacet
  facet normal 1 0 0
    outer loop
      vertex 0.955165 17.7739 13.8798
      vertex 0.955165 17.7721 -5.09877
      vertex 0.955165 17.8084 -5.0337
    endloop
  endfacet
  facet normal 1 0 0
    outer loop
      vertex 0.955165 17.7182 14.1288
      vertex 0.955165 17.7721 -5.09877
      vertex 0.955165 17.7739 13.8798
    endloop
  endfacet
  facet normal 1 0 0
    outer loop
      vertex 0.955165 17.7721 -5.09877
      vertex 0.955165 17.7182 14.1288
      vertex 0.955165 17.7167 -5.35818
    endloop
  endfacet
  facet normal 1 0 0
    outer loop
      vertex 0.955165 17.7182 14.1288
      vertex 0.955165 16.7168 15.7432
      vertex 0.955165 16.4991 15.8623
    endloop
  endfacet
  facet normal 1 0 0
    outer loop
      vertex 0.955165 16.4198 15.9393
      vertex 0.955165 17.7182 14.1288
      vertex 0.955165 16.4991 15.8623
    endloop
  endfacet
  facet normal 1 0 0
    outer loop
      vertex 0.955165 17.3798 15.5462
      vertex 0.955165 17.6876 15.147
      vertex 0.955165 17.5706 15.3734
    endloop
  endfacet
  facet normal 1 0 0
    outer loop
      vertex 0.955165 17.7182 14.1288
      vertex 0.955165 16.4198 15.9393
      vertex 0.955165 17.7167 -5.35818
    endloop
  endfacet
  facet normal 1 0 0
    outer loop
      vertex 0.955165 17.7182 14.8838
      vertex 0.955165 17.3798 15.5462
      vertex 0.955165 17.1276 15.6486
    endloop
  endfacet
  facet normal 1 0 0
    outer loop
      vertex 0.955165 17.7167 -5.35818
      vertex 0.955165 16.7163 -7.01492
      vertex 0.955165 17.7178 -6.11317
    endloop
  endfacet
  facet normal 1 0 -0
    outer loop
      vertex 0.955165 17.1276 -6.87849
      vertex 0.955165 17.7178 -6.11317
      vertex 0.955165 16.7163 -7.01492
    endloop
  endfacet
  facet normal 1 0 0
    outer loop
      vertex 0.955165 17.7182 14.8838
      vertex 0.955165 17.1276 15.6486
      vertex 0.955165 16.7168 15.7432
    endloop
  endfacet
  facet normal 1 0 -0
    outer loop
      vertex 0.955165 17.5705 -6.59042
      vertex 0.955165 17.7178 -6.11317
      vertex 0.955165 17.3798 -6.76654
    endloop
  endfacet
  facet normal 1 0 0
    outer loop
      vertex 0.955165 17.7178 -6.11317
      vertex 0.955165 17.5705 -6.59042
      vertex 0.955165 17.6874 -6.36702
    endloop
  endfacet
  facet normal 1 0 -0
    outer loop
      vertex 0.955165 16.7163 -7.01492
      vertex 0.955165 17.7167 -5.35818
      vertex 0.955165 16.4987 -7.09981
    endloop
  endfacet
  facet normal 1 0 -0
    outer loop
      vertex 0.955165 17.3798 -6.76654
      vertex 0.955165 17.7178 -6.11317
      vertex 0.955165 17.1276 -6.87849
    endloop
  endfacet
  facet normal 1 0 0
    outer loop
      vertex 0.955165 17.7167 -5.35818
      vertex 0.955165 16.4198 15.9393
      vertex 0.955165 16.4198 -7.16862
    endloop
  endfacet
  facet normal 1 0 0
    outer loop
      vertex 0.955165 17.7167 -5.35818
      vertex 0.955165 16.4198 -7.16862
      vertex 0.955165 16.4987 -7.09981
    endloop
  endfacet
  facet normal 1 -0 0
    outer loop
      vertex 0.955165 11.441 15.8623
      vertex 0.955165 11.5985 -7.22635
      vertex 0.955165 11.5985 16.0029
    endloop
  endfacet
  facet normal 1 0 0
    outer loop
      vertex 0.955165 11.441 15.8623
      vertex 0.955165 11.4405 -7.09982
      vertex 0.955165 11.5985 -7.22635
    endloop
  endfacet
  facet normal 1 -0 0
    outer loop
      vertex 0.955165 11.1931 15.7432
      vertex 0.955165 11.4405 -7.09982
      vertex 0.955165 11.441 15.8623
    endloop
  endfacet
  facet normal 1 -0 0
    outer loop
      vertex 0.955165 10.3298 -6.50133
      vertex 0.955165 11.4405 -7.09982
      vertex 0.955165 11.1931 15.7432
    endloop
  endfacet
  facet normal 1 0 0
    outer loop
      vertex 0.955165 10.3298 15.2874
      vertex 0.955165 11.1931 15.7432
      vertex 0.955165 10.7817 15.6486
    endloop
  endfacet
  facet normal 1 0 0
    outer loop
      vertex 0.955165 11.4405 -7.09982
      vertex 0.955165 10.3298 -6.50133
      vertex 0.955165 10.7823 -6.87695
    endloop
  endfacet
  facet normal 1 0 0
    outer loop
      vertex 0.955165 10.3298 15.2874
      vertex 0.955165 10.7817 15.6486
      vertex 0.955165 10.559 15.5462
    endloop
  endfacet
  facet normal 1 0 0
    outer loop
      vertex 0.955165 10.7823 -6.87695
      vertex 0.955165 10.3298 -6.50133
      vertex 0.955165 10.5604 -6.76474
    endloop
  endfacet
  facet normal 1 0 0
    outer loop
      vertex 0.955165 10.3298 15.2874
      vertex 0.955165 10.559 15.5462
      vertex 0.955165 10.378 15.3734
    endloop
  endfacet
  facet normal 1 0 0
    outer loop
      vertex 0.955165 11.1931 15.7432
      vertex 0.955165 10.3298 15.2874
      vertex 0.955165 10.3298 -6.50133
    endloop
  endfacet
  facet normal 1 0 0
    outer loop
      vertex 0.955165 10.5604 -6.76474
      vertex 0.955165 10.3298 -6.50133
      vertex 0.955165 10.3798 -6.58904
    endloop
  endfacet
  facet normal 1 -0 0
    outer loop
      vertex 0.955165 4.34006 10.7411
      vertex 0.955165 4.48061 8.71233
      vertex 0.955165 4.48061 10.8316
    endloop
  endfacet
  facet normal 1 -0 0
    outer loop
      vertex 0.955165 4.18298 10.69
      vertex 0.955165 4.48061 8.71233
      vertex 0.955165 4.34006 10.7411
    endloop
  endfacet
  facet normal 1 -0 0
    outer loop
      vertex 0.955165 4.01216 10.6661
      vertex 0.955165 4.48061 8.71233
      vertex 0.955165 4.18298 10.69
    endloop
  endfacet
  facet normal 1 0 0
    outer loop
      vertex 0.955165 0.784439 10.6671
      vertex 0.955165 4.48061 8.71233
      vertex 0.955165 4.01216 10.6661
    endloop
  endfacet
  facet normal 1 0 0
    outer loop
      vertex 0.955165 0.356461 10.5499
      vertex 0.955165 0.784439 10.6671
      vertex 0.955165 0.631561 10.6593
    endloop
  endfacet
  facet normal 1 0 0
    outer loop
      vertex 0.955165 0.356461 10.5499
      vertex 0.955165 0.631561 10.6593
      vertex 0.955165 0.487762 10.6191
    endloop
  endfacet
  facet normal 1 0 0
    outer loop
      vertex 0.955165 0.784439 10.6671
      vertex 0.955165 0.356461 10.5499
      vertex 0.955165 0.241013 10.4551
    endloop
  endfacet
  facet normal 1 0 0
    outer loop
      vertex 0.955165 0.784439 10.6671
      vertex 0.955165 0.241013 10.4551
      vertex 0.955165 0.0712891 10.2024
    endloop
  endfacet
  facet normal 1 0 0
    outer loop
      vertex 0.955165 0.784439 10.6671
      vertex 0.955165 0.0712891 10.2024
      vertex 0.955165 0.0237732 10.0514
    endloop
  endfacet
  facet normal 1 0 0
    outer loop
      vertex 0.955165 0.784439 10.6671
      vertex 0.955165 0.0237732 10.0514
      vertex 0.955165 0.00567627 9.88837
    endloop
  endfacet
  facet normal 1 0 0
    outer loop
      vertex 0.955165 0.784439 10.6671
      vertex 0.955165 0.00567627 9.88837
      vertex 0.955165 0.00102288 8.71233
    endloop
  endfacet
  facet normal 1 0 0
    outer loop
      vertex 0.955165 0.784439 10.6671
      vertex 0.955165 0.00102288 8.71233
      vertex 0.955165 4.48061 8.71233
    endloop
  endfacet
  facet normal 1 -0 0
    outer loop
      vertex 0.955165 9.85831 13.4797
      vertex 0.955165 10.0425 -4.86644
      vertex 0.955165 10.0425 13.6492
    endloop
  endfacet
  facet normal 1 0 0
    outer loop
      vertex 0.955165 9.85831 13.4797
      vertex 0.955165 9.85831 -4.70006
      vertex 0.955165 10.0425 -4.86644
    endloop
  endfacet
  facet normal 1 -0 0
    outer loop
      vertex 0.955165 9.60094 13.364
      vertex 0.955165 9.85831 -4.70006
      vertex 0.955165 9.85831 13.4797
    endloop
  endfacet
  facet normal 1 0 0
    outer loop
      vertex 0.955165 9.60094 13.364
      vertex 0.955165 9.60094 -4.59389
      vertex 0.955165 9.85831 -4.70006
    endloop
  endfacet
  facet normal 1 -0 0
    outer loop
      vertex 0.955165 8.77377 -4.18541
      vertex 0.955165 9.60094 -4.59389
      vertex 0.955165 9.60094 13.364
    endloop
  endfacet
  facet normal 1 0 0
    outer loop
      vertex 0.955165 8.77377 12.9573
      vertex 0.955165 9.60094 13.364
      vertex 0.955165 9.23248 13.2684
    endloop
  endfacet
  facet normal 1 0 0
    outer loop
      vertex 0.955165 9.60094 -4.59389
      vertex 0.955165 8.77377 -4.18541
      vertex 0.955165 9.233 -4.49828
    endloop
  endfacet
  facet normal 1 0 0
    outer loop
      vertex 0.955165 8.77377 12.9573
      vertex 0.955165 9.23248 13.2684
      vertex 0.955165 8.97418 13.147
    endloop
  endfacet
  facet normal 1 0 0
    outer loop
      vertex 0.955165 9.60094 13.364
      vertex 0.955165 8.77377 12.9573
      vertex 0.955165 8.77377 -4.18541
    endloop
  endfacet
  facet normal 1 0 0
    outer loop
      vertex 0.955165 9.233 -4.49828
      vertex 0.955165 8.77377 -4.18541
      vertex 0.955165 8.9747 -4.36414
    endloop
  endfacet
  facet normal 1 0 0
    outer loop
      vertex 0.955165 5.60997 12.1781
      vertex 0.955165 5.66484 8.71233
      vertex 0.955165 7.82172 12.1775
    endloop
  endfacet
  facet normal 1 0 0
    outer loop
      vertex 0.955165 5.06627 11.9566
      vertex 0.955165 5.60997 12.1781
      vertex 0.955165 5.45695 12.166
    endloop
  endfacet
  facet normal 1 0 0
    outer loop
      vertex 0.955165 5.06627 11.9566
      vertex 0.955165 5.45695 12.166
      vertex 0.955165 5.31306 12.1228
    endloop
  endfacet
  facet normal 1 0 0
    outer loop
      vertex 0.955165 4.89676 11.7066
      vertex 0.955165 5.60997 12.1781
      vertex 0.955165 5.06627 11.9566
    endloop
  endfacet
  facet normal 1 0 0
    outer loop
      vertex 0.955165 5.60997 12.1781
      vertex 0.955165 4.89676 11.7066
      vertex 0.955165 4.84949 11.5586
    endloop
  endfacet
  facet normal 1 0 0
    outer loop
      vertex 0.955165 5.60997 12.1781
      vertex 0.955165 4.84949 11.5586
      vertex 0.955165 4.81857 11.269
    endloop
  endfacet
  facet normal 1 0 0
    outer loop
      vertex 0.955165 4.77336 11.14
      vertex 0.955165 5.60997 12.1781
      vertex 0.955165 4.81857 11.269
    endloop
  endfacet
  facet normal 1 0 0
    outer loop
      vertex 0.955165 5.60997 12.1781
      vertex 0.955165 4.77336 11.14
      vertex 0.955165 5.66484 8.71233
    endloop
  endfacet
  facet normal 1 -0 0
    outer loop
      vertex 0.955165 4.7679 11.1327
      vertex 0.955165 5.66484 8.71233
      vertex 0.955165 4.77336 11.14
    endloop
  endfacet
  facet normal 1 0 0
    outer loop
      vertex 0.955165 5.66484 8.71233
      vertex 0.955165 4.7679 11.1327
      vertex 0.955165 4.7679 8.71233
    endloop
  endfacet
  facet normal 1 0 0
    outer loop
      vertex 0.955165 8.48648 12.5177
      vertex 0.955165 8.3775 -3.62439
      vertex 0.955165 8.48648 -3.78829
    endloop
  endfacet
  facet normal 1 0 0
    outer loop
      vertex 0.955165 5.66484 5.07166
      vertex 0.955165 8.48648 12.5177
      vertex 0.955165 8.37743 12.3862
    endloop
  endfacet
  facet normal 1 0 0
    outer loop
      vertex 0.955165 8.48648 12.5177
      vertex 0.955165 5.66484 5.07166
      vertex 0.955165 8.3775 -3.62439
    endloop
  endfacet
  facet normal 1 0 0
    outer loop
      vertex 0.955165 5.66484 5.07166
      vertex 0.955165 8.37743 12.3862
      vertex 0.955165 8.22273 12.2791
    endloop
  endfacet
  facet normal 1 -0 0
    outer loop
      vertex 0.955165 5.4531 1.431
      vertex 0.955165 8.3775 -3.62439
      vertex 0.955165 5.66484 5.07166
    endloop
  endfacet
  facet normal 1 0 0
    outer loop
      vertex 0.955165 5.66484 8.71233
      vertex 0.955165 8.22273 12.2791
      vertex 0.955165 8.03508 12.2079
    endloop
  endfacet
  facet normal 1 0 0
    outer loop
      vertex 0.955165 8.3775 -3.62439
      vertex 0.955165 5.4531 1.431
      vertex 0.955165 8.22299 -3.50137
    endloop
  endfacet
  facet normal 1 0 0
    outer loop
      vertex 0.955165 5.66484 8.71233
      vertex 0.955165 8.03508 12.2079
      vertex 0.955165 7.82172 12.1775
    endloop
  endfacet
  facet normal 1 0 0
    outer loop
      vertex 0.955165 8.22273 12.2791
      vertex 0.955165 5.66484 8.71233
      vertex 0.955165 5.66484 5.07166
    endloop
  endfacet
  facet normal 1 -0 0
    outer loop
      vertex 0.955165 5.4531 1.17699
      vertex 0.955165 8.22299 -3.50137
      vertex 0.955165 5.4531 1.431
    endloop
  endfacet
  facet normal 1 0 0
    outer loop
      vertex 0.955165 8.22299 -3.50137
      vertex 0.955165 5.4531 1.17699
      vertex 0.955165 8.03554 -3.4285
    endloop
  endfacet
  facet normal 1 -0 0
    outer loop
      vertex 0.955165 4.7679 -2.38673
      vertex 0.955165 7.82224 -3.40688
      vertex 0.955165 5.4531 1.17699
    endloop
  endfacet
  facet normal 1 0 0
    outer loop
      vertex 0.955165 8.03554 -3.4285
      vertex 0.955165 5.4531 1.17699
      vertex 0.955165 7.82224 -3.40688
    endloop
  endfacet
  facet normal 1 0 0
    outer loop
      vertex 0.955165 5.66484 5.07166
      vertex 0.955165 4.97077 1.7574
      vertex 0.955165 5.4531 1.431
    endloop
  endfacet
  facet normal 1 0 0
    outer loop
      vertex 0.955165 4.7679 1.89469
      vertex 0.955165 5.66484 5.07166
      vertex 0.955165 4.7679 4.91796
    endloop
  endfacet
  facet normal 1 0 0
    outer loop
      vertex 0.955165 5.66484 5.07166
      vertex 0.955165 4.7679 1.89469
      vertex 0.955165 4.97077 1.7574
    endloop
  endfacet
  facet normal 1 0 0
    outer loop
      vertex 0.955165 7.82224 -3.40688
      vertex 0.955165 4.77333 -2.39688
      vertex 0.955165 5.61047 -3.40793
    endloop
  endfacet
  facet normal 1 -0 -0
    outer loop
      vertex 0.955165 4.81856 -2.55023
      vertex 0.955165 5.61047 -3.40793
      vertex 0.955165 4.77333 -2.39688
    endloop
  endfacet
  facet normal 1 -0 -0
    outer loop
      vertex 0.955165 4.83171 -2.62968
      vertex 0.955165 5.61047 -3.40793
      vertex 0.955165 4.81856 -2.55023
    endloop
  endfacet
  facet normal 1 0 0
    outer loop
      vertex 0.955165 5.45746 -3.3902
      vertex 0.955165 4.83171 -2.62968
      vertex 0.955165 5.31351 -3.34297
    endloop
  endfacet
  facet normal 1 0 0
    outer loop
      vertex 0.955165 5.31351 -3.34297
      vertex 0.955165 4.83171 -2.62968
      vertex 0.955165 5.06654 -3.17361
    endloop
  endfacet
  facet normal 1 0 0
    outer loop
      vertex 0.955165 4.89685 -2.92685
      vertex 0.955165 4.83171 -2.62968
      vertex 0.955165 4.8495 -2.78288
    endloop
  endfacet
  facet normal 1 0 0
    outer loop
      vertex 0.955165 5.06654 -3.17361
      vertex 0.955165 4.83171 -2.62968
      vertex 0.955165 4.89685 -2.92685
    endloop
  endfacet
  facet normal 1 0 0
    outer loop
      vertex 0.955165 5.61047 -3.40793
      vertex 0.955165 4.83171 -2.62968
      vertex 0.955165 5.45746 -3.3902
    endloop
  endfacet
  facet normal 1 0 0
    outer loop
      vertex 0.955165 4.7679 -2.38673
      vertex 0.955165 5.4531 1.17699
      vertex 0.955165 4.7679 1.07159
    endloop
  endfacet
  facet normal 1 0 0
    outer loop
      vertex 0.955165 7.82224 -3.40688
      vertex 0.955165 4.7679 -2.38673
      vertex 0.955165 4.77333 -2.39688
    endloop
  endfacet
  facet normal 1 0 0
    outer loop
      vertex 0.955165 4.83278 -2.71651
      vertex 0.955165 4.83171 -2.62968
      vertex 0.955165 4.81856 -2.55023
    endloop
  endfacet
  facet normal 1 0 0
    outer loop
      vertex 0.955165 4.48061 1.03264
      vertex 0.955165 4.48042 -2.04834
      vertex 0.955165 4.48061 -2.04848
    endloop
  endfacet
  facet normal 1 0 0
    outer loop
      vertex 0.955165 4.48061 1.03264
      vertex 0.955165 4.33997 -1.98062
      vertex 0.955165 4.48042 -2.04834
    endloop
  endfacet
  facet normal 1 0 0
    outer loop
      vertex 0.955165 4.48061 1.03264
      vertex 0.955165 4.18292 -1.94279
      vertex 0.955165 4.33997 -1.98062
    endloop
  endfacet
  facet normal 1 0 0
    outer loop
      vertex 0.955165 4.48061 1.03264
      vertex 0.955165 4.01216 -1.93826
      vertex 0.955165 4.18292 -1.94279
    endloop
  endfacet
  facet normal 1 -0 0
    outer loop
      vertex 0.955165 3.06046 0.900061
      vertex 0.955165 4.01216 -1.93826
      vertex 0.955165 4.48061 1.03264
    endloop
  endfacet
  facet normal 1 -0 0
    outer loop
      vertex 0.955165 2.24399 0.823841
      vertex 0.955165 4.01216 -1.93826
      vertex 0.955165 3.06046 0.900061
    endloop
  endfacet
  facet normal 1 0 0
    outer loop
      vertex 0.955165 2.24399 0.823841
      vertex 0.955165 0.784438 -1.93932
      vertex 0.955165 4.01216 -1.93826
    endloop
  endfacet
  facet normal 1 -0 0
    outer loop
      vertex 0.955165 0.00567532 -1.11818
      vertex 0.955165 0.784438 -1.93932
      vertex 0.955165 2.24399 0.823841
    endloop
  endfacet
  facet normal 1 0 0
    outer loop
      vertex 0.955165 0.784438 -1.93932
      vertex 0.955165 0.00567532 -1.11818
      vertex 0.955165 0.487761 -1.85724
    endloop
  endfacet
  facet normal 1 0 0
    outer loop
      vertex 0.955165 0.487761 -1.85724
      vertex 0.955165 0.00567532 -1.11818
      vertex 0.955165 0.241012 -1.67749
    endloop
  endfacet
  facet normal 1 0 0
    outer loop
      vertex 0.955165 0.241012 -1.67749
      vertex 0.955165 0.00567532 -1.11818
      vertex 0.955165 0.0712729 -1.42339
    endloop
  endfacet
  facet normal 1 0 0
    outer loop
      vertex 0.955165 0.0712729 -1.42339
      vertex 0.955165 0.00567532 -1.11818
      vertex 0.955165 0.0237722 -1.27571
    endloop
  endfacet
  facet normal 1 0 0
    outer loop
      vertex 0.955165 0.00109128 0.17449
      vertex 0.955165 2.24399 0.823841
      vertex 0.955165 0.00109128 0.753647
    endloop
  endfacet
  facet normal 1 0 0
    outer loop
      vertex 0.955165 2.24399 0.823841
      vertex 0.955165 0.00109128 0.17449
      vertex 0.955165 0.00567532 -1.11818
    endloop
  endfacet
  facet normal 1 0 0
    outer loop
      vertex 0.955165 4.48061 4.87457
      vertex 0.955165 3.49619 2.4704
      vertex 0.955165 4.48061 2.06608
    endloop
  endfacet
  facet normal 1 -0 0
    outer loop
      vertex 0.955165 2.95276 4.71567
      vertex 0.955165 3.49619 2.4704
      vertex 0.955165 4.48061 4.87457
    endloop
  endfacet
  facet normal 1 0 0
    outer loop
      vertex 0.955165 2.95276 4.71567
      vertex 0.955165 2.24399 2.9847
      vertex 0.955165 3.49619 2.4704
    endloop
  endfacet
  facet normal 1 -0 0
    outer loop
      vertex 0.955165 2.24399 4.64196
      vertex 0.955165 2.24399 2.9847
      vertex 0.955165 2.95276 4.71567
    endloop
  endfacet
  facet normal 1 0 0
    outer loop
      vertex 0.955165 2.24399 4.64196
      vertex 0.955165 1.9106 3.0306
      vertex 0.955165 2.24399 2.9847
    endloop
  endfacet
  facet normal 1 -0 0
    outer loop
      vertex 0.955165 0.00109128 4.56377
      vertex 0.955165 1.9106 3.0306
      vertex 0.955165 2.24399 4.64196
    endloop
  endfacet
  facet normal 1 -0 0
    outer loop
      vertex 0.955165 0.000160121 3.29375
      vertex 0.955165 1.9106 3.0306
      vertex 0.955165 0.00109128 4.56377
    endloop
  endfacet
  facet normal 1 0 0
    outer loop
      vertex 0.955165 1.9106 3.0306
      vertex 0.955165 0.000160121 3.29375
      vertex 0.955165 0.000160053 3.29366
    endloop
  endfacet
  facet normal -1 0 0
    outer loop
      vertex -0.955165 11.8858 16.8165
      vertex -0.955165 16.1325 16.6559
      vertex -0.955165 16.1325 -7.8689
    endloop
  endfacet
  facet normal -1 0 0
    outer loop
      vertex -0.955165 15.9649 -8.22064
      vertex -0.955165 16.1325 -7.8689
      vertex -0.955165 16.0728 -8.03957
    endloop
  endfacet
  facet normal -1 0 -0
    outer loop
      vertex -0.955165 12.9599 17.4563
      vertex -0.955165 16.1325 16.6559
      vertex -0.955165 11.8858 16.8165
    endloop
  endfacet
  facet normal -1 0 0
    outer loop
      vertex -0.955165 16.1325 -7.8689
      vertex -0.955165 15.9649 -8.22064
      vertex -0.955165 15.822 -8.38278
    endloop
  endfacet
  facet normal -1 -0 -0
    outer loop
      vertex -0.955165 15.822 17.1625
      vertex -0.955165 16.1325 16.6559
      vertex -0.955165 14.9918 17.4563
    endloop
  endfacet
  facet normal -1 0 0
    outer loop
      vertex -0.955165 15.6485 -8.52032
      vertex -0.955165 16.1325 -7.8689
      vertex -0.955165 15.822 -8.38278
    endloop
  endfacet
  facet normal -1 0 0
    outer loop
      vertex -0.955165 16.1325 -7.8689
      vertex -0.955165 15.6485 -8.52032
      vertex -0.955165 14.9918 -8.72852
    endloop
  endfacet
  facet normal -1 -0 0
    outer loop
      vertex -0.955165 16.1325 -7.8689
      vertex -0.955165 11.8858 -8.03162
      vertex -0.955165 11.8858 16.8165
    endloop
  endfacet
  facet normal -1 0 0
    outer loop
      vertex -0.955165 14.9918 -8.72852
      vertex -0.955165 15.6485 -8.52032
      vertex -0.955165 15.4492 -8.62758
    endloop
  endfacet
  facet normal -1 0 0
    outer loop
      vertex -0.955165 16.1325 16.6559
      vertex -0.955165 15.965 17.0047
      vertex -0.955165 16.0728 16.8258
    endloop
  endfacet
  facet normal -1 0 0
    outer loop
      vertex -0.955165 14.9918 -8.72852
      vertex -0.955165 15.4492 -8.62758
      vertex -0.955165 15.2288 -8.69887
    endloop
  endfacet
  facet normal -1 0 0
    outer loop
      vertex -0.955165 16.1325 16.6559
      vertex -0.955165 15.822 17.1625
      vertex -0.955165 15.965 17.0047
    endloop
  endfacet
  facet normal -1 0 0
    outer loop
      vertex -0.955165 12.9599 -8.72852
      vertex -0.955165 16.1325 -7.8689
      vertex -0.955165 14.9918 -8.72852
    endloop
  endfacet
  facet normal -1 0 0
    outer loop
      vertex -0.955165 15.822 17.1625
      vertex -0.955165 14.9918 17.4563
      vertex -0.955165 15.6485 17.293
    endloop
  endfacet
  facet normal -1 0 0
    outer loop
      vertex -0.955165 16.1325 -7.8689
      vertex -0.955165 12.9599 -8.72852
      vertex -0.955165 11.8858 -8.03162
    endloop
  endfacet
  facet normal -1 0 0
    outer loop
      vertex -0.955165 15.6485 17.293
      vertex -0.955165 14.9918 17.4563
      vertex -0.955165 15.4492 17.3896
    endloop
  endfacet
  facet normal -1 0 0
    outer loop
      vertex -0.955165 11.8858 -8.03162
      vertex -0.955165 12.9599 -8.72852
      vertex -0.955165 12.7262 -8.69887
    endloop
  endfacet
  facet normal -1 0 0
    outer loop
      vertex -0.955165 15.4492 17.3896
      vertex -0.955165 14.9918 17.4563
      vertex -0.955165 15.2288 17.4462
    endloop
  endfacet
  facet normal -1 0 0
    outer loop
      vertex -0.955165 16.1325 16.6559
      vertex -0.955165 12.9599 17.4563
      vertex -0.955165 14.9918 17.4563
    endloop
  endfacet
  facet normal -1 0 0
    outer loop
      vertex -0.955165 11.8858 -8.03162
      vertex -0.955165 12.7262 -8.69887
      vertex -0.955165 12.5082 -8.62758
    endloop
  endfacet
  facet normal -1 0 0
    outer loop
      vertex -0.955165 12.9599 17.4563
      vertex -0.955165 11.8858 16.8165
      vertex -0.955165 12.7262 17.4462
    endloop
  endfacet
  facet normal -1 0 0
    outer loop
      vertex -0.955165 11.8858 -8.03162
      vertex -0.955165 12.5082 -8.62758
      vertex -0.955165 12.3107 -8.52032
    endloop
  endfacet
  facet normal -1 0 0
    outer loop
      vertex -0.955165 12.7262 17.4462
      vertex -0.955165 11.8858 16.8165
      vertex -0.955165 12.5083 17.3896
    endloop
  endfacet
  facet normal -1 0 0
    outer loop
      vertex -0.955165 11.8858 -8.03162
      vertex -0.955165 12.3107 -8.52032
      vertex -0.955165 12.1384 -8.3828
    endloop
  endfacet
  facet normal -1 0 0
    outer loop
      vertex -0.955165 12.3109 17.293
      vertex -0.955165 11.8858 16.8165
      vertex -0.955165 12.1387 17.1625
    endloop
  endfacet
  facet normal -1 0 0
    outer loop
      vertex -0.955165 11.8858 -8.03162
      vertex -0.955165 12.1384 -8.3828
      vertex -0.955165 11.9961 -8.22064
    endloop
  endfacet
  facet normal -1 0 0
    outer loop
      vertex -0.955165 12.1387 17.1625
      vertex -0.955165 11.8858 16.8165
      vertex -0.955165 11.9965 17.0047
    endloop
  endfacet
  facet normal -1 0 0
    outer loop
      vertex -0.955165 11.8858 -8.03162
      vertex -0.955165 11.9961 -8.22064
      vertex -0.955165 11.8886 -8.03957
    endloop
  endfacet
  facet normal -1 0 0
    outer loop
      vertex -0.955165 12.5083 17.3896
      vertex -0.955165 11.8858 16.8165
      vertex -0.955165 12.3109 17.293
    endloop
  endfacet
  facet normal -1 0 0
    outer loop
      vertex -0.955165 11.9965 17.0047
      vertex -0.955165 11.8858 16.8165
      vertex -0.955165 11.8891 16.8258
    endloop
  endfacet
  facet normal -1 0 0
    outer loop
      vertex -0.955165 19.1479 -4.20345
      vertex -0.955165 19.3088 -3.73399
      vertex -0.955165 19.2681 -3.98225
    endloop
  endfacet
  facet normal -1 0 0
    outer loop
      vertex -0.955165 23.276 4.39418
      vertex -0.955165 25.6635 4.39418
      vertex -0.955165 25.6496 3.4379
    endloop
  endfacet
  facet normal -1 0 0
    outer loop
      vertex -0.955165 23.2487 3.37942
      vertex -0.955165 25.6496 3.4379
      vertex -0.955165 25.6084 2.67357
    endloop
  endfacet
  facet normal -1 0 0
    outer loop
      vertex -0.955165 25.6635 4.39418
      vertex -0.955165 23.276 4.39418
      vertex -0.955165 25.6496 5.35026
    endloop
  endfacet
  facet normal -1 0 0
    outer loop
      vertex -0.955165 23.2486 5.408
      vertex -0.955165 25.6496 5.35026
      vertex -0.955165 23.276 4.39418
    endloop
  endfacet
  facet normal -1 0 0
    outer loop
      vertex -0.955165 23.1693 2.7729
      vertex -0.955165 25.6084 2.67357
      vertex -0.955165 25.541 2.07677
    endloop
  endfacet
  facet normal -1 0 0
    outer loop
      vertex -0.955165 25.6496 5.35026
      vertex -0.955165 23.2486 5.408
      vertex -0.955165 25.6084 6.11435
    endloop
  endfacet
  facet normal -1 0 0
    outer loop
      vertex -0.955165 23.1115 2.58385
      vertex -0.955165 25.541 2.07677
      vertex -0.955165 25.4483 1.62308
    endloop
  endfacet
  facet normal -1 0 0
    outer loop
      vertex -0.955165 23.0423 2.45018
      vertex -0.955165 25.4483 1.62308
      vertex -0.955165 25.3311 1.28807
    endloop
  endfacet
  facet normal -1 0 0
    outer loop
      vertex -0.955165 23.1693 6.00796
      vertex -0.955165 25.6084 6.11435
      vertex -0.955165 23.2486 5.408
    endloop
  endfacet
  facet normal -1 0 0
    outer loop
      vertex -0.955165 24.8423 0.750991
      vertex -0.955165 25.3311 1.28807
      vertex -0.955165 25.1904 1.04733
    endloop
  endfacet
  facet normal -1 -0 0
    outer loop
      vertex -0.955165 25.6084 6.11435
      vertex -0.955165 23.1693 6.00796
      vertex -0.955165 25.541 6.71051
    endloop
  endfacet
  facet normal -1 0 0
    outer loop
      vertex -0.955165 24.8423 0.750991
      vertex -0.955165 25.1904 1.04733
      vertex -0.955165 25.0272 0.876449
    endloop
  endfacet
  facet normal -1 0 0
    outer loop
      vertex -0.955165 23.1115 6.18993
      vertex -0.955165 25.541 6.71051
      vertex -0.955165 23.1693 6.00796
    endloop
  endfacet
  facet normal -1 -0 0
    outer loop
      vertex -0.955165 25.3311 1.28807
      vertex -0.955165 24.8423 0.750991
      vertex -0.955165 23.0423 2.45018
    endloop
  endfacet
  facet normal -1 -0 0
    outer loop
      vertex -0.955165 25.541 6.71051
      vertex -0.955165 23.1115 6.18993
      vertex -0.955165 25.4483 7.16295
    endloop
  endfacet
  facet normal -1 0 0
    outer loop
      vertex -0.955165 23.0423 6.31302
      vertex -0.955165 25.4483 7.16295
      vertex -0.955165 23.1115 6.18993
    endloop
  endfacet
  facet normal -1 -0 0
    outer loop
      vertex -0.955165 25.6496 3.4379
      vertex -0.955165 23.2487 3.37942
      vertex -0.955165 23.276 4.39418
    endloop
  endfacet
  facet normal -1 0 0
    outer loop
      vertex -0.955165 25.6084 2.67357
      vertex -0.955165 23.1693 2.7729
      vertex -0.955165 23.2487 3.37942
    endloop
  endfacet
  facet normal -1 0 0
    outer loop
      vertex -0.955165 25.541 2.07677
      vertex -0.955165 23.1115 2.58385
      vertex -0.955165 23.1693 2.7729
    endloop
  endfacet
  facet normal -1 0 0
    outer loop
      vertex -0.955165 25.4483 1.62308
      vertex -0.955165 23.0423 2.45018
      vertex -0.955165 23.1115 2.58385
    endloop
  endfacet
  facet normal -1 0 0
    outer loop
      vertex -0.955165 24.8423 0.750991
      vertex -0.955165 22.8719 2.2868
      vertex -0.955165 23.0423 2.45018
    endloop
  endfacet
  facet normal -1 0 0
    outer loop
      vertex -0.955165 20.3212 0.821258
      vertex -0.955165 24.8423 0.750991
      vertex -0.955165 20.3212 -1.88811
    endloop
  endfacet
  facet normal -1 0 0
    outer loop
      vertex -0.955165 24.8423 0.750991
      vertex -0.955165 20.3212 0.821258
      vertex -0.955165 22.8719 2.2868
    endloop
  endfacet
  facet normal -1 0 0
    outer loop
      vertex -0.955165 19.3052 -1.88811
      vertex -0.955165 20.3212 0.821258
      vertex -0.955165 20.3212 -1.88811
    endloop
  endfacet
  facet normal -1 0 0
    outer loop
      vertex -0.955165 19.3088 -3.73399
      vertex -0.955165 19.1479 -4.20345
      vertex -0.955165 18.9609 -4.38084
    endloop
  endfacet
  facet normal -1 0 0
    outer loop
      vertex -0.955165 19.3088 -3.73399
      vertex -0.955165 18.9609 -4.38084
      vertex -0.955165 18.7192 -4.49777
    endloop
  endfacet
  facet normal -1 0 0
    outer loop
      vertex -0.955165 19.3052 -1.88811
      vertex -0.955165 18.882 0.830047
      vertex -0.955165 20.3212 0.821258
    endloop
  endfacet
  facet normal -1 -0 0
    outer loop
      vertex -0.955165 19.3088 -3.73399
      vertex -0.955165 18.3084 -4.59337
      vertex -0.955165 19.3052 -1.88811
    endloop
  endfacet
  facet normal -1 0 0
    outer loop
      vertex -0.955165 18.0957 -4.69247
      vertex -0.955165 19.3052 -1.88811
      vertex -0.955165 18.3084 -4.59337
    endloop
  endfacet
  facet normal -1 0 0
    outer loop
      vertex -0.955165 19.3088 -3.73399
      vertex -0.955165 18.7192 -4.49777
      vertex -0.955165 18.3084 -4.59337
    endloop
  endfacet
  facet normal -1 -0 0
    outer loop
      vertex -0.955165 19.3052 -1.88811
      vertex -0.955165 18.0957 -4.69247
      vertex -0.955165 18.882 0.830047
    endloop
  endfacet
  facet normal -1 -0 0
    outer loop
      vertex -0.955165 18.882 0.830047
      vertex -0.955165 18.0957 -4.69247
      vertex -0.955165 18.7736 1.74364
    endloop
  endfacet
  facet normal -1 -0 0
    outer loop
      vertex -0.955165 18.7736 1.74364
      vertex -0.955165 18.0957 -4.69247
      vertex -0.955165 18.6973 2.65404
    endloop
  endfacet
  facet normal -1 -0 0
    outer loop
      vertex -0.955165 18.6973 2.65404
      vertex -0.955165 18.0957 -4.69247
      vertex -0.955165 18.6524 3.55931
    endloop
  endfacet
  facet normal -1 -0 0
    outer loop
      vertex -0.955165 25.4483 7.16295
      vertex -0.955165 23.0423 6.31302
      vertex -0.955165 25.3311 7.49592
    endloop
  endfacet
  facet normal -1 0 0
    outer loop
      vertex -0.955165 25.3311 7.49592
      vertex -0.955165 24.8423 8.02017
      vertex -0.955165 25.1904 7.73363
    endloop
  endfacet
  facet normal -1 0 0
    outer loop
      vertex -0.955165 25.1904 7.73363
      vertex -0.955165 24.8423 8.02017
      vertex -0.955165 25.0272 7.9003
    endloop
  endfacet
  facet normal -1 -0 0
    outer loop
      vertex -0.955165 25.3311 7.49592
      vertex -0.955165 23.0423 6.31302
      vertex -0.955165 24.8423 8.02017
    endloop
  endfacet
  facet normal -1 0 0
    outer loop
      vertex -0.955165 22.9623 6.39213
      vertex -0.955165 24.8423 8.02017
      vertex -0.955165 23.0423 6.31302
    endloop
  endfacet
  facet normal -1 0 0
    outer loop
      vertex -0.955165 22.8719 6.44212
      vertex -0.955165 24.8423 8.02017
      vertex -0.955165 22.9623 6.39213
    endloop
  endfacet
  facet normal -1 0 0
    outer loop
      vertex -0.955165 20.3212 7.93298
      vertex -0.955165 24.8423 8.02017
      vertex -0.955165 22.8719 6.44212
    endloop
  endfacet
  facet normal -1 0 0
    outer loop
      vertex -0.955165 20.3212 7.93298
      vertex -0.955165 20.3212 10.5575
      vertex -0.955165 24.8423 8.02017
    endloop
  endfacet
  facet normal -1 0 0
    outer loop
      vertex -0.955165 20.3212 7.93298
      vertex -0.955165 19.3052 10.5575
      vertex -0.955165 20.3212 10.5575
    endloop
  endfacet
  facet normal -1 0 0
    outer loop
      vertex -0.955165 19.3099 12.4623
      vertex -0.955165 19.1494 12.9828
      vertex -0.955165 19.2695 12.7453
    endloop
  endfacet
  facet normal -1 -0 -0
    outer loop
      vertex -0.955165 18.7192 13.2695
      vertex -0.955165 19.3099 12.4623
      vertex -0.955165 18.3084 13.3656
    endloop
  endfacet
  facet normal -1 0 0
    outer loop
      vertex -0.955165 18.882 7.94124
      vertex -0.955165 19.3052 10.5575
      vertex -0.955165 20.3212 7.93298
    endloop
  endfacet
  facet normal -1 0 0
    outer loop
      vertex -0.955165 18.0957 13.4743
      vertex -0.955165 19.3052 10.5575
      vertex -0.955165 18.882 7.94124
    endloop
  endfacet
  facet normal -1 0 0
    outer loop
      vertex -0.955165 18.0957 13.4743
      vertex -0.955165 18.882 7.94124
      vertex -0.955165 18.7773 7.09056
    endloop
  endfacet
  facet normal -1 0 0
    outer loop
      vertex -0.955165 19.3099 12.4623
      vertex -0.955165 18.7192 13.2695
      vertex -0.955165 19.1494 12.9828
    endloop
  endfacet
  facet normal -1 0 0
    outer loop
      vertex -0.955165 18.0957 13.4743
      vertex -0.955165 18.7773 7.09056
      vertex -0.955165 18.7015 6.2251
    endloop
  endfacet
  facet normal -1 0 0
    outer loop
      vertex -0.955165 18.0957 13.4743
      vertex -0.955165 18.7015 6.2251
      vertex -0.955165 18.6551 5.34679
    endloop
  endfacet
  facet normal -1 0 0
    outer loop
      vertex -0.955165 18.0957 13.4743
      vertex -0.955165 18.6551 5.34679
      vertex -0.955165 18.6385 4.45755
    endloop
  endfacet
  facet normal -1 -0 0
    outer loop
      vertex -0.955165 18.6524 3.55931
      vertex -0.955165 18.0957 -4.69247
      vertex -0.955165 18.6385 4.45755
    endloop
  endfacet
  facet normal -1 0 0
    outer loop
      vertex -0.955165 19.1494 12.9828
      vertex -0.955165 18.7192 13.2695
      vertex -0.955165 18.9618 13.1618
    endloop
  endfacet
  facet normal -1 0 0
    outer loop
      vertex -0.955165 18.0957 13.4743
      vertex -0.955165 18.6385 4.45755
      vertex -0.955165 18.0957 -4.69247
    endloop
  endfacet
  facet normal -1 0 0
    outer loop
      vertex -0.955165 19.3052 10.5575
      vertex -0.955165 18.0957 13.4743
      vertex -0.955165 18.3084 13.3656
    endloop
  endfacet
  facet normal -1 0 0
    outer loop
      vertex -0.955165 18.3084 13.3656
      vertex -0.955165 19.3099 12.4623
      vertex -0.955165 19.3052 10.5575
    endloop
  endfacet
  facet normal -1 0 0
    outer loop
      vertex -0.955165 16.7163 -7.01492
      vertex -0.955165 17.7167 -5.35818
      vertex -0.955165 17.7178 -6.11317
    endloop
  endfacet
  facet normal -1 0 0
    outer loop
      vertex -0.955165 17.5705 -6.59042
      vertex -0.955165 17.7178 -6.11317
      vertex -0.955165 17.6874 -6.36702
    endloop
  endfacet
  facet normal -1 0 0
    outer loop
      vertex -0.955165 17.7167 -5.35818
      vertex -0.955165 16.7168 15.7432
      vertex -0.955165 17.6876 15.147
    endloop
  endfacet
  facet normal -1 0 0
    outer loop
      vertex -0.955165 17.7178 -6.11317
      vertex -0.955165 17.5705 -6.59042
      vertex -0.955165 17.3798 -6.76654
    endloop
  endfacet
  facet normal -1 0 0
    outer loop
      vertex -0.955165 17.7178 -6.11317
      vertex -0.955165 17.3798 -6.76654
      vertex -0.955165 17.1276 -6.87849
    endloop
  endfacet
  facet normal -1 0 0
    outer loop
      vertex -0.955165 17.7167 -5.35818
      vertex -0.955165 16.7163 -7.01492
      vertex -0.955165 16.4987 -7.09981
    endloop
  endfacet
  facet normal -1 0 0
    outer loop
      vertex -0.955165 17.7178 -6.11317
      vertex -0.955165 17.1276 -6.87849
      vertex -0.955165 16.7163 -7.01492
    endloop
  endfacet
  facet normal -1 -0 -0
    outer loop
      vertex -0.955165 17.3798 15.5462
      vertex -0.955165 17.6876 15.147
      vertex -0.955165 17.1276 15.6486
    endloop
  endfacet
  facet normal -1 0 0
    outer loop
      vertex -0.955165 17.6876 15.147
      vertex -0.955165 17.3798 15.5462
      vertex -0.955165 17.5706 15.3734
    endloop
  endfacet
  facet normal -1 -0 -0
    outer loop
      vertex -0.955165 17.1276 15.6486
      vertex -0.955165 17.6876 15.147
      vertex -0.955165 16.7168 15.7432
    endloop
  endfacet
  facet normal -1 0 0
    outer loop
      vertex -0.955165 16.4198 -7.16862
      vertex -0.955165 17.7167 -5.35818
      vertex -0.955165 16.4987 -7.09981
    endloop
  endfacet
  facet normal -1 0 0
    outer loop
      vertex -0.955165 17.7167 -5.35818
      vertex -0.955165 16.4991 15.8623
      vertex -0.955165 16.7168 15.7432
    endloop
  endfacet
  facet normal -1 0 0
    outer loop
      vertex -0.955165 16.4198 15.9393
      vertex -0.955165 17.7167 -5.35818
      vertex -0.955165 16.4198 -7.16862
    endloop
  endfacet
  facet normal -1 0 0
    outer loop
      vertex -0.955165 17.7167 -5.35818
      vertex -0.955165 16.4198 15.9393
      vertex -0.955165 16.4991 15.8623
    endloop
  endfacet
  facet normal -1 0 0
    outer loop
      vertex -0.955165 17.8084 -5.0337
      vertex -0.955165 17.7739 13.8798
      vertex -0.955165 17.8084 13.8189
    endloop
  endfacet
  facet normal -1 0 0
    outer loop
      vertex -0.955165 17.7721 -5.09877
      vertex -0.955165 17.7739 13.8798
      vertex -0.955165 17.8084 -5.0337
    endloop
  endfacet
  facet normal -1 0 0
    outer loop
      vertex -0.955165 17.7721 -5.09877
      vertex -0.955165 17.7182 14.1288
      vertex -0.955165 17.7739 13.8798
    endloop
  endfacet
  facet normal -1 0 0
    outer loop
      vertex -0.955165 17.7167 -5.35818
      vertex -0.955165 17.7182 14.1288
      vertex -0.955165 17.7721 -5.09877
    endloop
  endfacet
  facet normal -1 0 0
    outer loop
      vertex -0.955165 17.6876 15.147
      vertex -0.955165 17.7182 14.1288
      vertex -0.955165 17.7167 -5.35818
    endloop
  endfacet
  facet normal -1 0 0
    outer loop
      vertex -0.955165 17.7182 14.1288
      vertex -0.955165 17.6876 15.147
      vertex -0.955165 17.7182 14.8838
    endloop
  endfacet
  facet normal -1 0 0
    outer loop
      vertex -0.955165 11.5985 -7.22635
      vertex -0.955165 11.441 15.8623
      vertex -0.955165 11.5985 16.0029
    endloop
  endfacet
  facet normal -1 0 0
    outer loop
      vertex -0.955165 11.4405 -7.09982
      vertex -0.955165 11.441 15.8623
      vertex -0.955165 11.5985 -7.22635
    endloop
  endfacet
  facet normal -1 0 0
    outer loop
      vertex -0.955165 11.4405 -7.09982
      vertex -0.955165 11.1931 15.7432
      vertex -0.955165 11.441 15.8623
    endloop
  endfacet
  facet normal -1 0 0
    outer loop
      vertex -0.955165 10.3298 -6.50133
      vertex -0.955165 11.4405 -7.09982
      vertex -0.955165 10.7823 -6.87695
    endloop
  endfacet
  facet normal -1 0 0
    outer loop
      vertex -0.955165 11.4405 -7.09982
      vertex -0.955165 10.3298 -6.50133
      vertex -0.955165 11.1931 15.7432
    endloop
  endfacet
  facet normal -1 0 0
    outer loop
      vertex -0.955165 10.3298 -6.50133
      vertex -0.955165 10.7823 -6.87695
      vertex -0.955165 10.5604 -6.76474
    endloop
  endfacet
  facet normal -1 0 0
    outer loop
      vertex -0.955165 10.3298 15.2874
      vertex -0.955165 11.1931 15.7432
      vertex -0.955165 10.3298 -6.50133
    endloop
  endfacet
  facet normal -1 0 0
    outer loop
      vertex -0.955165 10.3298 -6.50133
      vertex -0.955165 10.5604 -6.76474
      vertex -0.955165 10.3798 -6.58904
    endloop
  endfacet
  facet normal -1 0 0
    outer loop
      vertex -0.955165 11.1931 15.7432
      vertex -0.955165 10.3298 15.2874
      vertex -0.955165 10.7817 15.6486
    endloop
  endfacet
  facet normal -1 0 0
    outer loop
      vertex -0.955165 10.7817 15.6486
      vertex -0.955165 10.3298 15.2874
      vertex -0.955165 10.559 15.5462
    endloop
  endfacet
  facet normal -1 0 0
    outer loop
      vertex -0.955165 10.559 15.5462
      vertex -0.955165 10.3298 15.2874
      vertex -0.955165 10.378 15.3734
    endloop
  endfacet
  facet normal -1 0 0
    outer loop
      vertex -0.955165 4.48061 3.96613
      vertex -0.955165 4.34006 10.7411
      vertex -0.955165 4.48061 10.8316
    endloop
  endfacet
  facet normal -1 0 0
    outer loop
      vertex -0.955165 4.48061 3.96613
      vertex -0.955165 4.18298 10.69
      vertex -0.955165 4.34006 10.7411
    endloop
  endfacet
  facet normal -1 0 0
    outer loop
      vertex -0.955165 4.48061 3.96613
      vertex -0.955165 4.01216 10.6661
      vertex -0.955165 4.18298 10.69
    endloop
  endfacet
  facet normal -1 0 0
    outer loop
      vertex -0.955165 3.54544 4.04717
      vertex -0.955165 4.01216 10.6661
      vertex -0.955165 4.48061 3.96613
    endloop
  endfacet
  facet normal -1 0 0
    outer loop
      vertex -0.955165 2.24399 4.15995
      vertex -0.955165 4.01216 10.6661
      vertex -0.955165 3.54544 4.04717
    endloop
  endfacet
  facet normal -1 0 0
    outer loop
      vertex -0.955165 0.0101706 8.71233
      vertex -0.955165 2.24399 4.15995
      vertex -0.955165 1.93082 4.16905
    endloop
  endfacet
  facet normal -1 0 0
    outer loop
      vertex -0.955165 2.24399 4.15995
      vertex -0.955165 0.0101706 8.71233
      vertex -0.955165 4.01216 10.6661
    endloop
  endfacet
  facet normal -1 -0 0
    outer loop
      vertex -0.955165 4.01216 10.6661
      vertex -0.955165 0.0101706 8.71233
      vertex -0.955165 0.784439 10.6671
    endloop
  endfacet
  facet normal -1 0 0
    outer loop
      vertex -0.955165 0.00567627 9.88837
      vertex -0.955165 0.784439 10.6671
      vertex -0.955165 0.0101706 8.71233
    endloop
  endfacet
  facet normal -1 0 -0
    outer loop
      vertex -0.955165 0.0237732 10.0514
      vertex -0.955165 0.784439 10.6671
      vertex -0.955165 0.00567627 9.88837
    endloop
  endfacet
  facet normal -1 0 -0
    outer loop
      vertex -0.955165 0.0712891 10.2024
      vertex -0.955165 0.784439 10.6671
      vertex -0.955165 0.0237732 10.0514
    endloop
  endfacet
  facet normal -1 0 -0
    outer loop
      vertex -0.955165 0.356461 10.5499
      vertex -0.955165 0.784439 10.6671
      vertex -0.955165 0.241013 10.4551
    endloop
  endfacet
  facet normal -1 0 0
    outer loop
      vertex -0.955165 0.631561 10.6593
      vertex -0.955165 0.356461 10.5499
      vertex -0.955165 0.487762 10.6191
    endloop
  endfacet
  facet normal -1 0 0
    outer loop
      vertex -0.955165 0.784439 10.6671
      vertex -0.955165 0.356461 10.5499
      vertex -0.955165 0.631561 10.6593
    endloop
  endfacet
  facet normal -1 0 0
    outer loop
      vertex -0.955165 1.93082 4.16905
      vertex -0.955165 0.0050606 4.2352
      vertex -0.955165 0.0101706 8.71233
    endloop
  endfacet
  facet normal -1 0 -0
    outer loop
      vertex -0.955165 0.0050606 4.2352
      vertex -0.955165 1.93082 4.16905
      vertex -0.955165 0.00504895 4.22499
    endloop
  endfacet
  facet normal -1 0 -0
    outer loop
      vertex -0.955165 0.241013 10.4551
      vertex -0.955165 0.784439 10.6671
      vertex -0.955165 0.0712891 10.2024
    endloop
  endfacet
  facet normal -1 0 -0
    outer loop
      vertex -0.955165 0.00567627 9.88837
      vertex -0.955165 0.0101706 8.71233
      vertex -0.955165 0.00102288 8.71233
    endloop
  endfacet
  facet normal -1 0 0
    outer loop
      vertex -0.955165 9.85831 -4.70006
      vertex -0.955165 10.0425 13.6492
      vertex -0.955165 10.0425 -4.86644
    endloop
  endfacet
  facet normal -1 0 0
    outer loop
      vertex -0.955165 9.85831 -4.70006
      vertex -0.955165 9.85831 13.4797
      vertex -0.955165 10.0425 13.6492
    endloop
  endfacet
  facet normal -1 0 0
    outer loop
      vertex -0.955165 9.60094 13.364
      vertex -0.955165 9.85831 -4.70006
      vertex -0.955165 9.60094 -4.59389
    endloop
  endfacet
  facet normal -1 0 0
    outer loop
      vertex -0.955165 9.85831 -4.70006
      vertex -0.955165 9.60094 13.364
      vertex -0.955165 9.85831 13.4797
    endloop
  endfacet
  facet normal -1 0 0
    outer loop
      vertex -0.955165 8.77377 -4.18541
      vertex -0.955165 9.60094 -4.59389
      vertex -0.955165 9.233 -4.49828
    endloop
  endfacet
  facet normal -1 0 0
    outer loop
      vertex -0.955165 9.60094 -4.59389
      vertex -0.955165 8.77377 -4.18541
      vertex -0.955165 9.60094 13.364
    endloop
  endfacet
  facet normal -1 0 0
    outer loop
      vertex -0.955165 8.77377 -4.18541
      vertex -0.955165 9.233 -4.49828
      vertex -0.955165 8.9747 -4.36414
    endloop
  endfacet
  facet normal -1 0 0
    outer loop
      vertex -0.955165 8.77377 12.9573
      vertex -0.955165 9.60094 13.364
      vertex -0.955165 8.77377 -4.18541
    endloop
  endfacet
  facet normal -1 0 0
    outer loop
      vertex -0.955165 9.60094 13.364
      vertex -0.955165 8.77377 12.9573
      vertex -0.955165 9.23248 13.2684
    endloop
  endfacet
  facet normal -1 0 0
    outer loop
      vertex -0.955165 9.23248 13.2684
      vertex -0.955165 8.77377 12.9573
      vertex -0.955165 8.97418 13.147
    endloop
  endfacet
  facet normal -1 0 0
    outer loop
      vertex -0.955165 4.83278 -2.71651
      vertex -0.955165 4.81856 -2.55023
      vertex -0.955165 4.83171 -2.62968
    endloop
  endfacet
  facet normal -1 0 0
    outer loop
      vertex -0.955165 8.3775 -3.62439
      vertex -0.955165 8.48648 12.5177
      vertex -0.955165 8.48648 -3.78829
    endloop
  endfacet
  facet normal -1 0 0
    outer loop
      vertex -0.955165 5.66664 3.80165
      vertex -0.955165 8.48648 12.5177
      vertex -0.955165 8.3775 -3.62439
    endloop
  endfacet
  facet normal -1 0 0
    outer loop
      vertex -0.955165 5.66664 3.5477
      vertex -0.955165 8.3775 -3.62439
      vertex -0.955165 8.22299 -3.50137
    endloop
  endfacet
  facet normal -1 0 0
    outer loop
      vertex -0.955165 8.48648 12.5177
      vertex -0.955165 5.66664 3.80165
      vertex -0.955165 8.37743 12.3862
    endloop
  endfacet
  facet normal -1 0 0
    outer loop
      vertex -0.955165 5.66664 3.5477
      vertex -0.955165 8.22299 -3.50137
      vertex -0.955165 8.03554 -3.4285
    endloop
  endfacet
  facet normal -1 0 0
    outer loop
      vertex -0.955165 8.37743 12.3862
      vertex -0.955165 5.66664 3.80165
      vertex -0.955165 8.22273 12.2791
    endloop
  endfacet
  facet normal -1 0 0
    outer loop
      vertex -0.955165 5.66664 3.5477
      vertex -0.955165 8.03554 -3.4285
      vertex -0.955165 7.82224 -3.40688
    endloop
  endfacet
  facet normal -1 0 0
    outer loop
      vertex -0.955165 8.22273 12.2791
      vertex -0.955165 5.66664 3.80165
      vertex -0.955165 8.03508 12.2079
    endloop
  endfacet
  facet normal -1 0 0
    outer loop
      vertex -0.955165 8.3775 -3.62439
      vertex -0.955165 5.66664 3.5477
      vertex -0.955165 5.66664 3.80165
    endloop
  endfacet
  facet normal -1 0 0
    outer loop
      vertex -0.955165 4.77333 -2.39688
      vertex -0.955165 7.82224 -3.40688
      vertex -0.955165 5.61047 -3.40793
    endloop
  endfacet
  facet normal -1 0 0
    outer loop
      vertex -0.955165 4.83171 -2.62968
      vertex -0.955165 5.61047 -3.40793
      vertex -0.955165 5.45746 -3.3902
    endloop
  endfacet
  facet normal -1 0 0
    outer loop
      vertex -0.955165 4.83171 -2.62968
      vertex -0.955165 5.45746 -3.3902
      vertex -0.955165 5.31351 -3.34297
    endloop
  endfacet
  facet normal -1 0 0
    outer loop
      vertex -0.955165 4.83171 -2.62968
      vertex -0.955165 5.31351 -3.34297
      vertex -0.955165 5.06654 -3.17361
    endloop
  endfacet
  facet normal -1 0 0
    outer loop
      vertex -0.955165 4.83171 -2.62968
      vertex -0.955165 5.06654 -3.17361
      vertex -0.955165 4.89685 -2.92685
    endloop
  endfacet
  facet normal -1 0 0
    outer loop
      vertex -0.955165 4.83171 -2.62968
      vertex -0.955165 4.89685 -2.92685
      vertex -0.955165 4.8495 -2.78288
    endloop
  endfacet
  facet normal -1 0 0
    outer loop
      vertex -0.955165 5.61047 -3.40793
      vertex -0.955165 4.83171 -2.62968
      vertex -0.955165 4.81856 -2.55023
    endloop
  endfacet
  facet normal -1 0 0
    outer loop
      vertex -0.955165 5.61047 -3.40793
      vertex -0.955165 4.81856 -2.55023
      vertex -0.955165 4.77333 -2.39688
    endloop
  endfacet
  facet normal -1 0 0
    outer loop
      vertex -0.955165 7.82224 -3.40688
      vertex -0.955165 4.77333 -2.39688
      vertex -0.955165 4.7679 -2.38673
    endloop
  endfacet
  facet normal -1 0 0
    outer loop
      vertex -0.955165 7.82224 -3.40688
      vertex -0.955165 4.7679 -2.38673
      vertex -0.955165 5.66664 3.5477
    endloop
  endfacet
  facet normal -1 0 0
    outer loop
      vertex -0.955165 5.66664 3.5477
      vertex -0.955165 4.7679 -2.38673
      vertex -0.955165 4.7679 2.93177
    endloop
  endfacet
  facet normal -1 0 0
    outer loop
      vertex -0.955165 8.03508 12.2079
      vertex -0.955165 5.66664 3.80165
      vertex -0.955165 7.82172 12.1775
    endloop
  endfacet
  facet normal -1 0 0
    outer loop
      vertex -0.955165 4.7679 11.1327
      vertex -0.955165 7.82172 12.1775
      vertex -0.955165 5.66664 3.80165
    endloop
  endfacet
  facet normal -1 -0 0
    outer loop
      vertex -0.955165 7.82172 12.1775
      vertex -0.955165 4.77336 11.14
      vertex -0.955165 5.60997 12.1781
    endloop
  endfacet
  facet normal -1 0 -0
    outer loop
      vertex -0.955165 4.81857 11.269
      vertex -0.955165 5.60997 12.1781
      vertex -0.955165 4.77336 11.14
    endloop
  endfacet
  facet normal -1 0 -0
    outer loop
      vertex -0.955165 4.84949 11.5586
      vertex -0.955165 5.60997 12.1781
      vertex -0.955165 4.81857 11.269
    endloop
  endfacet
  facet normal -1 0 0
    outer loop
      vertex -0.955165 4.7679 11.1327
      vertex -0.955165 5.66664 3.80165
      vertex -0.955165 5.04785 3.89
    endloop
  endfacet
  facet normal -1 0 0
    outer loop
      vertex -0.955165 5.60997 12.1781
      vertex -0.955165 5.06627 11.9566
      vertex -0.955165 5.45695 12.166
    endloop
  endfacet
  facet normal -1 0 0
    outer loop
      vertex -0.955165 5.45695 12.166
      vertex -0.955165 5.06627 11.9566
      vertex -0.955165 5.31306 12.1228
    endloop
  endfacet
  facet normal -1 0 0
    outer loop
      vertex -0.955165 5.60997 12.1781
      vertex -0.955165 4.89676 11.7066
      vertex -0.955165 5.06627 11.9566
    endloop
  endfacet
  facet normal -1 0 -0
    outer loop
      vertex -0.955165 4.89676 11.7066
      vertex -0.955165 5.60997 12.1781
      vertex -0.955165 4.84949 11.5586
    endloop
  endfacet
  facet normal -1 0 0
    outer loop
      vertex -0.955165 4.7679 11.1327
      vertex -0.955165 5.04785 3.89
      vertex -0.955165 4.7679 3.92997
    endloop
  endfacet
  facet normal -1 0 0
    outer loop
      vertex -0.955165 7.82172 12.1775
      vertex -0.955165 4.7679 11.1327
      vertex -0.955165 4.77336 11.14
    endloop
  endfacet
  facet normal -1 0 0
    outer loop
      vertex -0.955165 4.48042 -2.04834
      vertex -0.955165 4.48061 2.7582
      vertex -0.955165 4.48061 -2.04848
    endloop
  endfacet
  facet normal -1 0 0
    outer loop
      vertex -0.955165 4.33997 -1.98062
      vertex -0.955165 4.48061 2.7582
      vertex -0.955165 4.48042 -2.04834
    endloop
  endfacet
  facet normal -1 0 0
    outer loop
      vertex -0.955165 4.18292 -1.94279
      vertex -0.955165 4.48061 2.7582
      vertex -0.955165 4.33997 -1.98062
    endloop
  endfacet
  facet normal -1 0 0
    outer loop
      vertex -0.955165 2.9511 2.12201
      vertex -0.955165 4.18292 -1.94279
      vertex -0.955165 4.01216 -1.93826
    endloop
  endfacet
  facet normal -1 0 0
    outer loop
      vertex -0.955165 4.18292 -1.94279
      vertex -0.955165 2.9511 2.12201
      vertex -0.955165 4.48061 2.7582
    endloop
  endfacet
  facet normal -1 0 0
    outer loop
      vertex -0.955165 4.01216 -1.93826
      vertex -0.955165 2.24399 1.8279
      vertex -0.955165 2.9511 2.12201
    endloop
  endfacet
  facet normal -1 0 0
    outer loop
      vertex -0.955165 0.784438 -1.93932
      vertex -0.955165 2.24399 1.8279
      vertex -0.955165 4.01216 -1.93826
    endloop
  endfacet
  facet normal -1 0 0
    outer loop
      vertex -0.955165 0.00567532 -1.11818
      vertex -0.955165 0.784438 -1.93932
      vertex -0.955165 0.487761 -1.85724
    endloop
  endfacet
  facet normal -1 0 0
    outer loop
      vertex -0.955165 0.00567532 -1.11818
      vertex -0.955165 0.487761 -1.85724
      vertex -0.955165 0.241012 -1.67749
    endloop
  endfacet
  facet normal -1 0 0
    outer loop
      vertex -0.955165 0.00567532 -1.11818
      vertex -0.955165 0.241012 -1.67749
      vertex -0.955165 0.0712729 -1.42339
    endloop
  endfacet
  facet normal -1 0 0
    outer loop
      vertex -0.955165 0.00567532 -1.11818
      vertex -0.955165 0.0712729 -1.42339
      vertex -0.955165 0.0237722 -1.27571
    endloop
  endfacet
  facet normal -1 0 0
    outer loop
      vertex -0.955165 0.784438 -1.93932
      vertex -0.955165 0.00567532 -1.11818
      vertex -0.955165 0.000897914 0.229018
    endloop
  endfacet
  facet normal -1 0 0
    outer loop
      vertex -0.955165 0.784438 -1.93932
      vertex -0.955165 0.000897914 0.229018
      vertex -0.955165 2.24399 1.8279
    endloop
  endfacet
  facet normal -1 0 0
    outer loop
      vertex -0.955165 2.24399 1.8279
      vertex -0.955165 0.000897914 0.229018
      vertex -0.955165 0.00504895 1.5157
    endloop
  endfacet
  facet normal 0 -0.310814 -0.950471
    outer loop
      vertex -0.955165 12.5082 -8.62758
      vertex 0.955165 12.7262 -8.69887
      vertex 0.955165 12.5082 -8.62758
    endloop
  endfacet
  facet normal -0 -0.310814 -0.950471
    outer loop
      vertex 0.955165 12.7262 -8.69887
      vertex -0.955165 12.5082 -8.62758
      vertex -0.955165 12.7262 -8.69887
    endloop
  endfacet
  facet normal 0 -0.477153 -0.87882
    outer loop
      vertex -0.955165 12.3107 -8.52032
      vertex 0.955165 12.5082 -8.62758
      vertex 0.955165 12.3107 -8.52032
    endloop
  endfacet
  facet normal -0 -0.477153 -0.87882
    outer loop
      vertex 0.955165 12.5082 -8.62758
      vertex -0.955165 12.3107 -8.52032
      vertex -0.955165 12.5082 -8.62758
    endloop
  endfacet
  facet normal 0 -0.623792 -0.781591
    outer loop
      vertex -0.955165 12.1384 -8.3828
      vertex 0.955165 12.3107 -8.52032
      vertex 0.955165 12.1384 -8.3828
    endloop
  endfacet
  facet normal -0 -0.623792 -0.781591
    outer loop
      vertex 0.955165 12.3107 -8.52032
      vertex -0.955165 12.1384 -8.3828
      vertex -0.955165 12.3107 -8.52032
    endloop
  endfacet
  facet normal 0 -0.751651 -0.659561
    outer loop
      vertex -0.955165 12.1384 -8.3828
      vertex 0.955165 11.9961 -8.22064
      vertex -0.955165 11.9961 -8.22064
    endloop
  endfacet
  facet normal 0 -0.751651 -0.659561
    outer loop
      vertex 0.955165 11.9961 -8.22064
      vertex -0.955165 12.1384 -8.3828
      vertex 0.955165 12.1384 -8.3828
    endloop
  endfacet
  facet normal 0 -0.859919 -0.51043
    outer loop
      vertex -0.955165 11.9961 -8.22064
      vertex 0.955165 11.8886 -8.03957
      vertex -0.955165 11.8886 -8.03957
    endloop
  endfacet
  facet normal 0 -0.859919 -0.51043
    outer loop
      vertex 0.955165 11.8886 -8.03957
      vertex -0.955165 11.9961 -8.22064
      vertex 0.955165 11.9961 -8.22064
    endloop
  endfacet
  facet normal 0 -0.944031 -0.329856
    outer loop
      vertex -0.955165 11.8886 -8.03957
      vertex -0.855165 11.8858 -8.03162
      vertex -0.955165 11.8858 -8.03162
    endloop
  endfacet
  facet normal 0 -0.944031 -0.329856
    outer loop
      vertex -0.855165 11.8858 -8.03162
      vertex -0.955165 11.8886 -8.03957
      vertex 0.855165 11.8858 -8.03162
    endloop
  endfacet
  facet normal -0 -0.944031 -0.329856
    outer loop
      vertex 0.955165 11.8886 -8.03957
      vertex 0.855165 11.8858 -8.03162
      vertex -0.955165 11.8886 -8.03957
    endloop
  endfacet
  facet normal 0 -0.944031 -0.329856
    outer loop
      vertex 0.855165 11.8858 -8.03162
      vertex 0.955165 11.8886 -8.03957
      vertex 0.955165 11.8858 -8.03162
    endloop
  endfacet
  facet normal 0 -0.944034 -0.329848
    outer loop
      vertex -0.855165 11.8858 -8.03162
      vertex 0.855165 11.8207 -7.84523
      vertex -0.855165 11.8207 -7.84523
    endloop
  endfacet
  facet normal 0 -0.944034 -0.329848
    outer loop
      vertex 0.855165 11.8207 -7.84523
      vertex -0.855165 11.8858 -8.03162
      vertex 0.855165 11.8858 -8.03162
    endloop
  endfacet
  facet normal 0 -0.993279 -0.115744
    outer loop
      vertex -0.855165 11.8207 -7.84523
      vertex 0.855165 11.7972 -7.64331
      vertex -0.855165 11.7972 -7.64331
    endloop
  endfacet
  facet normal 0 -0.993279 -0.115744
    outer loop
      vertex 0.855165 11.7972 -7.64331
      vertex -0.855165 11.8207 -7.84523
      vertex 0.855165 11.8207 -7.84523
    endloop
  endfacet
  facet normal 0 -0.977449 -0.211173
    outer loop
      vertex -0.855165 11.7972 -7.64331
      vertex 0.855165 11.7541 -7.44379
      vertex -0.855165 11.7541 -7.44379
    endloop
  endfacet
  facet normal 0 -0.977449 -0.211173
    outer loop
      vertex 0.855165 11.7541 -7.44379
      vertex -0.855165 11.7972 -7.64331
      vertex 0.855165 11.7972 -7.64331
    endloop
  endfacet
  facet normal 0 -0.841611 -0.540085
    outer loop
      vertex -0.855165 11.7541 -7.44379
      vertex 0.855165 11.6314 -7.25269
      vertex -0.855165 11.6314 -7.25269
    endloop
  endfacet
  facet normal 0 -0.841611 -0.540085
    outer loop
      vertex 0.855165 11.6314 -7.25269
      vertex -0.855165 11.7541 -7.44379
      vertex 0.855165 11.7541 -7.44379
    endloop
  endfacet
  facet normal 0 -0.625014 -0.780613
    outer loop
      vertex 0.955165 11.4405 -7.09982
      vertex 0.855165 11.5985 -7.22635
      vertex 0.955165 11.5985 -7.22635
    endloop
  endfacet
  facet normal -0 -0.625015 -0.780613
    outer loop
      vertex 0.855165 11.5985 -7.22635
      vertex -0.855165 11.5985 -7.22635
      vertex 0.855165 11.6314 -7.25269
    endloop
  endfacet
  facet normal 0 -0.625014 -0.780613
    outer loop
      vertex 0.955165 11.4405 -7.09982
      vertex -0.855165 11.5985 -7.22635
      vertex 0.855165 11.5985 -7.22635
    endloop
  endfacet
  facet normal 0 -0.625014 -0.780613
    outer loop
      vertex -0.955165 11.4405 -7.09982
      vertex -0.855165 11.5985 -7.22635
      vertex 0.955165 11.4405 -7.09982
    endloop
  endfacet
  facet normal -0 -0.625014 -0.780613
    outer loop
      vertex -0.855165 11.5985 -7.22635
      vertex -0.955165 11.4405 -7.09982
      vertex -0.955165 11.5985 -7.22635
    endloop
  endfacet
  facet normal -0 -0.625015 -0.780613
    outer loop
      vertex 0.855165 11.6314 -7.25269
      vertex -0.855165 11.5985 -7.22635
      vertex -0.855165 11.6314 -7.25269
    endloop
  endfacet
  facet normal 0 -0.32069 -0.947184
    outer loop
      vertex -0.955165 10.7823 -6.87695
      vertex 0.955165 11.4405 -7.09982
      vertex 0.955165 10.7823 -6.87695
    endloop
  endfacet
  facet normal -0 -0.32069 -0.947184
    outer loop
      vertex 0.955165 11.4405 -7.09982
      vertex -0.955165 10.7823 -6.87695
      vertex -0.955165 11.4405 -7.09982
    endloop
  endfacet
  facet normal 0 -0.451383 -0.892331
    outer loop
      vertex -0.955165 10.5604 -6.76474
      vertex 0.955165 10.7823 -6.87695
      vertex 0.955165 10.5604 -6.76474
    endloop
  endfacet
  facet normal -0 -0.451383 -0.892331
    outer loop
      vertex 0.955165 10.7823 -6.87695
      vertex -0.955165 10.5604 -6.76474
      vertex -0.955165 10.7823 -6.87695
    endloop
  endfacet
  facet normal 0 -0.69732 -0.716759
    outer loop
      vertex -0.955165 10.3798 -6.58904
      vertex 0.955165 10.5604 -6.76474
      vertex 0.955165 10.3798 -6.58904
    endloop
  endfacet
  facet normal -0 -0.69732 -0.716759
    outer loop
      vertex 0.955165 10.5604 -6.76474
      vertex -0.955165 10.3798 -6.58904
      vertex -0.955165 10.5604 -6.76474
    endloop
  endfacet
  facet normal 0 -0.86866 -0.495408
    outer loop
      vertex -0.955165 10.3798 -6.58904
      vertex -0.855165 10.3298 -6.50133
      vertex -0.955165 10.3298 -6.50133
    endloop
  endfacet
  facet normal 0 -0.86866 -0.495408
    outer loop
      vertex -0.855165 10.3298 -6.50133
      vertex -0.955165 10.3798 -6.58904
      vertex 0.855165 10.3298 -6.50133
    endloop
  endfacet
  facet normal -0 -0.86866 -0.495408
    outer loop
      vertex 0.955165 10.3798 -6.58904
      vertex 0.855165 10.3298 -6.50133
      vertex -0.955165 10.3798 -6.58904
    endloop
  endfacet
  facet normal 0 -0.86866 -0.495408
    outer loop
      vertex 0.855165 10.3298 -6.50133
      vertex 0.955165 10.3798 -6.58904
      vertex 0.955165 10.3298 -6.50133
    endloop
  endfacet
  facet normal 0 -0.868661 -0.495407
    outer loop
      vertex -0.855165 10.3298 -6.50133
      vertex 0.855165 10.2529 -6.36649
      vertex -0.855165 10.2529 -6.36649
    endloop
  endfacet
  facet normal 0 -0.868661 -0.495407
    outer loop
      vertex 0.855165 10.2529 -6.36649
      vertex -0.855165 10.3298 -6.50133
      vertex 0.855165 10.3298 -6.50133
    endloop
  endfacet
  facet normal 0 -0.972282 -0.233812
    outer loop
      vertex -0.855165 10.2529 -6.36649
      vertex 0.855165 10.1921 -6.11369
      vertex -0.855165 10.1921 -6.11369
    endloop
  endfacet
  facet normal 0 -0.972282 -0.233812
    outer loop
      vertex 0.855165 10.1921 -6.11369
      vertex -0.855165 10.2529 -6.36649
      vertex 0.855165 10.2529 -6.36649
    endloop
  endfacet
  facet normal 0 -1 0
    outer loop
      vertex -0.855165 10.1921 -6.11369
      vertex 0.855165 10.1921 -5.3587
      vertex -0.855165 10.1921 -5.3587
    endloop
  endfacet
  facet normal 0 -1 -0
    outer loop
      vertex 0.855165 10.1921 -5.3587
      vertex -0.855165 10.1921 -6.11369
      vertex 0.855165 10.1921 -6.11369
    endloop
  endfacet
  facet normal 0 -0.995169 -0.0981763
    outer loop
      vertex -0.855165 10.1921 -5.3587
      vertex 0.855165 10.1665 -5.09932
      vertex -0.855165 10.1665 -5.09932
    endloop
  endfacet
  facet normal 0 -0.995169 -0.0981763
    outer loop
      vertex 0.855165 10.1665 -5.09932
      vertex -0.855165 10.1921 -5.3587
      vertex 0.855165 10.1921 -5.3587
    endloop
  endfacet
  facet normal 0 -0.88981 -0.456331
    outer loop
      vertex -0.855165 10.1665 -5.09932
      vertex 0.855165 10.051 -4.87415
      vertex -0.855165 10.051 -4.87415
    endloop
  endfacet
  facet normal 0 -0.88981 -0.456331
    outer loop
      vertex 0.855165 10.051 -4.87415
      vertex -0.855165 10.1665 -5.09932
      vertex 0.855165 10.1665 -5.09932
    endloop
  endfacet
  facet normal 0 -0.670298 -0.742092
    outer loop
      vertex 0.955165 9.85831 -4.70006
      vertex 0.855165 10.0425 -4.86644
      vertex 0.955165 10.0425 -4.86644
    endloop
  endfacet
  facet normal -0 -0.670288 -0.742101
    outer loop
      vertex 0.855165 10.0425 -4.86644
      vertex -0.855165 10.0425 -4.86644
      vertex 0.855165 10.051 -4.87415
    endloop
  endfacet
  facet normal 0 -0.670298 -0.742092
    outer loop
      vertex 0.955165 9.85831 -4.70006
      vertex -0.855165 10.0425 -4.86644
      vertex 0.855165 10.0425 -4.86644
    endloop
  endfacet
  facet normal 0 -0.670298 -0.742092
    outer loop
      vertex -0.955165 9.85831 -4.70006
      vertex -0.855165 10.0425 -4.86644
      vertex 0.955165 9.85831 -4.70006
    endloop
  endfacet
  facet normal -0 -0.670298 -0.742092
    outer loop
      vertex -0.855165 10.0425 -4.86644
      vertex -0.955165 9.85831 -4.70006
      vertex -0.955165 10.0425 -4.86644
    endloop
  endfacet
  facet normal -0 -0.670288 -0.742101
    outer loop
      vertex 0.855165 10.051 -4.87415
      vertex -0.855165 10.0425 -4.86644
      vertex -0.855165 10.051 -4.87415
    endloop
  endfacet
  facet normal 0 -0.381348 -0.924432
    outer loop
      vertex -0.955165 9.60094 -4.59389
      vertex 0.955165 9.85831 -4.70006
      vertex 0.955165 9.60094 -4.59389
    endloop
  endfacet
  facet normal -0 -0.381348 -0.924432
    outer loop
      vertex 0.955165 9.85831 -4.70006
      vertex -0.955165 9.60094 -4.59389
      vertex -0.955165 9.85831 -4.70006
    endloop
  endfacet
  facet normal 0 -0.251507 -0.967856
    outer loop
      vertex -0.955165 9.233 -4.49828
      vertex 0.955165 9.60094 -4.59389
      vertex 0.955165 9.233 -4.49828
    endloop
  endfacet
  facet normal -0 -0.251507 -0.967856
    outer loop
      vertex 0.955165 9.60094 -4.59389
      vertex -0.955165 9.233 -4.49828
      vertex -0.955165 9.60094 -4.59389
    endloop
  endfacet
  facet normal 0 -0.460876 -0.887465
    outer loop
      vertex -0.955165 8.9747 -4.36414
      vertex 0.955165 9.233 -4.49828
      vertex 0.955165 8.9747 -4.36414
    endloop
  endfacet
  facet normal -0 -0.460876 -0.887465
    outer loop
      vertex 0.955165 9.233 -4.49828
      vertex -0.955165 8.9747 -4.36414
      vertex -0.955165 9.233 -4.49828
    endloop
  endfacet
  facet normal -0 -0.664626 -0.747176
    outer loop
      vertex 0.855165 8.75137 -4.16548
      vertex -0.855165 8.75137 -4.16548
      vertex 0.855165 8.77377 -4.18541
    endloop
  endfacet
  facet normal 0 -0.664627 -0.747175
    outer loop
      vertex 0.855165 8.77377 -4.18541
      vertex 0.955165 8.9747 -4.36414
      vertex 0.955165 8.77377 -4.18541
    endloop
  endfacet
  facet normal 0 -0.664626 -0.747176
    outer loop
      vertex -0.855165 8.77377 -4.18541
      vertex 0.855165 8.77377 -4.18541
      vertex -0.855165 8.75137 -4.16548
    endloop
  endfacet
  facet normal -0 -0.664627 -0.747175
    outer loop
      vertex 0.855165 8.77377 -4.18541
      vertex -0.855165 8.77377 -4.18541
      vertex 0.955165 8.9747 -4.36414
    endloop
  endfacet
  facet normal 0 -0.664627 -0.747175
    outer loop
      vertex -0.955165 8.9747 -4.36414
      vertex -0.855165 8.77377 -4.18541
      vertex -0.955165 8.77377 -4.18541
    endloop
  endfacet
  facet normal 0 -0.664627 -0.747175
    outer loop
      vertex -0.855165 8.77377 -4.18541
      vertex -0.955165 8.9747 -4.36414
      vertex 0.955165 8.9747 -4.36414
    endloop
  endfacet
  facet normal 0 -0.818038 -0.575164
    outer loop
      vertex -0.855165 8.75137 -4.16548
      vertex 0.855165 8.49196 -3.79652
      vertex -0.855165 8.49196 -3.79652
    endloop
  endfacet
  facet normal 0 -0.818038 -0.575164
    outer loop
      vertex 0.855165 8.49196 -3.79652
      vertex -0.855165 8.75137 -4.16548
      vertex 0.855165 8.75137 -4.16548
    endloop
  endfacet
  facet normal 0 -0.832717 -0.553699
    outer loop
      vertex -0.855165 8.49196 -3.79652
      vertex 0.855165 8.48648 -3.78829
      vertex -0.855165 8.48648 -3.78829
    endloop
  endfacet
  facet normal 0 -0.832717 -0.553699
    outer loop
      vertex 0.855165 8.48648 -3.78829
      vertex -0.855165 8.49196 -3.79652
      vertex 0.855165 8.49196 -3.79652
    endloop
  endfacet
  facet normal -0 -0.83272 -0.553695
    outer loop
      vertex -0.855165 8.48648 -3.78829
      vertex -0.955165 8.3775 -3.62439
      vertex -0.955165 8.48648 -3.78829
    endloop
  endfacet
  facet normal 0 -0.83272 -0.553695
    outer loop
      vertex -0.955165 8.3775 -3.62439
      vertex -0.855165 8.48648 -3.78829
      vertex 0.955165 8.3775 -3.62439
    endloop
  endfacet
  facet normal -0 -0.83272 -0.553695
    outer loop
      vertex 0.855165 8.48648 -3.78829
      vertex 0.955165 8.3775 -3.62439
      vertex -0.855165 8.48648 -3.78829
    endloop
  endfacet
  facet normal 0 -0.83272 -0.553695
    outer loop
      vertex 0.955165 8.3775 -3.62439
      vertex 0.855165 8.48648 -3.78829
      vertex 0.955165 8.48648 -3.78829
    endloop
  endfacet
  facet normal 0 -0.622865 -0.782329
    outer loop
      vertex -0.955165 8.22299 -3.50137
      vertex 0.955165 8.3775 -3.62439
      vertex 0.955165 8.22299 -3.50137
    endloop
  endfacet
  facet normal -0 -0.622865 -0.782329
    outer loop
      vertex 0.955165 8.3775 -3.62439
      vertex -0.955165 8.22299 -3.50137
      vertex -0.955165 8.3775 -3.62439
    endloop
  endfacet
  facet normal 0 -0.362347 -0.932043
    outer loop
      vertex -0.955165 8.03554 -3.4285
      vertex 0.955165 8.22299 -3.50137
      vertex 0.955165 8.03554 -3.4285
    endloop
  endfacet
  facet normal -0 -0.362347 -0.932043
    outer loop
      vertex 0.955165 8.22299 -3.50137
      vertex -0.955165 8.03554 -3.4285
      vertex -0.955165 8.22299 -3.50137
    endloop
  endfacet
  facet normal 0 -0.10085 -0.994902
    outer loop
      vertex -0.955165 7.82224 -3.40688
      vertex 0.955165 8.03554 -3.4285
      vertex 0.955165 7.82224 -3.40688
    endloop
  endfacet
  facet normal -0 -0.10085 -0.994902
    outer loop
      vertex 0.955165 8.03554 -3.4285
      vertex -0.955165 7.82224 -3.40688
      vertex -0.955165 8.03554 -3.4285
    endloop
  endfacet
  facet normal 0 0.000476026 -1
    outer loop
      vertex -0.955165 5.61047 -3.40793
      vertex 0.955165 7.82224 -3.40688
      vertex 0.955165 5.61047 -3.40793
    endloop
  endfacet
  facet normal 0 0.000476026 -1
    outer loop
      vertex 0.955165 7.82224 -3.40688
      vertex -0.955165 5.61047 -3.40793
      vertex -0.955165 7.82224 -3.40688
    endloop
  endfacet
  facet normal 0 -0.115105 -0.993353
    outer loop
      vertex -0.955165 5.45746 -3.3902
      vertex 0.955165 5.61047 -3.40793
      vertex 0.955165 5.45746 -3.3902
    endloop
  endfacet
  facet normal -0 -0.115105 -0.993353
    outer loop
      vertex 0.955165 5.61047 -3.40793
      vertex -0.955165 5.45746 -3.3902
      vertex -0.955165 5.61047 -3.40793
    endloop
  endfacet
  facet normal 0 -0.311722 -0.950173
    outer loop
      vertex -0.955165 5.31351 -3.34297
      vertex 0.955165 5.45746 -3.3902
      vertex 0.955165 5.31351 -3.34297
    endloop
  endfacet
  facet normal -0 -0.311722 -0.950173
    outer loop
      vertex 0.955165 5.45746 -3.3902
      vertex -0.955165 5.31351 -3.34297
      vertex -0.955165 5.45746 -3.3902
    endloop
  endfacet
  facet normal 0 -0.565553 -0.824712
    outer loop
      vertex -0.955165 5.06654 -3.17361
      vertex 0.955165 5.31351 -3.34297
      vertex 0.955165 5.06654 -3.17361
    endloop
  endfacet
  facet normal -0 -0.565553 -0.824712
    outer loop
      vertex 0.955165 5.31351 -3.34297
      vertex -0.955165 5.06654 -3.17361
      vertex -0.955165 5.31351 -3.34297
    endloop
  endfacet
  facet normal 0 -0.823977 -0.566624
    outer loop
      vertex -0.955165 5.06654 -3.17361
      vertex 0.955165 4.89685 -2.92685
      vertex -0.955165 4.89685 -2.92685
    endloop
  endfacet
  facet normal 0 -0.823977 -0.566624
    outer loop
      vertex 0.955165 4.89685 -2.92685
      vertex -0.955165 5.06654 -3.17361
      vertex 0.955165 5.06654 -3.17361
    endloop
  endfacet
  facet normal 0 -0.949944 -0.312419
    outer loop
      vertex -0.955165 4.89685 -2.92685
      vertex 0.955165 4.8495 -2.78288
      vertex -0.955165 4.8495 -2.78288
    endloop
  endfacet
  facet normal 0 -0.949944 -0.312419
    outer loop
      vertex 0.955165 4.8495 -2.78288
      vertex -0.955165 4.89685 -2.92685
      vertex 0.955165 4.89685 -2.92685
    endloop
  endfacet
  facet normal 0 -0.993324 -0.11536
    outer loop
      vertex -0.955165 4.8495 -2.78288
      vertex 0.955165 4.83171 -2.62968
      vertex -0.955165 4.83171 -2.62968
    endloop
  endfacet
  facet normal 0 -0.993324 -0.11536
    outer loop
      vertex 0.955165 4.83171 -2.62968
      vertex -0.955165 4.8495 -2.78288
      vertex 0.955165 4.8495 -2.78288
    endloop
  endfacet
  facet normal 0 0.999924 0.0123014
    outer loop
      vertex 0.955165 4.83278 -2.71651
      vertex -0.955165 4.83171 -2.62968
      vertex 0.955165 4.83171 -2.62968
    endloop
  endfacet
  facet normal 0 0.999924 0.0123014
    outer loop
      vertex -0.955165 4.83171 -2.62968
      vertex 0.955165 4.83278 -2.71651
      vertex -0.955165 4.83278 -2.71651
    endloop
  endfacet
  facet normal 0 -0.996362 -0.085217
    outer loop
      vertex -0.955165 4.83278 -2.71651
      vertex 0.955165 4.81856 -2.55023
      vertex -0.955165 4.81856 -2.55023
    endloop
  endfacet
  facet normal 0 -0.996362 -0.085217
    outer loop
      vertex 0.955165 4.81856 -2.55023
      vertex -0.955165 4.83278 -2.71651
      vertex 0.955165 4.83278 -2.71651
    endloop
  endfacet
  facet normal 0 -0.959156 -0.282879
    outer loop
      vertex -0.955165 4.81856 -2.55023
      vertex 0.955165 4.77333 -2.39688
      vertex -0.955165 4.77333 -2.39688
    endloop
  endfacet
  facet normal 0 -0.959156 -0.282879
    outer loop
      vertex 0.955165 4.77333 -2.39688
      vertex -0.955165 4.81856 -2.55023
      vertex 0.955165 4.81856 -2.55023
    endloop
  endfacet
  facet normal 0 -0.881642 -0.471919
    outer loop
      vertex -0.955165 4.77333 -2.39688
      vertex -0.855165 4.7679 -2.38673
      vertex -0.955165 4.7679 -2.38673
    endloop
  endfacet
  facet normal 0 -0.881642 -0.471919
    outer loop
      vertex -0.855165 4.7679 -2.38673
      vertex -0.955165 4.77333 -2.39688
      vertex 0.855165 4.7679 -2.38673
    endloop
  endfacet
  facet normal -0 -0.881642 -0.471919
    outer loop
      vertex 0.955165 4.77333 -2.39688
      vertex 0.855165 4.7679 -2.38673
      vertex -0.955165 4.77333 -2.39688
    endloop
  endfacet
  facet normal 0 -0.881642 -0.471919
    outer loop
      vertex 0.855165 4.7679 -2.38673
      vertex 0.955165 4.77333 -2.39688
      vertex 0.955165 4.7679 -2.38673
    endloop
  endfacet
  facet normal 0 -0.881631 -0.47194
    outer loop
      vertex -0.855165 4.7679 -2.38673
      vertex 0.855165 4.69998 -2.25986
      vertex -0.855165 4.69998 -2.25986
    endloop
  endfacet
  facet normal 0 -0.881631 -0.47194
    outer loop
      vertex 0.855165 4.69998 -2.25986
      vertex -0.855165 4.7679 -2.38673
      vertex 0.855165 4.7679 -2.38673
    endloop
  endfacet
  facet normal 0 -0.765505 -0.64343
    outer loop
      vertex -0.855165 4.69998 -2.25986
      vertex 0.855165 4.60138 -2.14255
      vertex -0.855165 4.60138 -2.14255
    endloop
  endfacet
  facet normal 0 -0.765505 -0.64343
    outer loop
      vertex 0.855165 4.60138 -2.14255
      vertex -0.855165 4.69998 -2.25986
      vertex 0.855165 4.69998 -2.25986
    endloop
  endfacet
  facet normal 0 -0.614083 -0.789241
    outer loop
      vertex 0.955165 4.48042 -2.04834
      vertex 0.855165 4.48061 -2.04848
      vertex 0.955165 4.48061 -2.04848
    endloop
  endfacet
  facet normal -0 -0.614472 -0.788939
    outer loop
      vertex 0.855165 4.48061 -2.04848
      vertex -0.855165 4.48061 -2.04848
      vertex 0.855165 4.60138 -2.14255
    endloop
  endfacet
  facet normal 0 -0.614083 -0.789241
    outer loop
      vertex 0.955165 4.48042 -2.04834
      vertex -0.855165 4.48061 -2.04848
      vertex 0.855165 4.48061 -2.04848
    endloop
  endfacet
  facet normal 0 -0.614083 -0.789241
    outer loop
      vertex -0.955165 4.48042 -2.04834
      vertex -0.855165 4.48061 -2.04848
      vertex 0.955165 4.48042 -2.04834
    endloop
  endfacet
  facet normal -0 -0.614083 -0.789241
    outer loop
      vertex -0.855165 4.48061 -2.04848
      vertex -0.955165 4.48042 -2.04834
      vertex -0.955165 4.48061 -2.04848
    endloop
  endfacet
  facet normal -0 -0.614472 -0.788939
    outer loop
      vertex 0.855165 4.60138 -2.14255
      vertex -0.855165 4.48061 -2.04848
      vertex -0.855165 4.60138 -2.14255
    endloop
  endfacet
  facet normal 0 -0.434289 -0.900773
    outer loop
      vertex -0.955165 4.33997 -1.98062
      vertex 0.955165 4.48042 -2.04834
      vertex 0.955165 4.33997 -1.98062
    endloop
  endfacet
  facet normal -0 -0.434289 -0.900773
    outer loop
      vertex 0.955165 4.48042 -2.04834
      vertex -0.955165 4.33997 -1.98062
      vertex -0.955165 4.48042 -2.04834
    endloop
  endfacet
  facet normal 0 -0.23417 -0.972196
    outer loop
      vertex -0.955165 4.18292 -1.94279
      vertex 0.955165 4.33997 -1.98062
      vertex 0.955165 4.18292 -1.94279
    endloop
  endfacet
  facet normal -0 -0.23417 -0.972196
    outer loop
      vertex 0.955165 4.33997 -1.98062
      vertex -0.955165 4.18292 -1.94279
      vertex -0.955165 4.33997 -1.98062
    endloop
  endfacet
  facet normal 0 -0.0265298 -0.999648
    outer loop
      vertex -0.955165 4.01216 -1.93826
      vertex 0.955165 4.18292 -1.94279
      vertex 0.955165 4.01216 -1.93826
    endloop
  endfacet
  facet normal -0 -0.0265298 -0.999648
    outer loop
      vertex 0.955165 4.18292 -1.94279
      vertex -0.955165 4.01216 -1.93826
      vertex -0.955165 4.18292 -1.94279
    endloop
  endfacet
  facet normal 0 0.000326192 -1
    outer loop
      vertex -0.955165 0.784438 -1.93932
      vertex 0.955165 4.01216 -1.93826
      vertex 0.955165 0.784438 -1.93932
    endloop
  endfacet
  facet normal 0 0.000326192 -1
    outer loop
      vertex 0.955165 4.01216 -1.93826
      vertex -0.955165 0.784438 -1.93932
      vertex -0.955165 4.01216 -1.93826
    endloop
  endfacet
  facet normal 0 -0.266639 -0.963796
    outer loop
      vertex -0.955165 0.487761 -1.85724
      vertex 0.955165 0.784438 -1.93932
      vertex 0.955165 0.487761 -1.85724
    endloop
  endfacet
  facet normal -0 -0.266639 -0.963796
    outer loop
      vertex 0.955165 0.784438 -1.93932
      vertex -0.955165 0.487761 -1.85724
      vertex -0.955165 0.784438 -1.93932
    endloop
  endfacet
  facet normal 0 -0.588802 -0.808278
    outer loop
      vertex -0.955165 0.241012 -1.67749
      vertex 0.955165 0.487761 -1.85724
      vertex 0.955165 0.241012 -1.67749
    endloop
  endfacet
  facet normal -0 -0.588802 -0.808278
    outer loop
      vertex 0.955165 0.487761 -1.85724
      vertex -0.955165 0.241012 -1.67749
      vertex -0.955165 0.487761 -1.85724
    endloop
  endfacet
  facet normal 0 -0.831543 -0.55546
    outer loop
      vertex -0.955165 0.241012 -1.67749
      vertex 0.955165 0.0712729 -1.42339
      vertex -0.955165 0.0712729 -1.42339
    endloop
  endfacet
  facet normal 0 -0.831543 -0.55546
    outer loop
      vertex 0.955165 0.0712729 -1.42339
      vertex -0.955165 0.241012 -1.67749
      vertex 0.955165 0.241012 -1.67749
    endloop
  endfacet
  facet normal 0 -0.951965 -0.306207
    outer loop
      vertex -0.955165 0.0712729 -1.42339
      vertex 0.955165 0.0237722 -1.27571
      vertex -0.955165 0.0237722 -1.27571
    endloop
  endfacet
  facet normal 0 -0.951965 -0.306207
    outer loop
      vertex 0.955165 0.0237722 -1.27571
      vertex -0.955165 0.0712729 -1.42339
      vertex 0.955165 0.0712729 -1.42339
    endloop
  endfacet
  facet normal 0 -0.993466 -0.114127
    outer loop
      vertex -0.955165 0.0237722 -1.27571
      vertex 0.955165 0.00567532 -1.11818
      vertex -0.955165 0.00567532 -1.11818
    endloop
  endfacet
  facet normal 0 -0.993466 -0.114127
    outer loop
      vertex 0.955165 0.00567532 -1.11818
      vertex -0.955165 0.0237722 -1.27571
      vertex 0.955165 0.0237722 -1.27571
    endloop
  endfacet
  facet normal -1.973e-12 -0.999994 -0.00354616
    outer loop
      vertex -0.955165 0.00567532 -1.11818
      vertex 0.955165 0.00109128 0.17449
      vertex 0.955093 2.12451e-07 0.482163
    endloop
  endfacet
  facet normal 0 -0.999994 -0.00354616
    outer loop
      vertex 0.955165 0.00109128 0.17449
      vertex -0.955165 0.00567532 -1.11818
      vertex 0.955165 0.00567532 -1.11818
    endloop
  endfacet
  facet normal -1.77069e-09 -0.999994 -0.00354658
    outer loop
      vertex -0.955052 0 0.482224
      vertex 0.955093 2.12451e-07 0.482163
      vertex 0.955093 0 0.482223
    endloop
  endfacet
  facet normal -1.75727e-09 -0.999994 -0.00354616
    outer loop
      vertex -0.955052 0 0.482224
      vertex -0.955165 0.000897914 0.229018
      vertex 0.955093 2.12451e-07 0.482163
    endloop
  endfacet
  facet normal -1.73449e-09 -0.999994 -0.00354616
    outer loop
      vertex 0.955093 2.12451e-07 0.482163
      vertex -0.955165 0.000897914 0.229018
      vertex -0.955165 0.00567532 -1.11818
    endloop
  endfacet
  facet normal -4.98322e-07 -0.000337448 -1
    outer loop
      vertex -0.955052 -9.36741e-05 0.482224
      vertex 0.955093 0 0.482223
      vertex 0.955093 -1.58537 0.482758
    endloop
  endfacet
  facet normal -4.99268e-07 -0.000318149 -1
    outer loop
      vertex 0.955093 0 0.482223
      vertex -0.955052 -9.36741e-05 0.482224
      vertex -0.955052 0 0.482224
    endloop
  endfacet
  facet normal 0 -0.000499002 -1
    outer loop
      vertex -0.955052 -1.58543 0.482758
      vertex 0.955093 -1.58537 0.482758
      vertex 0.955093 -1.58543 0.482758
    endloop
  endfacet
  facet normal -5.06983e-09 -0.000336854 -1
    outer loop
      vertex 0.955093 -1.58537 0.482758
      vertex -0.955052 -1.58543 0.482758
      vertex -0.955052 -9.36741e-05 0.482224
    endloop
  endfacet
  facet normal 0 0.786594 -0.617471
    outer loop
      vertex 0.955093 -1.73613 0.290787
      vertex -0.955052 -1.58543 0.482758
      vertex 0.955093 -1.58543 0.482758
    endloop
  endfacet
  facet normal 0 0.786594 -0.617471
    outer loop
      vertex -0.955052 -1.58543 0.482758
      vertex 0.955093 -1.73613 0.290787
      vertex -0.955093 -1.73613 0.290787
    endloop
  endfacet
  facet normal 0 0.594301 -0.804243
    outer loop
      vertex 0.955093 -1.9344 0.144272
      vertex -0.955093 -1.73613 0.290787
      vertex 0.955093 -1.73613 0.290787
    endloop
  endfacet
  facet normal 0 0.594301 -0.804243
    outer loop
      vertex -0.955093 -1.73613 0.290787
      vertex 0.955093 -1.9344 0.144272
      vertex -0.955123 -1.9344 0.144272
    endloop
  endfacet
  facet normal -7.5749e-07 0.383881 -0.923383
    outer loop
      vertex 0.828841 -2.15076 0.0543251
      vertex 0.955093 -1.9344 0.144272
      vertex 0.955093 -2.09035 0.0794381
    endloop
  endfacet
  facet normal 4.36445e-07 0.38388 -0.923383
    outer loop
      vertex 0.706328 -2.17007 0.0462952
      vertex 0.955093 -1.9344 0.144272
      vertex 0.828841 -2.15076 0.0543251
    endloop
  endfacet
  facet normal 0 0.383881 -0.923383
    outer loop
      vertex -0.706328 -2.17007 0.0462952
      vertex 0.955093 -1.9344 0.144272
      vertex 0.706328 -2.17007 0.0462952
    endloop
  endfacet
  facet normal -4.36455e-07 0.38388 -0.923383
    outer loop
      vertex -0.955123 -1.9344 0.144272
      vertex -0.706328 -2.17007 0.0462952
      vertex -0.828841 -2.15076 0.0543251
    endloop
  endfacet
  facet normal 0 0.383881 -0.923383
    outer loop
      vertex -0.706328 -2.17007 0.0462952
      vertex -0.955123 -1.9344 0.144272
      vertex 0.955093 -1.9344 0.144272
    endloop
  endfacet
  facet normal -1.72023e-07 0.383881 -0.923383
    outer loop
      vertex -0.955123 -1.9344 0.144272
      vertex -0.828841 -2.15076 0.0543251
      vertex -0.955137 -2.09033 0.0794469
    endloop
  endfacet
  facet normal 3.53149e-06 0.17345 -0.984843
    outer loop
      vertex -0.00232635 -2.43206 0.000152477
      vertex 0.706328 -2.17007 0.0462952
      vertex 0.00231507 -2.43206 0.000151738
    endloop
  endfacet
  facet normal 0 0.173459 -0.984841
    outer loop
      vertex 0.706328 -2.17007 0.0462952
      vertex -0.00232635 -2.43206 0.000152477
      vertex -0.706328 -2.17007 0.0462952
    endloop
  endfacet
  facet normal -1.10495e-06 -0.711669 -0.702515
    outer loop
      vertex 0.0684962 -25.8142 1.431
      vertex -0.757818 -26.3116 1.93484
      vertex -0.954834 -25.8978 1.5157
    endloop
  endfacet
  facet normal 0 -0.71167 -0.702514
    outer loop
      vertex -0.757818 -26.3116 1.93484
      vertex 0.0684962 -25.8142 1.431
      vertex 0.308336 -26.3116 1.93484
    endloop
  endfacet
  facet normal -1.05347e-06 -0.711669 -0.702515
    outer loop
      vertex -0.954834 -25.8978 1.5157
      vertex 0.0684962 -25.5635 1.17699
      vertex 0.0684962 -25.8142 1.431
    endloop
  endfacet
  facet normal -8.94246e-07 -0.711669 -0.702515
    outer loop
      vertex -0.828841 -24.4552 0.0543251
      vertex 0.0684962 -25.5635 1.17699
      vertex -0.954834 -25.8978 1.5157
    endloop
  endfacet
  facet normal -6.88184e-06 -0.711669 -0.702515
    outer loop
      vertex -0.828841 -24.4552 0.0543251
      vertex -0.954834 -25.8978 1.5157
      vertex -0.955137 -24.48 0.0794469
    endloop
  endfacet
  facet normal 4.04026e-07 -0.711669 -0.702515
    outer loop
      vertex 0.0684962 -25.5635 1.17699
      vertex -0.828841 -24.4552 0.0543251
      vertex -0.00232635 -24.4018 0.000152477
    endloop
  endfacet
  facet normal -0.000111882 -0.711672 -0.702512
    outer loop
      vertex 0.00231507 -24.4018 0.000151737
      vertex 0.0684962 -25.5635 1.17699
      vertex -0.00232635 -24.4018 0.000152477
    endloop
  endfacet
  facet normal 1.29521e-06 -0.711669 -0.702515
    outer loop
      vertex 0.0684962 -25.5635 1.17699
      vertex 0.00231507 -24.4018 0.000151737
      vertex 0.955093 -25.1456 0.753646
    endloop
  endfacet
  facet normal 9.94189e-08 -0.71167 -0.702514
    outer loop
      vertex 0.828841 -24.4552 0.0543251
      vertex 0.955093 -25.1456 0.753646
      vertex 0.00231507 -24.4018 0.000151737
    endloop
  endfacet
  facet normal 5.87991e-07 -0.71167 -0.702514
    outer loop
      vertex 0.955093 -25.1456 0.753646
      vertex 0.828841 -24.4552 0.0543251
      vertex 0.955093 -24.48 0.0794381
    endloop
  endfacet
  facet normal -0 -0.799514 -0.600647
    outer loop
      vertex 0.308336 -26.3116 1.93484
      vertex -0.641585 -26.4973 2.18213
      vertex -0.757818 -26.3116 1.93484
    endloop
  endfacet
  facet normal 0 -0.799514 -0.600647
    outer loop
      vertex -0.641585 -26.4973 2.18213
      vertex 0.308336 -26.3116 1.93484
      vertex 0.426047 -26.4973 2.18213
    endloop
  endfacet
  facet normal -0 -0.892176 -0.451687
    outer loop
      vertex 0.426047 -26.4973 2.18213
      vertex -0.512441 -26.6364 2.45688
      vertex -0.641585 -26.4973 2.18213
    endloop
  endfacet
  facet normal 0 -0.892176 -0.451687
    outer loop
      vertex -0.512441 -26.6364 2.45688
      vertex 0.426047 -26.4973 2.18213
      vertex 0.556833 -26.6364 2.45688
    endloop
  endfacet
  facet normal -0 -0.959014 -0.283358
    outer loop
      vertex 0.556833 -26.6364 2.45688
      vertex -0.373665 -26.7237 2.75212
      vertex -0.512441 -26.6364 2.45688
    endloop
  endfacet
  facet normal 0 -0.959014 -0.283358
    outer loop
      vertex -0.373665 -26.7237 2.75212
      vertex 0.556833 -26.6364 2.45688
      vertex 0.697374 -26.7237 2.75212
    endloop
  endfacet
  facet normal -0 -0.995237 -0.0974826
    outer loop
      vertex 0.697374 -26.7237 2.75212
      vertex -0.228534 -26.7539 3.06088
      vertex -0.373665 -26.7237 2.75212
    endloop
  endfacet
  facet normal 0 -0.995237 -0.0974826
    outer loop
      vertex -0.228534 -26.7539 3.06088
      vertex 0.697374 -26.7237 2.75212
      vertex 0.84435 -26.7539 3.06088
    endloop
  endfacet
  facet normal 0 -0.99522 0.0976595
    outer loop
      vertex 0.84435 -26.7539 3.06088
      vertex 0.95515 -26.7237 3.36908
      vertex -0.0836688 -26.7237 3.36908
    endloop
  endfacet
  facet normal 0 -0.99522 0.0976595
    outer loop
      vertex 0.84435 -26.7539 3.06088
      vertex -0.0836688 -26.7237 3.36908
      vertex -0.228534 -26.7539 3.06088
    endloop
  endfacet
  facet normal 2.93297e-05 -0.995221 0.097649
    outer loop
      vertex 0.95515 -26.7237 3.36908
      vertex 0.84435 -26.7539 3.06088
      vertex 0.955154 -26.7311 3.29365
    endloop
  endfacet
  facet normal 0 -0.957931 0.286998
    outer loop
      vertex 0.000289427 -26.6702 3.5477
      vertex 0.955136 -26.6364 3.66025
      vertex 0.000289427 -26.6364 3.66025
    endloop
  endfacet
  facet normal 0 -0.957931 0.286998
    outer loop
      vertex 0.95515 -26.7237 3.36908
      vertex 0.000289427 -26.6702 3.5477
      vertex -0.0836688 -26.7237 3.36908
    endloop
  endfacet
  facet normal 5.14174e-08 -0.957931 0.286998
    outer loop
      vertex 0.000289427 -26.6702 3.5477
      vertex 0.95515 -26.7237 3.36908
      vertex 0.955136 -26.6364 3.66025
    endloop
  endfacet
  facet normal 0 -0.884289 0.46694
    outer loop
      vertex 0.000289427 -26.5618 3.80165
      vertex 0.955124 -26.4973 3.92368
      vertex -0.275019 -26.4973 3.92368
    endloop
  endfacet
  facet normal 0 -0.884292 0.466934
    outer loop
      vertex 0.955136 -26.6364 3.66025
      vertex 0.000289427 -26.5618 3.80165
      vertex 0.000289427 -26.6364 3.66025
    endloop
  endfacet
  facet normal 5.06782e-07 -0.884291 0.466937
    outer loop
      vertex 0.000289427 -26.5618 3.80165
      vertex 0.955136 -26.6364 3.66025
      vertex 0.955124 -26.4973 3.92368
    endloop
  endfacet
  facet normal 0 -0.771107 0.636706
    outer loop
      vertex -0.275019 -26.4973 3.92368
      vertex 0.955113 -26.3116 4.14867
      vertex -0.782634 -26.3116 4.14867
    endloop
  endfacet
  facet normal 0 -0.771107 0.636706
    outer loop
      vertex 0.955113 -26.3116 4.14867
      vertex -0.275019 -26.4973 3.92368
      vertex 0.955124 -26.4973 3.92368
    endloop
  endfacet
  facet normal 0 -0.707904 0.706309
    outer loop
      vertex -0.954498 -21.7585 8.71199
      vertex 0.000289428 -25.3907 5.07165
      vertex 0.00028943 -21.7585 8.71199
    endloop
  endfacet
  facet normal -7.1224e-07 -0.707904 0.706309
    outer loop
      vertex -0.954834 -26.2354 4.22499
      vertex 0.000289428 -25.3907 5.07165
      vertex -0.954498 -21.7585 8.71199
    endloop
  endfacet
  facet normal -2.54479e-06 -0.707903 0.70631
    outer loop
      vertex -0.782634 -26.3116 4.14867
      vertex 0.000289428 -25.3907 5.07165
      vertex -0.954834 -26.2354 4.22499
    endloop
  endfacet
  facet normal 0 -0.707904 0.706309
    outer loop
      vertex 0.955113 -26.3116 4.14867
      vertex 0.000289428 -25.3907 5.07165
      vertex -0.782634 -26.3116 4.14867
    endloop
  endfacet
  facet normal -6.35894e-07 -0.707904 0.706308
    outer loop
      vertex 0.000289428 -25.3907 5.07165
      vertex 0.955113 -26.3116 4.14867
      vertex 0.955093 -25.8974 4.56377
    endloop
  endfacet
  facet normal 0 0 1
    outer loop
      vertex 0.000356925 0.00102234 8.71219
      vertex 0.00028944 0 8.71219
      vertex 0.000289917 0 8.71219
    endloop
  endfacet
  facet normal 0 -9.11662e-06 1
    outer loop
      vertex 0.00028944 0 8.71219
      vertex -0.954498 0 8.71219
      vertex 0.00028943 -21.7585 8.71199
    endloop
  endfacet
  facet normal 0 0 1
    outer loop
      vertex 0.000356925 0.00102234 8.71219
      vertex -0.954498 0 8.71219
      vertex 0.00028944 0 8.71219
    endloop
  endfacet
  facet normal -0 0 1
    outer loop
      vertex -0.954565 0.00102234 8.71219
      vertex -0.954498 0 8.71219
      vertex 0.000356925 0.00102234 8.71219
    endloop
  endfacet
  facet normal 0 -9.11662e-06 1
    outer loop
      vertex 0.00028943 -21.7585 8.71199
      vertex -0.954498 0 8.71219
      vertex -0.954498 -21.7585 8.71199
    endloop
  endfacet
  facet normal 0 -0.999992 0.00395708
    outer loop
      vertex -0.954565 0.00102234 8.71219
      vertex 0.00035696 0.00102288 8.71233
      vertex -0.954565 0.00102288 8.71233
    endloop
  endfacet
  facet normal 0 -0.999992 0.00395708
    outer loop
      vertex 0.00035696 0.00102288 8.71233
      vertex -0.954565 0.00102234 8.71219
      vertex 0.000356925 0.00102234 8.71219
    endloop
  endfacet
  facet normal 0 -0.999992 0.00395679
    outer loop
      vertex -0.954565 0.00102288 8.71233
      vertex -0.955165 0.00567627 9.88837
      vertex -0.955165 0.00102288 8.71233
    endloop
  endfacet
  facet normal 0 -0.999992 0.00395679
    outer loop
      vertex 0.00035696 0.00102288 8.71233
      vertex -0.955165 0.00567627 9.88837
      vertex -0.954565 0.00102288 8.71233
    endloop
  endfacet
  facet normal 0 -0.999992 0.00395679
    outer loop
      vertex -0.955165 0.00567627 9.88837
      vertex 0.00035696 0.00102288 8.71233
      vertex 0.955165 0.00567627 9.88837
    endloop
  endfacet
  facet normal 0 -0.999992 0.00395679
    outer loop
      vertex 0.955165 0.00567627 9.88837
      vertex 0.00035696 0.00102288 8.71233
      vertex 0.955165 0.00102288 8.71233
    endloop
  endfacet
  facet normal 0 -0.993894 0.11034
    outer loop
      vertex -0.955165 0.00567627 9.88837
      vertex 0.955165 0.0237732 10.0514
      vertex -0.955165 0.0237732 10.0514
    endloop
  endfacet
  facet normal 0 -0.993894 0.11034
    outer loop
      vertex 0.955165 0.0237732 10.0514
      vertex -0.955165 0.00567627 9.88837
      vertex 0.955165 0.00567627 9.88837
    endloop
  endfacet
  facet normal 0 -0.953923 0.300052
    outer loop
      vertex -0.955165 0.0237732 10.0514
      vertex 0.955165 0.0712891 10.2024
      vertex -0.955165 0.0712891 10.2024
    endloop
  endfacet
  facet normal 0 -0.953923 0.300052
    outer loop
      vertex 0.955165 0.0712891 10.2024
      vertex -0.955165 0.0237732 10.0514
      vertex 0.955165 0.0237732 10.0514
    endloop
  endfacet
  facet normal 0 -0.830078 0.557647
    outer loop
      vertex -0.955165 0.0712891 10.2024
      vertex 0.955165 0.241013 10.4551
      vertex -0.955165 0.241013 10.4551
    endloop
  endfacet
  facet normal 0 -0.830078 0.557647
    outer loop
      vertex 0.955165 0.241013 10.4551
      vertex -0.955165 0.0712891 10.2024
      vertex 0.955165 0.0712891 10.2024
    endloop
  endfacet
  facet normal 0 -0.6345 0.772923
    outer loop
      vertex -0.955165 0.356461 10.5499
      vertex 0.955165 0.241013 10.4551
      vertex 0.955165 0.356461 10.5499
    endloop
  endfacet
  facet normal 0 -0.6345 0.772923
    outer loop
      vertex 0.955165 0.241013 10.4551
      vertex -0.955165 0.356461 10.5499
      vertex -0.955165 0.241013 10.4551
    endloop
  endfacet
  facet normal 0 -0.466314 0.884619
    outer loop
      vertex -0.955165 0.487762 10.6191
      vertex 0.955165 0.356461 10.5499
      vertex 0.955165 0.487762 10.6191
    endloop
  endfacet
  facet normal 0 -0.466314 0.884619
    outer loop
      vertex 0.955165 0.356461 10.5499
      vertex -0.955165 0.487762 10.6191
      vertex -0.955165 0.356461 10.5499
    endloop
  endfacet
  facet normal 0 -0.269372 0.963036
    outer loop
      vertex -0.955165 0.631561 10.6593
      vertex 0.955165 0.487762 10.6191
      vertex 0.955165 0.631561 10.6593
    endloop
  endfacet
  facet normal 0 -0.269372 0.963036
    outer loop
      vertex 0.955165 0.487762 10.6191
      vertex -0.955165 0.631561 10.6593
      vertex -0.955165 0.487762 10.6191
    endloop
  endfacet
  facet normal 0 -0.0512351 0.998687
    outer loop
      vertex -0.955165 0.784439 10.6671
      vertex 0.955165 0.631561 10.6593
      vertex 0.955165 0.784439 10.6671
    endloop
  endfacet
  facet normal 0 -0.0512351 0.998687
    outer loop
      vertex 0.955165 0.631561 10.6593
      vertex -0.955165 0.784439 10.6671
      vertex -0.955165 0.631561 10.6593
    endloop
  endfacet
  facet normal -0 0.000330919 1
    outer loop
      vertex -0.955165 4.01216 10.6661
      vertex 0.955165 0.784439 10.6671
      vertex 0.955165 4.01216 10.6661
    endloop
  endfacet
  facet normal 0 0.000330919 1
    outer loop
      vertex 0.955165 0.784439 10.6671
      vertex -0.955165 4.01216 10.6661
      vertex -0.955165 0.784439 10.6671
    endloop
  endfacet
  facet normal 0 -0.138535 0.990358
    outer loop
      vertex -0.955165 4.18298 10.69
      vertex 0.955165 4.01216 10.6661
      vertex 0.955165 4.18298 10.69
    endloop
  endfacet
  facet normal 0 -0.138535 0.990358
    outer loop
      vertex 0.955165 4.01216 10.6661
      vertex -0.955165 4.18298 10.69
      vertex -0.955165 4.01216 10.6661
    endloop
  endfacet
  facet normal 0 -0.309458 0.950913
    outer loop
      vertex -0.955165 4.34006 10.7411
      vertex 0.955165 4.18298 10.69
      vertex 0.955165 4.34006 10.7411
    endloop
  endfacet
  facet normal 0 -0.309458 0.950913
    outer loop
      vertex 0.955165 4.18298 10.69
      vertex -0.955165 4.34006 10.7411
      vertex -0.955165 4.18298 10.69
    endloop
  endfacet
  facet normal 0 -0.541423 0.84075
    outer loop
      vertex 0.855165 4.60146 10.9094
      vertex -0.855165 4.60146 10.9094
      vertex 0.855165 4.48061 10.8316
    endloop
  endfacet
  facet normal 0 -0.541426 0.840748
    outer loop
      vertex 0.855165 4.48061 10.8316
      vertex 0.955165 4.34006 10.7411
      vertex 0.955165 4.48061 10.8316
    endloop
  endfacet
  facet normal 0 -0.541423 0.84075
    outer loop
      vertex -0.855165 4.48061 10.8316
      vertex 0.855165 4.48061 10.8316
      vertex -0.855165 4.60146 10.9094
    endloop
  endfacet
  facet normal 0 -0.541426 0.840748
    outer loop
      vertex 0.855165 4.48061 10.8316
      vertex -0.855165 4.48061 10.8316
      vertex 0.955165 4.34006 10.7411
    endloop
  endfacet
  facet normal 0 -0.541426 0.840748
    outer loop
      vertex -0.955165 4.34006 10.7411
      vertex -0.855165 4.48061 10.8316
      vertex -0.955165 4.48061 10.8316
    endloop
  endfacet
  facet normal 0 -0.541426 0.840748
    outer loop
      vertex -0.855165 4.48061 10.8316
      vertex -0.955165 4.34006 10.7411
      vertex 0.955165 4.34006 10.7411
    endloop
  endfacet
  facet normal 0 -0.801786 0.597611
    outer loop
      vertex -0.855165 4.60146 10.9094
      vertex 0.855165 4.7679 11.1327
      vertex -0.855165 4.7679 11.1327
    endloop
  endfacet
  facet normal 0 -0.801786 0.597611
    outer loop
      vertex 0.855165 4.7679 11.1327
      vertex -0.855165 4.60146 10.9094
      vertex 0.855165 4.60146 10.9094
    endloop
  endfacet
  facet normal 0 -0.801762 0.597644
    outer loop
      vertex -0.855165 4.7679 11.1327
      vertex -0.955165 4.77336 11.14
      vertex -0.955165 4.7679 11.1327
    endloop
  endfacet
  facet normal 0 -0.801762 0.597644
    outer loop
      vertex -0.955165 4.77336 11.14
      vertex -0.855165 4.7679 11.1327
      vertex 0.955165 4.77336 11.14
    endloop
  endfacet
  facet normal 0 -0.801762 0.597644
    outer loop
      vertex 0.855165 4.7679 11.1327
      vertex 0.955165 4.77336 11.14
      vertex -0.855165 4.7679 11.1327
    endloop
  endfacet
  facet normal 0 -0.801762 0.597644
    outer loop
      vertex 0.955165 4.77336 11.14
      vertex 0.855165 4.7679 11.1327
      vertex 0.955165 4.7679 11.1327
    endloop
  endfacet
  facet normal 0 -0.943703 0.330793
    outer loop
      vertex -0.955165 4.77336 11.14
      vertex 0.955165 4.81857 11.269
      vertex -0.955165 4.81857 11.269
    endloop
  endfacet
  facet normal 0 -0.943703 0.330793
    outer loop
      vertex 0.955165 4.81857 11.269
      vertex -0.955165 4.77336 11.14
      vertex 0.955165 4.77336 11.14
    endloop
  endfacet
  facet normal 0 -0.994349 0.106163
    outer loop
      vertex -0.955165 4.81857 11.269
      vertex 0.955165 4.84949 11.5586
      vertex -0.955165 4.84949 11.5586
    endloop
  endfacet
  facet normal 0 -0.994349 0.106163
    outer loop
      vertex 0.955165 4.84949 11.5586
      vertex -0.955165 4.81857 11.269
      vertex 0.955165 4.81857 11.269
    endloop
  endfacet
  facet normal 0 -0.952577 0.304298
    outer loop
      vertex -0.955165 4.84949 11.5586
      vertex 0.955165 4.89676 11.7066
      vertex -0.955165 4.89676 11.7066
    endloop
  endfacet
  facet normal 0 -0.952577 0.304298
    outer loop
      vertex 0.955165 4.89676 11.7066
      vertex -0.955165 4.84949 11.5586
      vertex 0.955165 4.84949 11.5586
    endloop
  endfacet
  facet normal 0 -0.827728 0.56113
    outer loop
      vertex -0.955165 4.89676 11.7066
      vertex 0.955165 5.06627 11.9566
      vertex -0.955165 5.06627 11.9566
    endloop
  endfacet
  facet normal 0 -0.827728 0.56113
    outer loop
      vertex 0.955165 5.06627 11.9566
      vertex -0.955165 4.89676 11.7066
      vertex 0.955165 4.89676 11.7066
    endloop
  endfacet
  facet normal 0 -0.558646 0.829406
    outer loop
      vertex -0.955165 5.31306 12.1228
      vertex 0.955165 5.06627 11.9566
      vertex 0.955165 5.31306 12.1228
    endloop
  endfacet
  facet normal 0 -0.558646 0.829406
    outer loop
      vertex 0.955165 5.06627 11.9566
      vertex -0.955165 5.31306 12.1228
      vertex -0.955165 5.06627 11.9566
    endloop
  endfacet
  facet normal 0 -0.287441 0.957798
    outer loop
      vertex -0.955165 5.45695 12.166
      vertex 0.955165 5.31306 12.1228
      vertex 0.955165 5.45695 12.166
    endloop
  endfacet
  facet normal 0 -0.287441 0.957798
    outer loop
      vertex 0.955165 5.31306 12.1228
      vertex -0.955165 5.45695 12.166
      vertex -0.955165 5.31306 12.1228
    endloop
  endfacet
  facet normal 0 -0.0785361 0.996911
    outer loop
      vertex -0.955165 5.60997 12.1781
      vertex 0.955165 5.45695 12.166
      vertex 0.955165 5.60997 12.1781
    endloop
  endfacet
  facet normal 0 -0.0785361 0.996911
    outer loop
      vertex 0.955165 5.45695 12.166
      vertex -0.955165 5.60997 12.1781
      vertex -0.955165 5.45695 12.166
    endloop
  endfacet
  facet normal -0 0.000241464 1
    outer loop
      vertex -0.955165 7.82172 12.1775
      vertex 0.955165 5.60997 12.1781
      vertex 0.955165 7.82172 12.1775
    endloop
  endfacet
  facet normal 0 0.000241464 1
    outer loop
      vertex 0.955165 5.60997 12.1781
      vertex -0.955165 7.82172 12.1775
      vertex -0.955165 5.60997 12.1781
    endloop
  endfacet
  facet normal 0 -0.141035 0.990005
    outer loop
      vertex -0.955165 8.03508 12.2079
      vertex 0.955165 7.82172 12.1775
      vertex 0.955165 8.03508 12.2079
    endloop
  endfacet
  facet normal 0 -0.141035 0.990005
    outer loop
      vertex 0.955165 7.82172 12.1775
      vertex -0.955165 8.03508 12.2079
      vertex -0.955165 7.82172 12.1775
    endloop
  endfacet
  facet normal 0 -0.354803 0.934941
    outer loop
      vertex -0.955165 8.22273 12.2791
      vertex 0.955165 8.03508 12.2079
      vertex 0.955165 8.22273 12.2791
    endloop
  endfacet
  facet normal 0 -0.354803 0.934941
    outer loop
      vertex 0.955165 8.03508 12.2079
      vertex -0.955165 8.22273 12.2791
      vertex -0.955165 8.03508 12.2079
    endloop
  endfacet
  facet normal 0 -0.569231 0.822178
    outer loop
      vertex -0.955165 8.37743 12.3862
      vertex 0.955165 8.22273 12.2791
      vertex 0.955165 8.37743 12.3862
    endloop
  endfacet
  facet normal 0 -0.569231 0.822178
    outer loop
      vertex 0.955165 8.22273 12.2791
      vertex -0.955165 8.37743 12.3862
      vertex -0.955165 8.22273 12.2791
    endloop
  endfacet
  facet normal 0 -0.769608 0.638517
    outer loop
      vertex -0.955165 8.37743 12.3862
      vertex -0.855165 8.48648 12.5177
      vertex -0.955165 8.48648 12.5177
    endloop
  endfacet
  facet normal 0 -0.769608 0.638517
    outer loop
      vertex -0.855165 8.48648 12.5177
      vertex -0.955165 8.37743 12.3862
      vertex 0.855165 8.48648 12.5177
    endloop
  endfacet
  facet normal 0 -0.769608 0.638517
    outer loop
      vertex 0.955165 8.37743 12.3862
      vertex 0.855165 8.48648 12.5177
      vertex -0.955165 8.37743 12.3862
    endloop
  endfacet
  facet normal 0 -0.769608 0.638517
    outer loop
      vertex 0.855165 8.48648 12.5177
      vertex 0.955165 8.37743 12.3862
      vertex 0.955165 8.48648 12.5177
    endloop
  endfacet
  facet normal 0 -0.769595 0.638532
    outer loop
      vertex -0.855165 8.48648 12.5177
      vertex 0.855165 8.49196 12.5243
      vertex -0.855165 8.49196 12.5243
    endloop
  endfacet
  facet normal 0 -0.769595 0.638532
    outer loop
      vertex 0.855165 8.49196 12.5243
      vertex -0.855165 8.48648 12.5177
      vertex 0.855165 8.48648 12.5177
    endloop
  endfacet
  facet normal 0 -0.846317 0.53268
    outer loop
      vertex -0.855165 8.49196 12.5243
      vertex 0.855165 8.75085 12.9356
      vertex -0.855165 8.75085 12.9356
    endloop
  endfacet
  facet normal 0 -0.846317 0.53268
    outer loop
      vertex 0.855165 8.75085 12.9356
      vertex -0.855165 8.49196 12.5243
      vertex 0.855165 8.49196 12.5243
    endloop
  endfacet
  facet normal 0 -0.687335 0.72634
    outer loop
      vertex 0.955165 8.97418 13.147
      vertex 0.855165 8.77377 12.9573
      vertex 0.955165 8.77377 12.9573
    endloop
  endfacet
  facet normal 0 -0.687328 0.726347
    outer loop
      vertex 0.855165 8.77377 12.9573
      vertex -0.855165 8.77377 12.9573
      vertex 0.855165 8.75085 12.9356
    endloop
  endfacet
  facet normal 0 -0.687335 0.72634
    outer loop
      vertex 0.955165 8.97418 13.147
      vertex -0.855165 8.77377 12.9573
      vertex 0.855165 8.77377 12.9573
    endloop
  endfacet
  facet normal 0 -0.687335 0.72634
    outer loop
      vertex -0.955165 8.97418 13.147
      vertex -0.855165 8.77377 12.9573
      vertex 0.955165 8.97418 13.147
    endloop
  endfacet
  facet normal 0 -0.687335 0.72634
    outer loop
      vertex -0.855165 8.77377 12.9573
      vertex -0.955165 8.97418 13.147
      vertex -0.955165 8.77377 12.9573
    endloop
  endfacet
  facet normal 0 -0.687328 0.726347
    outer loop
      vertex 0.855165 8.75085 12.9356
      vertex -0.855165 8.77377 12.9573
      vertex -0.855165 8.75085 12.9356
    endloop
  endfacet
  facet normal 0 -0.425573 0.904924
    outer loop
      vertex -0.955165 9.23248 13.2684
      vertex 0.955165 8.97418 13.147
      vertex 0.955165 9.23248 13.2684
    endloop
  endfacet
  facet normal 0 -0.425573 0.904924
    outer loop
      vertex 0.955165 8.97418 13.147
      vertex -0.955165 9.23248 13.2684
      vertex -0.955165 8.97418 13.147
    endloop
  endfacet
  facet normal 0 -0.251137 0.967951
    outer loop
      vertex -0.955165 9.60094 13.364
      vertex 0.955165 9.23248 13.2684
      vertex 0.955165 9.60094 13.364
    endloop
  endfacet
  facet normal 0 -0.251137 0.967951
    outer loop
      vertex 0.955165 9.23248 13.2684
      vertex -0.955165 9.60094 13.364
      vertex -0.955165 9.23248 13.2684
    endloop
  endfacet
  facet normal 0 -0.410043 0.912066
    outer loop
      vertex -0.955165 9.85831 13.4797
      vertex 0.955165 9.60094 13.364
      vertex 0.955165 9.85831 13.4797
    endloop
  endfacet
  facet normal 0 -0.410043 0.912066
    outer loop
      vertex 0.955165 9.60094 13.364
      vertex -0.955165 9.85831 13.4797
      vertex -0.955165 9.60094 13.364
    endloop
  endfacet
  facet normal 0 -0.676946 0.736033
    outer loop
      vertex 0.855165 10.051 13.657
      vertex -0.855165 10.051 13.657
      vertex 0.855165 10.0425 13.6492
    endloop
  endfacet
  facet normal 0 -0.676945 0.736033
    outer loop
      vertex 0.855165 10.0425 13.6492
      vertex 0.955165 9.85831 13.4797
      vertex 0.955165 10.0425 13.6492
    endloop
  endfacet
  facet normal 0 -0.676946 0.736033
    outer loop
      vertex -0.855165 10.0425 13.6492
      vertex 0.855165 10.0425 13.6492
      vertex -0.855165 10.051 13.657
    endloop
  endfacet
  facet normal 0 -0.676945 0.736033
    outer loop
      vertex 0.855165 10.0425 13.6492
      vertex -0.855165 10.0425 13.6492
      vertex 0.955165 9.85831 13.4797
    endloop
  endfacet
  facet normal 0 -0.676945 0.736033
    outer loop
      vertex -0.955165 9.85831 13.4797
      vertex -0.855165 10.0425 13.6492
      vertex -0.955165 10.0425 13.6492
    endloop
  endfacet
  facet normal 0 -0.676945 0.736033
    outer loop
      vertex -0.855165 10.0425 13.6492
      vertex -0.955165 9.85831 13.4797
      vertex 0.955165 9.85831 13.4797
    endloop
  endfacet
  facet normal 0 -0.887141 0.461499
    outer loop
      vertex -0.855165 10.051 13.657
      vertex 0.855165 10.1665 13.879
      vertex -0.855165 10.1665 13.879
    endloop
  endfacet
  facet normal 0 -0.887141 0.461499
    outer loop
      vertex 0.855165 10.1665 13.879
      vertex -0.855165 10.051 13.657
      vertex 0.855165 10.051 13.657
    endloop
  endfacet
  facet normal 0 -0.994797 0.101879
    outer loop
      vertex -0.855165 10.1665 13.879
      vertex 0.855165 10.1921 14.1288
      vertex -0.855165 10.1921 14.1288
    endloop
  endfacet
  facet normal 0 -0.994797 0.101879
    outer loop
      vertex 0.855165 10.1921 14.1288
      vertex -0.855165 10.1665 13.879
      vertex 0.855165 10.1665 13.879
    endloop
  endfacet
  facet normal 0 -0.999999 -0.00139453
    outer loop
      vertex -0.855165 10.1921 14.1288
      vertex 0.855165 10.1911 14.8838
      vertex -0.855165 10.1911 14.8838
    endloop
  endfacet
  facet normal 0 -0.999999 -0.00139453
    outer loop
      vertex 0.855165 10.1911 14.8838
      vertex -0.855165 10.1921 14.1288
      vertex 0.855165 10.1921 14.1288
    endloop
  endfacet
  facet normal 0 -0.974895 0.222667
    outer loop
      vertex -0.855165 10.1911 14.8838
      vertex 0.855165 10.2512 15.147
      vertex -0.855165 10.2512 15.147
    endloop
  endfacet
  facet normal 0 -0.974895 0.222667
    outer loop
      vertex 0.855165 10.2512 15.147
      vertex -0.855165 10.1911 14.8838
      vertex 0.855165 10.1911 14.8838
    endloop
  endfacet
  facet normal 0 -0.872452 0.4887
    outer loop
      vertex -0.855165 10.2512 15.147
      vertex 0.855165 10.3298 15.2874
      vertex -0.855165 10.3298 15.2874
    endloop
  endfacet
  facet normal 0 -0.872452 0.4887
    outer loop
      vertex 0.855165 10.3298 15.2874
      vertex -0.855165 10.2512 15.147
      vertex 0.855165 10.2512 15.147
    endloop
  endfacet
  facet normal 0 -0.872452 0.488701
    outer loop
      vertex -0.855165 10.3298 15.2874
      vertex -0.955165 10.378 15.3734
      vertex -0.955165 10.3298 15.2874
    endloop
  endfacet
  facet normal 0 -0.872452 0.488701
    outer loop
      vertex -0.955165 10.378 15.3734
      vertex -0.855165 10.3298 15.2874
      vertex 0.955165 10.378 15.3734
    endloop
  endfacet
  facet normal 0 -0.872452 0.488701
    outer loop
      vertex 0.855165 10.3298 15.2874
      vertex 0.955165 10.378 15.3734
      vertex -0.855165 10.3298 15.2874
    endloop
  endfacet
  facet normal 0 -0.872452 0.488701
    outer loop
      vertex 0.955165 10.378 15.3734
      vertex 0.855165 10.3298 15.2874
      vertex 0.955165 10.3298 15.2874
    endloop
  endfacet
  facet normal 0 -0.690516 0.723317
    outer loop
      vertex -0.955165 10.559 15.5462
      vertex 0.955165 10.378 15.3734
      vertex 0.955165 10.559 15.5462
    endloop
  endfacet
  facet normal 0 -0.690516 0.723317
    outer loop
      vertex 0.955165 10.378 15.3734
      vertex -0.955165 10.559 15.5462
      vertex -0.955165 10.378 15.3734
    endloop
  endfacet
  facet normal 0 -0.417767 0.908554
    outer loop
      vertex -0.955165 10.7817 15.6486
      vertex 0.955165 10.559 15.5462
      vertex 0.955165 10.7817 15.6486
    endloop
  endfacet
  facet normal 0 -0.417767 0.908554
    outer loop
      vertex 0.955165 10.559 15.5462
      vertex -0.955165 10.7817 15.6486
      vertex -0.955165 10.559 15.5462
    endloop
  endfacet
  facet normal 0 -0.224075 0.974572
    outer loop
      vertex -0.955165 11.1931 15.7432
      vertex 0.955165 10.7817 15.6486
      vertex 0.955165 11.1931 15.7432
    endloop
  endfacet
  facet normal 0 -0.224075 0.974572
    outer loop
      vertex 0.955165 10.7817 15.6486
      vertex -0.955165 11.1931 15.7432
      vertex -0.955165 10.7817 15.6486
    endloop
  endfacet
  facet normal 0 -0.43298 0.901404
    outer loop
      vertex -0.955165 11.441 15.8623
      vertex 0.955165 11.1931 15.7432
      vertex 0.955165 11.441 15.8623
    endloop
  endfacet
  facet normal 0 -0.43298 0.901404
    outer loop
      vertex 0.955165 11.1931 15.7432
      vertex -0.955165 11.441 15.8623
      vertex -0.955165 11.1931 15.7432
    endloop
  endfacet
  facet normal 0 -0.665735 0.746188
    outer loop
      vertex 0.855165 11.632 16.0327
      vertex -0.855165 11.632 16.0327
      vertex 0.855165 11.5985 16.0029
    endloop
  endfacet
  facet normal 0 -0.665741 0.746183
    outer loop
      vertex 0.855165 11.5985 16.0029
      vertex 0.955165 11.441 15.8623
      vertex 0.955165 11.5985 16.0029
    endloop
  endfacet
  facet normal 0 -0.665735 0.746188
    outer loop
      vertex -0.855165 11.5985 16.0029
      vertex 0.855165 11.5985 16.0029
      vertex -0.855165 11.632 16.0327
    endloop
  endfacet
  facet normal 0 -0.665741 0.746183
    outer loop
      vertex 0.855165 11.5985 16.0029
      vertex -0.855165 11.5985 16.0029
      vertex 0.955165 11.441 15.8623
    endloop
  endfacet
  facet normal 0 -0.665741 0.746183
    outer loop
      vertex -0.955165 11.441 15.8623
      vertex -0.855165 11.5985 16.0029
      vertex -0.955165 11.5985 16.0029
    endloop
  endfacet
  facet normal 0 -0.665741 0.746183
    outer loop
      vertex -0.855165 11.5985 16.0029
      vertex -0.955165 11.441 15.8623
      vertex 0.955165 11.441 15.8623
    endloop
  endfacet
  facet normal 0 -0.849456 0.52766
    outer loop
      vertex -0.855165 11.632 16.0327
      vertex 0.855165 11.7546 16.2301
      vertex -0.855165 11.7546 16.2301
    endloop
  endfacet
  facet normal 0 -0.849456 0.52766
    outer loop
      vertex 0.855165 11.7546 16.2301
      vertex -0.855165 11.632 16.0327
      vertex 0.855165 11.632 16.0327
    endloop
  endfacet
  facet normal 0 -0.977684 0.210083
    outer loop
      vertex -0.855165 11.7546 16.2301
      vertex 0.855165 11.7977 16.4305
      vertex -0.855165 11.7977 16.4305
    endloop
  endfacet
  facet normal 0 -0.977684 0.210083
    outer loop
      vertex 0.855165 11.7977 16.4305
      vertex -0.855165 11.7546 16.2301
      vertex 0.855165 11.7546 16.2301
    endloop
  endfacet
  facet normal 0 -0.993253 0.11597
    outer loop
      vertex -0.855165 11.7977 16.4305
      vertex 0.855165 11.8212 16.6323
      vertex -0.855165 11.8212 16.6323
    endloop
  endfacet
  facet normal 0 -0.993253 0.11597
    outer loop
      vertex 0.855165 11.8212 16.6323
      vertex -0.855165 11.7977 16.4305
      vertex 0.855165 11.7977 16.4305
    endloop
  endfacet
  facet normal 0 -0.943658 0.330923
    outer loop
      vertex -0.855165 11.8212 16.6323
      vertex 0.855165 11.8858 16.8165
      vertex -0.855165 11.8858 16.8165
    endloop
  endfacet
  facet normal 0 -0.943658 0.330923
    outer loop
      vertex 0.855165 11.8858 16.8165
      vertex -0.855165 11.8212 16.6323
      vertex 0.855165 11.8212 16.6323
    endloop
  endfacet
  facet normal 0 -0.943655 0.33093
    outer loop
      vertex -0.855165 11.8858 16.8165
      vertex -0.955165 11.8891 16.8258
      vertex -0.955165 11.8858 16.8165
    endloop
  endfacet
  facet normal 0 -0.943655 0.33093
    outer loop
      vertex -0.955165 11.8891 16.8258
      vertex -0.855165 11.8858 16.8165
      vertex 0.955165 11.8891 16.8258
    endloop
  endfacet
  facet normal 0 -0.943655 0.33093
    outer loop
      vertex 0.855165 11.8858 16.8165
      vertex 0.955165 11.8891 16.8258
      vertex -0.855165 11.8858 16.8165
    endloop
  endfacet
  facet normal 0 -0.943655 0.33093
    outer loop
      vertex 0.955165 11.8891 16.8258
      vertex 0.855165 11.8858 16.8165
      vertex 0.955165 11.8858 16.8165
    endloop
  endfacet
  facet normal 0 -0.857306 0.514808
    outer loop
      vertex -0.955165 11.8891 16.8258
      vertex 0.955165 11.9965 17.0047
      vertex -0.955165 11.9965 17.0047
    endloop
  endfacet
  facet normal 0 -0.857306 0.514808
    outer loop
      vertex 0.955165 11.9965 17.0047
      vertex -0.955165 11.8891 16.8258
      vertex 0.955165 11.8891 16.8258
    endloop
  endfacet
  facet normal 0 -0.742994 0.669298
    outer loop
      vertex -0.955165 11.9965 17.0047
      vertex 0.955165 12.1387 17.1625
      vertex -0.955165 12.1387 17.1625
    endloop
  endfacet
  facet normal 0 -0.742994 0.669298
    outer loop
      vertex 0.955165 12.1387 17.1625
      vertex -0.955165 11.9965 17.0047
      vertex 0.955165 11.9965 17.0047
    endloop
  endfacet
  facet normal 0 -0.603858 0.797092
    outer loop
      vertex -0.955165 12.3109 17.293
      vertex 0.955165 12.1387 17.1625
      vertex 0.955165 12.3109 17.293
    endloop
  endfacet
  facet normal 0 -0.603858 0.797092
    outer loop
      vertex 0.955165 12.1387 17.1625
      vertex -0.955165 12.3109 17.293
      vertex -0.955165 12.1387 17.1625
    endloop
  endfacet
  facet normal 0 -0.439841 0.898076
    outer loop
      vertex -0.955165 12.5083 17.3896
      vertex 0.955165 12.3109 17.293
      vertex 0.955165 12.5083 17.3896
    endloop
  endfacet
  facet normal 0 -0.439841 0.898076
    outer loop
      vertex 0.955165 12.3109 17.293
      vertex -0.955165 12.5083 17.3896
      vertex -0.955165 12.3109 17.293
    endloop
  endfacet
  facet normal 0 -0.251233 0.967927
    outer loop
      vertex -0.955165 12.7262 17.4462
      vertex 0.955165 12.5083 17.3896
      vertex 0.955165 12.7262 17.4462
    endloop
  endfacet
  facet normal 0 -0.251233 0.967927
    outer loop
      vertex 0.955165 12.5083 17.3896
      vertex -0.955165 12.7262 17.4462
      vertex -0.955165 12.5083 17.3896
    endloop
  endfacet
  facet normal 0 -0.0430635 0.999072
    outer loop
      vertex -0.955165 12.9599 17.4563
      vertex 0.955165 12.7262 17.4462
      vertex 0.955165 12.9599 17.4563
    endloop
  endfacet
  facet normal 0 -0.0430635 0.999072
    outer loop
      vertex 0.955165 12.7262 17.4462
      vertex -0.955165 12.9599 17.4563
      vertex -0.955165 12.7262 17.4462
    endloop
  endfacet
  facet normal -0 0 1
    outer loop
      vertex -0.955165 14.9918 17.4563
      vertex 0.955165 12.9599 17.4563
      vertex 0.955165 14.9918 17.4563
    endloop
  endfacet
  facet normal 0 0 1
    outer loop
      vertex 0.955165 12.9599 17.4563
      vertex -0.955165 14.9918 17.4563
      vertex -0.955165 12.9599 17.4563
    endloop
  endfacet
  facet normal -0 0.0424573 0.999098
    outer loop
      vertex -0.955165 15.2288 17.4462
      vertex 0.955165 14.9918 17.4563
      vertex 0.955165 15.2288 17.4462
    endloop
  endfacet
  facet normal 0 0.0424573 0.999098
    outer loop
      vertex 0.955165 14.9918 17.4563
      vertex -0.955165 15.2288 17.4462
      vertex -0.955165 14.9918 17.4563
    endloop
  endfacet
  facet normal -0 0.248525 0.968625
    outer loop
      vertex -0.955165 15.4492 17.3896
      vertex 0.955165 15.2288 17.4462
      vertex 0.955165 15.4492 17.3896
    endloop
  endfacet
  facet normal 0 0.248525 0.968625
    outer loop
      vertex 0.955165 15.2288 17.4462
      vertex -0.955165 15.4492 17.3896
      vertex -0.955165 15.2288 17.4462
    endloop
  endfacet
  facet normal -0 0.436519 0.899695
    outer loop
      vertex -0.955165 15.6485 17.293
      vertex 0.955165 15.4492 17.3896
      vertex 0.955165 15.6485 17.293
    endloop
  endfacet
  facet normal 0 0.436519 0.899695
    outer loop
      vertex 0.955165 15.4492 17.3896
      vertex -0.955165 15.6485 17.293
      vertex -0.955165 15.4492 17.3896
    endloop
  endfacet
  facet normal -0 0.601079 0.799189
    outer loop
      vertex -0.955165 15.822 17.1625
      vertex 0.955165 15.6485 17.293
      vertex 0.955165 15.822 17.1625
    endloop
  endfacet
  facet normal 0 0.601079 0.799189
    outer loop
      vertex 0.955165 15.6485 17.293
      vertex -0.955165 15.822 17.1625
      vertex -0.955165 15.6485 17.293
    endloop
  endfacet
  facet normal 0 0.741174 0.671313
    outer loop
      vertex 0.955165 15.965 17.0047
      vertex -0.955165 15.822 17.1625
      vertex 0.955165 15.822 17.1625
    endloop
  endfacet
  facet normal 0 0.741174 0.671313
    outer loop
      vertex -0.955165 15.822 17.1625
      vertex 0.955165 15.965 17.0047
      vertex -0.955165 15.965 17.0047
    endloop
  endfacet
  facet normal 0 0.856434 0.516257
    outer loop
      vertex 0.955165 16.0728 16.8258
      vertex -0.955165 15.965 17.0047
      vertex 0.955165 15.965 17.0047
    endloop
  endfacet
  facet normal 0 0.856434 0.516257
    outer loop
      vertex -0.955165 15.965 17.0047
      vertex 0.955165 16.0728 16.8258
      vertex -0.955165 16.0728 16.8258
    endloop
  endfacet
  facet normal 0 0.943398 0.331664
    outer loop
      vertex 0.855165 16.1408 16.6323
      vertex -0.855165 16.1325 16.6559
      vertex 0.855165 16.1325 16.6559
    endloop
  endfacet
  facet normal 0 0.943398 0.331664
    outer loop
      vertex -0.855165 16.1325 16.6559
      vertex 0.855165 16.1408 16.6323
      vertex -0.855165 16.1408 16.6323
    endloop
  endfacet
  facet normal -0 0.943402 0.331651
    outer loop
      vertex 0.855165 16.1325 16.6559
      vertex 0.955165 16.0728 16.8258
      vertex 0.955165 16.1325 16.6559
    endloop
  endfacet
  facet normal 0 0.943402 0.331651
    outer loop
      vertex 0.955165 16.0728 16.8258
      vertex 0.855165 16.1325 16.6559
      vertex -0.955165 16.0728 16.8258
    endloop
  endfacet
  facet normal -0 0.943402 0.331651
    outer loop
      vertex -0.855165 16.1325 16.6559
      vertex -0.955165 16.0728 16.8258
      vertex 0.855165 16.1325 16.6559
    endloop
  endfacet
  facet normal 0 0.943402 0.331651
    outer loop
      vertex -0.955165 16.0728 16.8258
      vertex -0.855165 16.1325 16.6559
      vertex -0.955165 16.1325 16.6559
    endloop
  endfacet
  facet normal 0 0.993261 0.115896
    outer loop
      vertex 0.855165 16.1643 16.4305
      vertex -0.855165 16.1408 16.6323
      vertex 0.855165 16.1408 16.6323
    endloop
  endfacet
  facet normal 0 0.993261 0.115896
    outer loop
      vertex -0.855165 16.1408 16.6323
      vertex 0.855165 16.1643 16.4305
      vertex -0.855165 16.1643 16.4305
    endloop
  endfacet
  facet normal 0 0.978412 0.206664
    outer loop
      vertex 0.855165 16.2067 16.2301
      vertex -0.855165 16.1643 16.4305
      vertex 0.855165 16.1643 16.4305
    endloop
  endfacet
  facet normal 0 0.978412 0.206664
    outer loop
      vertex -0.855165 16.1643 16.4305
      vertex 0.855165 16.2067 16.2301
      vertex -0.855165 16.2067 16.2301
    endloop
  endfacet
  facet normal 0 0.860342 0.509717
    outer loop
      vertex 0.855165 16.3237 16.0327
      vertex -0.855165 16.2067 16.2301
      vertex 0.855165 16.2067 16.2301
    endloop
  endfacet
  facet normal 0 0.860342 0.509717
    outer loop
      vertex -0.855165 16.2067 16.2301
      vertex 0.855165 16.3237 16.0327
      vertex -0.855165 16.3237 16.0327
    endloop
  endfacet
  facet normal 0 0.696643 0.717418
    outer loop
      vertex 0.955165 16.4991 15.8623
      vertex 0.855165 16.4198 15.9393
      vertex 0.955165 16.4198 15.9393
    endloop
  endfacet
  facet normal 0 0.696643 0.717418
    outer loop
      vertex 0.855165 16.4198 15.9393
      vertex -0.855165 16.4198 15.9393
      vertex 0.855165 16.3237 16.0327
    endloop
  endfacet
  facet normal 0 0.696643 0.717418
    outer loop
      vertex 0.955165 16.4991 15.8623
      vertex -0.855165 16.4198 15.9393
      vertex 0.855165 16.4198 15.9393
    endloop
  endfacet
  facet normal -0 0.696643 0.717418
    outer loop
      vertex -0.955165 16.4991 15.8623
      vertex -0.855165 16.4198 15.9393
      vertex 0.955165 16.4991 15.8623
    endloop
  endfacet
  facet normal 0 0.696643 0.717418
    outer loop
      vertex -0.855165 16.4198 15.9393
      vertex -0.955165 16.4991 15.8623
      vertex -0.955165 16.4198 15.9393
    endloop
  endfacet
  facet normal 0 0.696643 0.717418
    outer loop
      vertex 0.855165 16.3237 16.0327
      vertex -0.855165 16.4198 15.9393
      vertex -0.855165 16.3237 16.0327
    endloop
  endfacet
  facet normal -0 0.479994 0.877272
    outer loop
      vertex -0.955165 16.7168 15.7432
      vertex 0.955165 16.4991 15.8623
      vertex 0.955165 16.7168 15.7432
    endloop
  endfacet
  facet normal 0 0.479994 0.877272
    outer loop
      vertex 0.955165 16.4991 15.8623
      vertex -0.955165 16.7168 15.7432
      vertex -0.955165 16.4991 15.8623
    endloop
  endfacet
  facet normal -0 0.224336 0.974512
    outer loop
      vertex -0.955165 17.1276 15.6486
      vertex 0.955165 16.7168 15.7432
      vertex 0.955165 17.1276 15.6486
    endloop
  endfacet
  facet normal 0 0.224336 0.974512
    outer loop
      vertex 0.955165 16.7168 15.7432
      vertex -0.955165 17.1276 15.6486
      vertex -0.955165 16.7168 15.7432
    endloop
  endfacet
  facet normal -0 0.376228 0.926527
    outer loop
      vertex -0.955165 17.3798 15.5462
      vertex 0.955165 17.1276 15.6486
      vertex 0.955165 17.3798 15.5462
    endloop
  endfacet
  facet normal 0 0.376228 0.926527
    outer loop
      vertex 0.955165 17.1276 15.6486
      vertex -0.955165 17.3798 15.5462
      vertex -0.955165 17.1276 15.6486
    endloop
  endfacet
  facet normal -0 0.671214 0.741263
    outer loop
      vertex -0.955165 17.5706 15.3734
      vertex 0.955165 17.3798 15.5462
      vertex 0.955165 17.5706 15.3734
    endloop
  endfacet
  facet normal 0 0.671214 0.741263
    outer loop
      vertex 0.955165 17.3798 15.5462
      vertex -0.955165 17.5706 15.3734
      vertex -0.955165 17.3798 15.5462
    endloop
  endfacet
  facet normal 0 0.888421 0.459029
    outer loop
      vertex 0.955165 17.6876 15.147
      vertex -0.955165 17.5706 15.3734
      vertex 0.955165 17.5706 15.3734
    endloop
  endfacet
  facet normal 0 0.888421 0.459029
    outer loop
      vertex -0.955165 17.5706 15.3734
      vertex 0.955165 17.6876 15.147
      vertex -0.955165 17.6876 15.147
    endloop
  endfacet
  facet normal 0 0.99329 0.115652
    outer loop
      vertex 0.955165 17.7182 14.8838
      vertex -0.955165 17.6876 15.147
      vertex 0.955165 17.6876 15.147
    endloop
  endfacet
  facet normal 0 0.99329 0.115652
    outer loop
      vertex -0.955165 17.6876 15.147
      vertex 0.955165 17.7182 14.8838
      vertex -0.955165 17.7182 14.8838
    endloop
  endfacet
  facet normal 0 1 -0
    outer loop
      vertex 0.955165 17.7182 14.1288
      vertex -0.955165 17.7182 14.8838
      vertex 0.955165 17.7182 14.8838
    endloop
  endfacet
  facet normal 0 1 0
    outer loop
      vertex -0.955165 17.7182 14.8838
      vertex 0.955165 17.7182 14.1288
      vertex -0.955165 17.7182 14.1288
    endloop
  endfacet
  facet normal 0 0.975913 0.218159
    outer loop
      vertex 0.955165 17.7739 13.8798
      vertex -0.955165 17.7182 14.1288
      vertex 0.955165 17.7182 14.1288
    endloop
  endfacet
  facet normal 0 0.975913 0.218159
    outer loop
      vertex -0.955165 17.7182 14.1288
      vertex 0.955165 17.7739 13.8798
      vertex -0.955165 17.7739 13.8798
    endloop
  endfacet
  facet normal 0 0.870314 0.492497
    outer loop
      vertex 0.855165 17.8991 13.6585
      vertex -0.855165 17.8084 13.8189
      vertex 0.855165 17.8084 13.8189
    endloop
  endfacet
  facet normal 0 0.870314 0.492497
    outer loop
      vertex -0.855165 17.8084 13.8189
      vertex 0.855165 17.8991 13.6585
      vertex -0.855165 17.8991 13.6585
    endloop
  endfacet
  facet normal -0 0.870316 0.492494
    outer loop
      vertex 0.855165 17.8084 13.8189
      vertex 0.955165 17.7739 13.8798
      vertex 0.955165 17.8084 13.8189
    endloop
  endfacet
  facet normal 0 0.870316 0.492494
    outer loop
      vertex 0.955165 17.7739 13.8798
      vertex 0.855165 17.8084 13.8189
      vertex -0.955165 17.7739 13.8798
    endloop
  endfacet
  facet normal -0 0.870316 0.492494
    outer loop
      vertex -0.855165 17.8084 13.8189
      vertex -0.955165 17.7739 13.8798
      vertex 0.855165 17.8084 13.8189
    endloop
  endfacet
  facet normal 0 0.870316 0.492494
    outer loop
      vertex -0.955165 17.7739 13.8798
      vertex -0.855165 17.8084 13.8189
      vertex -0.955165 17.8084 13.8189
    endloop
  endfacet
  facet normal -0 0.696458 0.717597
    outer loop
      vertex -0.855165 18.0815 13.4816
      vertex 0.855165 17.8991 13.6585
      vertex 0.855165 18.0815 13.4816
    endloop
  endfacet
  facet normal 0 0.696458 0.717597
    outer loop
      vertex 0.855165 17.8991 13.6585
      vertex -0.855165 18.0815 13.4816
      vertex -0.855165 17.8991 13.6585
    endloop
  endfacet
  facet normal 0 0.455195 0.890392
    outer loop
      vertex 0.955165 18.3084 13.3656
      vertex 0.855165 18.0957 13.4743
      vertex 0.955165 18.0957 13.4743
    endloop
  endfacet
  facet normal 0 0.45519 0.890394
    outer loop
      vertex 0.855165 18.0957 13.4743
      vertex -0.855165 18.0957 13.4743
      vertex 0.855165 18.0815 13.4816
    endloop
  endfacet
  facet normal 0 0.455195 0.890392
    outer loop
      vertex 0.955165 18.3084 13.3656
      vertex -0.855165 18.0957 13.4743
      vertex 0.855165 18.0957 13.4743
    endloop
  endfacet
  facet normal -0 0.455195 0.890392
    outer loop
      vertex -0.955165 18.3084 13.3656
      vertex -0.855165 18.0957 13.4743
      vertex 0.955165 18.3084 13.3656
    endloop
  endfacet
  facet normal 0 0.455195 0.890392
    outer loop
      vertex -0.855165 18.0957 13.4743
      vertex -0.955165 18.3084 13.3656
      vertex -0.955165 18.0957 13.4743
    endloop
  endfacet
  facet normal 0 0.45519 0.890394
    outer loop
      vertex 0.855165 18.0815 13.4816
      vertex -0.855165 18.0957 13.4743
      vertex -0.855165 18.0815 13.4816
    endloop
  endfacet
  facet normal -0 0.227803 0.973707
    outer loop
      vertex -0.955165 18.7192 13.2695
      vertex 0.955165 18.3084 13.3656
      vertex 0.955165 18.7192 13.2695
    endloop
  endfacet
  facet normal 0 0.227803 0.973707
    outer loop
      vertex 0.955165 18.3084 13.3656
      vertex -0.955165 18.7192 13.2695
      vertex -0.955165 18.3084 13.3656
    endloop
  endfacet
  facet normal -0 0.405616 0.914044
    outer loop
      vertex -0.955165 18.9618 13.1618
      vertex 0.955165 18.7192 13.2695
      vertex 0.955165 18.9618 13.1618
    endloop
  endfacet
  facet normal 0 0.405616 0.914044
    outer loop
      vertex 0.955165 18.7192 13.2695
      vertex -0.955165 18.9618 13.1618
      vertex -0.955165 18.7192 13.2695
    endloop
  endfacet
  facet normal -0 0.690378 0.723449
    outer loop
      vertex -0.955165 19.1494 12.9828
      vertex 0.955165 18.9618 13.1618
      vertex 0.955165 19.1494 12.9828
    endloop
  endfacet
  facet normal 0 0.690378 0.723449
    outer loop
      vertex 0.955165 18.9618 13.1618
      vertex -0.955165 19.1494 12.9828
      vertex -0.955165 18.9618 13.1618
    endloop
  endfacet
  facet normal 0 0.892261 0.45152
    outer loop
      vertex 0.955165 19.2695 12.7453
      vertex -0.955165 19.1494 12.9828
      vertex 0.955165 19.1494 12.9828
    endloop
  endfacet
  facet normal 0 0.892261 0.45152
    outer loop
      vertex -0.955165 19.1494 12.9828
      vertex 0.955165 19.2695 12.7453
      vertex -0.955165 19.2695 12.7453
    endloop
  endfacet
  facet normal 0 0.990001 0.141063
    outer loop
      vertex 0.955165 19.3099 12.4623
      vertex -0.955165 19.2695 12.7453
      vertex 0.955165 19.2695 12.7453
    endloop
  endfacet
  facet normal 0 0.990001 0.141063
    outer loop
      vertex -0.955165 19.2695 12.7453
      vertex 0.955165 19.3099 12.4623
      vertex -0.955165 19.3099 12.4623
    endloop
  endfacet
  facet normal 0 0.999997 -0.00244326
    outer loop
      vertex 0.955165 19.3052 10.5575
      vertex -0.955165 19.3099 12.4623
      vertex 0.955165 19.3099 12.4623
    endloop
  endfacet
  facet normal 0 0.999997 -0.00244326
    outer loop
      vertex -0.955165 19.3099 12.4623
      vertex 0.955165 19.3052 10.5575
      vertex -0.955165 19.3052 10.5575
    endloop
  endfacet
  facet normal -0 0 1
    outer loop
      vertex -0.955165 20.3212 10.5575
      vertex 0.955165 19.3052 10.5575
      vertex 0.955165 20.3212 10.5575
    endloop
  endfacet
  facet normal 0 0 1
    outer loop
      vertex 0.955165 19.3052 10.5575
      vertex -0.955165 20.3212 10.5575
      vertex -0.955165 19.3052 10.5575
    endloop
  endfacet
  facet normal -0 0.489404 0.872057
    outer loop
      vertex -0.955165 24.8423 8.02017
      vertex 0.955165 20.3212 10.5575
      vertex 0.955165 24.8423 8.02017
    endloop
  endfacet
  facet normal 0 0.489404 0.872057
    outer loop
      vertex 0.955165 20.3212 10.5575
      vertex -0.955165 24.8423 8.02017
      vertex -0.955165 20.3212 10.5575
    endloop
  endfacet
  facet normal -0 0.544075 0.839036
    outer loop
      vertex -0.955165 25.0272 7.9003
      vertex 0.955165 24.8423 8.02017
      vertex 0.955165 25.0272 7.9003
    endloop
  endfacet
  facet normal 0 0.544075 0.839036
    outer loop
      vertex 0.955165 24.8423 8.02017
      vertex -0.955165 25.0272 7.9003
      vertex -0.955165 24.8423 8.02017
    endloop
  endfacet
  facet normal 0 0.714459 0.699677
    outer loop
      vertex 0.955165 25.1904 7.73363
      vertex -0.955165 25.0272 7.9003
      vertex 0.955165 25.0272 7.9003
    endloop
  endfacet
  facet normal 0 0.714459 0.699677
    outer loop
      vertex -0.955165 25.0272 7.9003
      vertex 0.955165 25.1904 7.73363
      vertex -0.955165 25.1904 7.73363
    endloop
  endfacet
  facet normal 0 0.860592 0.509295
    outer loop
      vertex 0.955165 25.3311 7.49592
      vertex -0.955165 25.1904 7.73363
      vertex 0.955165 25.1904 7.73363
    endloop
  endfacet
  facet normal 0 0.860592 0.509295
    outer loop
      vertex -0.955165 25.1904 7.73363
      vertex 0.955165 25.3311 7.49592
      vertex -0.955165 25.3311 7.49592
    endloop
  endfacet
  facet normal 0 0.943287 0.331979
    outer loop
      vertex 0.955165 25.4483 7.16295
      vertex -0.955165 25.3311 7.49592
      vertex 0.955165 25.3311 7.49592
    endloop
  endfacet
  facet normal 0 0.943287 0.331979
    outer loop
      vertex -0.955165 25.3311 7.49592
      vertex 0.955165 25.4483 7.16295
      vertex -0.955165 25.4483 7.16295
    endloop
  endfacet
  facet normal 0 0.979624 0.200841
    outer loop
      vertex 0.955165 25.541 6.71051
      vertex -0.955165 25.4483 7.16295
      vertex 0.955165 25.4483 7.16295
    endloop
  endfacet
  facet normal 0 0.979624 0.200841
    outer loop
      vertex -0.955165 25.4483 7.16295
      vertex 0.955165 25.541 6.71051
      vertex -0.955165 25.541 6.71051
    endloop
  endfacet
  facet normal 0 0.99367 0.112338
    outer loop
      vertex 0.955165 25.6084 6.11435
      vertex -0.955165 25.541 6.71051
      vertex 0.955165 25.541 6.71051
    endloop
  endfacet
  facet normal 0 0.99367 0.112338
    outer loop
      vertex -0.955165 25.541 6.71051
      vertex 0.955165 25.6084 6.11435
      vertex -0.955165 25.6084 6.11435
    endloop
  endfacet
  facet normal 0 0.998554 0.0537614
    outer loop
      vertex 0.955165 25.6496 5.35026
      vertex -0.955165 25.6084 6.11435
      vertex 0.955165 25.6084 6.11435
    endloop
  endfacet
  facet normal 0 0.998554 0.0537614
    outer loop
      vertex -0.955165 25.6084 6.11435
      vertex 0.955165 25.6496 5.35026
      vertex -0.955165 25.6496 5.35026
    endloop
  endfacet
  facet normal 0 0.999894 0.0145377
    outer loop
      vertex 0.955165 25.6635 4.39418
      vertex -0.955165 25.6496 5.35026
      vertex 0.955165 25.6496 5.35026
    endloop
  endfacet
  facet normal 0 0.999894 0.0145377
    outer loop
      vertex -0.955165 25.6496 5.35026
      vertex 0.955165 25.6635 4.39418
      vertex -0.955165 25.6635 4.39418
    endloop
  endfacet
  facet normal 0 0.999894 -0.0145506
    outer loop
      vertex 0.955165 25.6496 3.4379
      vertex -0.955165 25.6635 4.39418
      vertex 0.955165 25.6635 4.39418
    endloop
  endfacet
  facet normal 0 0.999894 -0.0145506
    outer loop
      vertex -0.955165 25.6635 4.39418
      vertex 0.955165 25.6496 3.4379
      vertex -0.955165 25.6496 3.4379
    endloop
  endfacet
  facet normal 0 0.998556 -0.0537244
    outer loop
      vertex 0.955165 25.6084 2.67357
      vertex -0.955165 25.6496 3.4379
      vertex 0.955165 25.6496 3.4379
    endloop
  endfacet
  facet normal 0 0.998556 -0.0537244
    outer loop
      vertex -0.955165 25.6496 3.4379
      vertex 0.955165 25.6084 2.67357
      vertex -0.955165 25.6084 2.67357
    endloop
  endfacet
  facet normal 0 0.993681 -0.112244
    outer loop
      vertex 0.955165 25.541 2.07677
      vertex -0.955165 25.6084 2.67357
      vertex 0.955165 25.6084 2.67357
    endloop
  endfacet
  facet normal 0 0.993681 -0.112244
    outer loop
      vertex -0.955165 25.6084 2.67357
      vertex 0.955165 25.541 2.07677
      vertex -0.955165 25.541 2.07677
    endloop
  endfacet
  facet normal 0 0.979733 -0.200309
    outer loop
      vertex 0.955165 25.4483 1.62308
      vertex -0.955165 25.541 2.07677
      vertex 0.955165 25.541 2.07677
    endloop
  endfacet
  facet normal 0 0.979733 -0.200309
    outer loop
      vertex -0.955165 25.541 2.07677
      vertex 0.955165 25.4483 1.62308
      vertex -0.955165 25.4483 1.62308
    endloop
  endfacet
  facet normal 0 0.943929 -0.330149
    outer loop
      vertex 0.955165 25.3311 1.28807
      vertex -0.955165 25.4483 1.62308
      vertex 0.955165 25.4483 1.62308
    endloop
  endfacet
  facet normal 0 0.943929 -0.330149
    outer loop
      vertex -0.955165 25.4483 1.62308
      vertex 0.955165 25.3311 1.28807
      vertex -0.955165 25.3311 1.28807
    endloop
  endfacet
  facet normal 0 0.863404 -0.504514
    outer loop
      vertex 0.955165 25.1904 1.04733
      vertex -0.955165 25.3311 1.28807
      vertex 0.955165 25.3311 1.28807
    endloop
  endfacet
  facet normal 0 0.863404 -0.504514
    outer loop
      vertex -0.955165 25.3311 1.28807
      vertex 0.955165 25.1904 1.04733
      vertex -0.955165 25.1904 1.04733
    endloop
  endfacet
  facet normal 0 0.723128 -0.690714
    outer loop
      vertex 0.955165 25.0272 0.876449
      vertex -0.955165 25.1904 1.04733
      vertex 0.955165 25.1904 1.04733
    endloop
  endfacet
  facet normal 0 0.723128 -0.690714
    outer loop
      vertex -0.955165 25.1904 1.04733
      vertex 0.955165 25.0272 0.876449
      vertex -0.955165 25.0272 0.876449
    endloop
  endfacet
  facet normal 0 0.561553 -0.827441
    outer loop
      vertex -0.955165 24.8423 0.750991
      vertex 0.955165 25.0272 0.876449
      vertex 0.955165 24.8423 0.750991
    endloop
  endfacet
  facet normal 0 0.561553 -0.827441
    outer loop
      vertex 0.955165 25.0272 0.876449
      vertex -0.955165 24.8423 0.750991
      vertex -0.955165 25.0272 0.876449
    endloop
  endfacet
  facet normal 0 0.504121 -0.863633
    outer loop
      vertex -0.955165 20.3212 -1.88811
      vertex 0.955165 24.8423 0.750991
      vertex 0.955165 20.3212 -1.88811
    endloop
  endfacet
  facet normal 0 0.504121 -0.863633
    outer loop
      vertex 0.955165 24.8423 0.750991
      vertex -0.955165 20.3212 -1.88811
      vertex -0.955165 24.8423 0.750991
    endloop
  endfacet
  facet normal 0 0 -1
    outer loop
      vertex -0.955165 19.3052 -1.88811
      vertex 0.955165 20.3212 -1.88811
      vertex 0.955165 19.3052 -1.88811
    endloop
  endfacet
  facet normal -0 0 -1
    outer loop
      vertex 0.955165 20.3212 -1.88811
      vertex -0.955165 19.3052 -1.88811
      vertex -0.955165 20.3212 -1.88811
    endloop
  endfacet
  facet normal 0 0.999998 0.00195913
    outer loop
      vertex 0.955165 19.3088 -3.73399
      vertex -0.955165 19.3052 -1.88811
      vertex 0.955165 19.3052 -1.88811
    endloop
  endfacet
  facet normal 0 0.999998 0.00195913
    outer loop
      vertex -0.955165 19.3052 -1.88811
      vertex 0.955165 19.3088 -3.73399
      vertex -0.955165 19.3088 -3.73399
    endloop
  endfacet
  facet normal 0 0.986772 -0.162117
    outer loop
      vertex 0.955165 19.2681 -3.98225
      vertex -0.955165 19.3088 -3.73399
      vertex 0.955165 19.3088 -3.73399
    endloop
  endfacet
  facet normal 0 0.986772 -0.162117
    outer loop
      vertex -0.955165 19.3088 -3.73399
      vertex 0.955165 19.2681 -3.98225
      vertex -0.955165 19.2681 -3.98225
    endloop
  endfacet
  facet normal 0 0.878784 -0.47722
    outer loop
      vertex 0.955165 19.1479 -4.20345
      vertex -0.955165 19.2681 -3.98225
      vertex 0.955165 19.2681 -3.98225
    endloop
  endfacet
  facet normal 0 0.878784 -0.47722
    outer loop
      vertex -0.955165 19.2681 -3.98225
      vertex 0.955165 19.1479 -4.20345
      vertex -0.955165 19.1479 -4.20345
    endloop
  endfacet
  facet normal 0 0.688096 -0.72562
    outer loop
      vertex -0.955165 18.9609 -4.38084
      vertex 0.955165 19.1479 -4.20345
      vertex 0.955165 18.9609 -4.38084
    endloop
  endfacet
  facet normal 0 0.688096 -0.72562
    outer loop
      vertex 0.955165 19.1479 -4.20345
      vertex -0.955165 18.9609 -4.38084
      vertex -0.955165 19.1479 -4.20345
    endloop
  endfacet
  facet normal 0 0.43558 -0.90015
    outer loop
      vertex -0.955165 18.7192 -4.49777
      vertex 0.955165 18.9609 -4.38084
      vertex 0.955165 18.7192 -4.49777
    endloop
  endfacet
  facet normal 0 0.43558 -0.90015
    outer loop
      vertex 0.955165 18.9609 -4.38084
      vertex -0.955165 18.7192 -4.49777
      vertex -0.955165 18.9609 -4.38084
    endloop
  endfacet
  facet normal 0 0.226637 -0.973979
    outer loop
      vertex -0.955165 18.3084 -4.59337
      vertex 0.955165 18.7192 -4.49777
      vertex 0.955165 18.3084 -4.59337
    endloop
  endfacet
  facet normal 0 0.226637 -0.973979
    outer loop
      vertex 0.955165 18.7192 -4.49777
      vertex -0.955165 18.3084 -4.59337
      vertex -0.955165 18.7192 -4.49777
    endloop
  endfacet
  facet normal 0 0.422279 -0.906466
    outer loop
      vertex 0.855165 18.0805 -4.69952
      vertex -0.855165 18.0805 -4.69952
      vertex 0.855165 18.0957 -4.69247
    endloop
  endfacet
  facet normal 0 0.422277 -0.906467
    outer loop
      vertex 0.855165 18.0957 -4.69247
      vertex 0.955165 18.3084 -4.59337
      vertex 0.955165 18.0957 -4.69247
    endloop
  endfacet
  facet normal 0 0.422279 -0.906466
    outer loop
      vertex -0.855165 18.0957 -4.69247
      vertex 0.855165 18.0957 -4.69247
      vertex -0.855165 18.0805 -4.69952
    endloop
  endfacet
  facet normal 0 0.422277 -0.906467
    outer loop
      vertex 0.855165 18.0957 -4.69247
      vertex -0.855165 18.0957 -4.69247
      vertex 0.955165 18.3084 -4.59337
    endloop
  endfacet
  facet normal 0 0.422277 -0.906467
    outer loop
      vertex -0.955165 18.3084 -4.59337
      vertex -0.855165 18.0957 -4.69247
      vertex -0.955165 18.0957 -4.69247
    endloop
  endfacet
  facet normal 0 0.422277 -0.906467
    outer loop
      vertex -0.855165 18.0957 -4.69247
      vertex -0.955165 18.3084 -4.59337
      vertex 0.955165 18.3084 -4.59337
    endloop
  endfacet
  facet normal 0 0.689305 -0.724471
    outer loop
      vertex -0.855165 17.8976 -4.8736
      vertex 0.855165 18.0805 -4.69952
      vertex 0.855165 17.8976 -4.8736
    endloop
  endfacet
  facet normal 0 0.689305 -0.724471
    outer loop
      vertex 0.855165 18.0805 -4.69952
      vertex -0.855165 17.8976 -4.8736
      vertex -0.855165 18.0805 -4.69952
    endloop
  endfacet
  facet normal 0 0.873562 -0.486712
    outer loop
      vertex 0.955165 17.7721 -5.09877
      vertex 0.855165 17.8084 -5.0337
      vertex 0.955165 17.8084 -5.0337
    endloop
  endfacet
  facet normal 0 0.873562 -0.486712
    outer loop
      vertex 0.855165 17.8084 -5.0337
      vertex 0.955165 17.7721 -5.09877
      vertex -0.855165 17.8084 -5.0337
    endloop
  endfacet
  facet normal 0 0.873562 -0.486712
    outer loop
      vertex -0.955165 17.7721 -5.09877
      vertex -0.855165 17.8084 -5.0337
      vertex 0.955165 17.7721 -5.09877
    endloop
  endfacet
  facet normal 0 0.873562 -0.486712
    outer loop
      vertex -0.855165 17.8084 -5.0337
      vertex -0.955165 17.7721 -5.09877
      vertex -0.955165 17.8084 -5.0337
    endloop
  endfacet
  facet normal 0 0.873562 -0.486714
    outer loop
      vertex 0.855165 17.8084 -5.0337
      vertex -0.855165 17.8976 -4.8736
      vertex 0.855165 17.8976 -4.8736
    endloop
  endfacet
  facet normal 0 0.873562 -0.486714
    outer loop
      vertex -0.855165 17.8976 -4.8736
      vertex 0.855165 17.8084 -5.0337
      vertex -0.855165 17.8084 -5.0337
    endloop
  endfacet
  facet normal 0 0.977933 -0.20892
    outer loop
      vertex 0.955165 17.7167 -5.35818
      vertex -0.955165 17.7721 -5.09877
      vertex 0.955165 17.7721 -5.09877
    endloop
  endfacet
  facet normal 0 0.977933 -0.20892
    outer loop
      vertex -0.955165 17.7721 -5.09877
      vertex 0.955165 17.7167 -5.35818
      vertex -0.955165 17.7167 -5.35818
    endloop
  endfacet
  facet normal 0 0.999999 0.00141474
    outer loop
      vertex 0.955165 17.7178 -6.11317
      vertex -0.955165 17.7167 -5.35818
      vertex 0.955165 17.7167 -5.35818
    endloop
  endfacet
  facet normal 0 0.999999 0.00141474
    outer loop
      vertex -0.955165 17.7167 -5.35818
      vertex 0.955165 17.7178 -6.11317
      vertex -0.955165 17.7178 -6.11317
    endloop
  endfacet
  facet normal 0 0.992907 -0.118891
    outer loop
      vertex 0.955165 17.6874 -6.36702
      vertex -0.955165 17.7178 -6.11317
      vertex 0.955165 17.7178 -6.11317
    endloop
  endfacet
  facet normal 0 0.992907 -0.118891
    outer loop
      vertex -0.955165 17.7178 -6.11317
      vertex 0.955165 17.6874 -6.36702
      vertex -0.955165 17.6874 -6.36702
    endloop
  endfacet
  facet normal 0 0.886132 -0.463432
    outer loop
      vertex 0.955165 17.5705 -6.59042
      vertex -0.955165 17.6874 -6.36702
      vertex 0.955165 17.6874 -6.36702
    endloop
  endfacet
  facet normal 0 0.886132 -0.463432
    outer loop
      vertex -0.955165 17.6874 -6.36702
      vertex 0.955165 17.5705 -6.59042
      vertex -0.955165 17.5705 -6.59042
    endloop
  endfacet
  facet normal 0 0.678334 -0.734754
    outer loop
      vertex -0.955165 17.3798 -6.76654
      vertex 0.955165 17.5705 -6.59042
      vertex 0.955165 17.3798 -6.76654
    endloop
  endfacet
  facet normal 0 0.678334 -0.734754
    outer loop
      vertex 0.955165 17.5705 -6.59042
      vertex -0.955165 17.3798 -6.76654
      vertex -0.955165 17.5705 -6.59042
    endloop
  endfacet
  facet normal 0 0.405795 -0.913964
    outer loop
      vertex -0.955165 17.1276 -6.87849
      vertex 0.955165 17.3798 -6.76654
      vertex 0.955165 17.1276 -6.87849
    endloop
  endfacet
  facet normal 0 0.405795 -0.913964
    outer loop
      vertex 0.955165 17.3798 -6.76654
      vertex -0.955165 17.1276 -6.87849
      vertex -0.955165 17.3798 -6.76654
    endloop
  endfacet
  facet normal 0 0.314801 -0.949158
    outer loop
      vertex -0.955165 16.7163 -7.01492
      vertex 0.955165 17.1276 -6.87849
      vertex 0.955165 16.7163 -7.01492
    endloop
  endfacet
  facet normal 0 0.314801 -0.949158
    outer loop
      vertex 0.955165 17.1276 -6.87849
      vertex -0.955165 16.7163 -7.01492
      vertex -0.955165 17.1276 -6.87849
    endloop
  endfacet
  facet normal 0 0.363436 -0.931619
    outer loop
      vertex -0.955165 16.4987 -7.09981
      vertex 0.955165 16.7163 -7.01492
      vertex 0.955165 16.4987 -7.09981
    endloop
  endfacet
  facet normal 0 0.363436 -0.931619
    outer loop
      vertex 0.955165 16.7163 -7.01492
      vertex -0.955165 16.4987 -7.09981
      vertex -0.955165 16.7163 -7.01492
    endloop
  endfacet
  facet normal 0 0.657342 -0.753592
    outer loop
      vertex 0.855165 16.3234 -7.25269
      vertex -0.855165 16.3234 -7.25269
      vertex 0.855165 16.4198 -7.16862
    endloop
  endfacet
  facet normal 0 0.657343 -0.753592
    outer loop
      vertex 0.855165 16.4198 -7.16862
      vertex 0.955165 16.4987 -7.09981
      vertex 0.955165 16.4198 -7.16862
    endloop
  endfacet
  facet normal 0 0.657342 -0.753592
    outer loop
      vertex -0.855165 16.4198 -7.16862
      vertex 0.855165 16.4198 -7.16862
      vertex -0.855165 16.3234 -7.25269
    endloop
  endfacet
  facet normal 0 0.657343 -0.753592
    outer loop
      vertex 0.855165 16.4198 -7.16862
      vertex -0.855165 16.4198 -7.16862
      vertex 0.955165 16.4987 -7.09981
    endloop
  endfacet
  facet normal 0 0.657343 -0.753592
    outer loop
      vertex -0.955165 16.4987 -7.09981
      vertex -0.855165 16.4198 -7.16862
      vertex -0.955165 16.4198 -7.16862
    endloop
  endfacet
  facet normal 0 0.657343 -0.753592
    outer loop
      vertex -0.855165 16.4198 -7.16862
      vertex -0.955165 16.4987 -7.09981
      vertex 0.955165 16.4987 -7.09981
    endloop
  endfacet
  facet normal 0 0.853189 -0.521602
    outer loop
      vertex 0.855165 16.2066 -7.44377
      vertex -0.855165 16.3234 -7.25269
      vertex 0.855165 16.3234 -7.25269
    endloop
  endfacet
  facet normal 0 0.853189 -0.521602
    outer loop
      vertex -0.855165 16.3234 -7.25269
      vertex 0.855165 16.2066 -7.44377
      vertex -0.855165 16.2066 -7.44377
    endloop
  endfacet
  facet normal 0 0.978324 -0.207081
    outer loop
      vertex 0.855165 16.1644 -7.64331
      vertex -0.855165 16.2066 -7.44377
      vertex 0.855165 16.2066 -7.44377
    endloop
  endfacet
  facet normal 0 0.978324 -0.207081
    outer loop
      vertex -0.855165 16.2066 -7.44377
      vertex 0.855165 16.1644 -7.64331
      vertex -0.855165 16.1644 -7.64331
    endloop
  endfacet
  facet normal 0 0.993253 -0.115966
    outer loop
      vertex 0.855165 16.1408 -7.84523
      vertex -0.855165 16.1644 -7.64331
      vertex 0.855165 16.1644 -7.64331
    endloop
  endfacet
  facet normal 0 0.993253 -0.115966
    outer loop
      vertex -0.855165 16.1644 -7.64331
      vertex 0.855165 16.1408 -7.84523
      vertex -0.855165 16.1408 -7.84523
    endloop
  endfacet
  facet normal 0 0.943849 -0.330377
    outer loop
      vertex 0.955165 16.0728 -8.03957
      vertex 0.855165 16.1325 -7.8689
      vertex 0.955165 16.1325 -7.8689
    endloop
  endfacet
  facet normal 0 0.943849 -0.330377
    outer loop
      vertex 0.855165 16.1325 -7.8689
      vertex 0.955165 16.0728 -8.03957
      vertex -0.855165 16.1325 -7.8689
    endloop
  endfacet
  facet normal 0 0.943849 -0.330377
    outer loop
      vertex -0.955165 16.0728 -8.03957
      vertex -0.855165 16.1325 -7.8689
      vertex 0.955165 16.0728 -8.03957
    endloop
  endfacet
  facet normal 0 0.943849 -0.330377
    outer loop
      vertex -0.855165 16.1325 -7.8689
      vertex -0.955165 16.0728 -8.03957
      vertex -0.955165 16.1325 -7.8689
    endloop
  endfacet
  facet normal 0 0.943849 -0.330378
    outer loop
      vertex 0.855165 16.1325 -7.8689
      vertex -0.855165 16.1408 -7.84523
      vertex 0.855165 16.1408 -7.84523
    endloop
  endfacet
  facet normal 0 0.943849 -0.330378
    outer loop
      vertex -0.855165 16.1408 -7.84523
      vertex 0.855165 16.1325 -7.8689
      vertex -0.855165 16.1325 -7.8689
    endloop
  endfacet
  facet normal 0 0.859219 -0.511607
    outer loop
      vertex 0.955165 15.9649 -8.22064
      vertex -0.955165 16.0728 -8.03957
      vertex 0.955165 16.0728 -8.03957
    endloop
  endfacet
  facet normal 0 0.859219 -0.511607
    outer loop
      vertex -0.955165 16.0728 -8.03957
      vertex 0.955165 15.9649 -8.22064
      vertex -0.955165 15.9649 -8.22064
    endloop
  endfacet
  facet normal 0 0.750079 -0.661348
    outer loop
      vertex 0.955165 15.822 -8.38278
      vertex -0.955165 15.9649 -8.22064
      vertex 0.955165 15.9649 -8.22064
    endloop
  endfacet
  facet normal 0 0.750079 -0.661348
    outer loop
      vertex -0.955165 15.9649 -8.22064
      vertex 0.955165 15.822 -8.38278
      vertex -0.955165 15.822 -8.38278
    endloop
  endfacet
  facet normal 0 0.621344 -0.783538
    outer loop
      vertex -0.955165 15.6485 -8.52032
      vertex 0.955165 15.822 -8.38278
      vertex 0.955165 15.6485 -8.52032
    endloop
  endfacet
  facet normal 0 0.621344 -0.783538
    outer loop
      vertex 0.955165 15.822 -8.38278
      vertex -0.955165 15.6485 -8.52032
      vertex -0.955165 15.822 -8.38278
    endloop
  endfacet
  facet normal 0 0.473927 -0.880564
    outer loop
      vertex -0.955165 15.4492 -8.62758
      vertex 0.955165 15.6485 -8.52032
      vertex 0.955165 15.4492 -8.62758
    endloop
  endfacet
  facet normal 0 0.473927 -0.880564
    outer loop
      vertex 0.955165 15.6485 -8.52032
      vertex -0.955165 15.4492 -8.62758
      vertex -0.955165 15.6485 -8.52032
    endloop
  endfacet
  facet normal 0 0.30768 -0.95149
    outer loop
      vertex -0.955165 15.2288 -8.69887
      vertex 0.955165 15.4492 -8.62758
      vertex 0.955165 15.2288 -8.69887
    endloop
  endfacet
  facet normal 0 0.30768 -0.95149
    outer loop
      vertex 0.955165 15.4492 -8.62758
      vertex -0.955165 15.2288 -8.69887
      vertex -0.955165 15.4492 -8.62758
    endloop
  endfacet
  facet normal 0 0.124145 -0.992264
    outer loop
      vertex -0.955165 14.9918 -8.72852
      vertex 0.955165 15.2288 -8.69887
      vertex 0.955165 14.9918 -8.72852
    endloop
  endfacet
  facet normal 0 0.124145 -0.992264
    outer loop
      vertex 0.955165 15.2288 -8.69887
      vertex -0.955165 14.9918 -8.72852
      vertex -0.955165 15.2288 -8.69887
    endloop
  endfacet
  facet normal 0 0 -1
    outer loop
      vertex -0.955165 12.9599 -8.72852
      vertex 0.955165 14.9918 -8.72852
      vertex 0.955165 12.9599 -8.72852
    endloop
  endfacet
  facet normal -0 0 -1
    outer loop
      vertex 0.955165 14.9918 -8.72852
      vertex -0.955165 12.9599 -8.72852
      vertex -0.955165 14.9918 -8.72852
    endloop
  endfacet
  facet normal 0 -0.125876 -0.992046
    outer loop
      vertex -0.955165 12.7262 -8.69887
      vertex 0.955165 12.9599 -8.72852
      vertex 0.955165 12.7262 -8.69887
    endloop
  endfacet
  facet normal -0 -0.125876 -0.992046
    outer loop
      vertex 0.955165 12.9599 -8.72852
      vertex -0.955165 12.7262 -8.69887
      vertex -0.955165 12.9599 -8.72852
    endloop
  endfacet
  facet normal 0 -0.692051 0.721848
    outer loop
      vertex -0.955165 23.0423 2.45018
      vertex 0.955165 22.8719 2.2868
      vertex 0.955165 23.0423 2.45018
    endloop
  endfacet
  facet normal 0 -0.692051 0.721848
    outer loop
      vertex 0.955165 22.8719 2.2868
      vertex -0.955165 23.0423 2.45018
      vertex -0.955165 22.8719 2.2868
    endloop
  endfacet
  facet normal 0 -0.888054 0.45974
    outer loop
      vertex -0.955165 23.0423 2.45018
      vertex 0.955165 23.1115 2.58385
      vertex -0.955165 23.1115 2.58385
    endloop
  endfacet
  facet normal 0 -0.888054 0.45974
    outer loop
      vertex 0.955165 23.1115 2.58385
      vertex -0.955165 23.0423 2.45018
      vertex 0.955165 23.0423 2.45018
    endloop
  endfacet
  facet normal 0 -0.956305 0.292371
    outer loop
      vertex -0.955165 23.1115 2.58385
      vertex 0.955165 23.1693 2.7729
      vertex -0.955165 23.1693 2.7729
    endloop
  endfacet
  facet normal 0 -0.956305 0.292371
    outer loop
      vertex 0.955165 23.1693 2.7729
      vertex -0.955165 23.1115 2.58385
      vertex 0.955165 23.1115 2.58385
    endloop
  endfacet
  facet normal 0 -0.991558 0.129667
    outer loop
      vertex -0.955165 23.1693 2.7729
      vertex 0.955165 23.2487 3.37942
      vertex -0.955165 23.2487 3.37942
    endloop
  endfacet
  facet normal 0 -0.991558 0.129667
    outer loop
      vertex 0.955165 23.2487 3.37942
      vertex -0.955165 23.1693 2.7729
      vertex 0.955165 23.1693 2.7729
    endloop
  endfacet
  facet normal 0 -0.999636 0.0269664
    outer loop
      vertex -0.955165 23.2487 3.37942
      vertex 0.955165 23.276 4.39418
      vertex -0.955165 23.276 4.39418
    endloop
  endfacet
  facet normal 0 -0.999636 0.0269664
    outer loop
      vertex 0.955165 23.276 4.39418
      vertex -0.955165 23.2487 3.37942
      vertex 0.955165 23.2487 3.37942
    endloop
  endfacet
  facet normal 0 -0.999635 -0.0270062
    outer loop
      vertex -0.955165 23.276 4.39418
      vertex 0.955165 23.2486 5.408
      vertex -0.955165 23.2486 5.408
    endloop
  endfacet
  facet normal 0 -0.999635 -0.0270062
    outer loop
      vertex 0.955165 23.2486 5.408
      vertex -0.955165 23.276 4.39418
      vertex 0.955165 23.276 4.39418
    endloop
  endfacet
  facet normal 0 -0.991374 -0.13106
    outer loop
      vertex -0.955165 23.2486 5.408
      vertex 0.955165 23.1693 6.00796
      vertex -0.955165 23.1693 6.00796
    endloop
  endfacet
  facet normal 0 -0.991374 -0.13106
    outer loop
      vertex 0.955165 23.1693 6.00796
      vertex -0.955165 23.2486 5.408
      vertex 0.955165 23.2486 5.408
    endloop
  endfacet
  facet normal 0 -0.953072 -0.302745
    outer loop
      vertex -0.955165 23.1693 6.00796
      vertex 0.955165 23.1115 6.18993
      vertex -0.955165 23.1115 6.18993
    endloop
  endfacet
  facet normal 0 -0.953072 -0.302745
    outer loop
      vertex 0.955165 23.1115 6.18993
      vertex -0.955165 23.1693 6.00796
      vertex 0.955165 23.1693 6.00796
    endloop
  endfacet
  facet normal 0 -0.871746 -0.489959
    outer loop
      vertex -0.955165 23.1115 6.18993
      vertex 0.955165 23.0423 6.31302
      vertex -0.955165 23.0423 6.31302
    endloop
  endfacet
  facet normal 0 -0.871746 -0.489959
    outer loop
      vertex 0.955165 23.0423 6.31302
      vertex -0.955165 23.1115 6.18993
      vertex 0.955165 23.1115 6.18993
    endloop
  endfacet
  facet normal 0 -0.70296 -0.71123
    outer loop
      vertex -0.955165 22.9623 6.39213
      vertex 0.955165 23.0423 6.31302
      vertex 0.955165 22.9623 6.39213
    endloop
  endfacet
  facet normal -0 -0.70296 -0.71123
    outer loop
      vertex 0.955165 23.0423 6.31302
      vertex -0.955165 22.9623 6.39213
      vertex -0.955165 23.0423 6.31302
    endloop
  endfacet
  facet normal 0 -0.484061 -0.875034
    outer loop
      vertex -0.955165 22.8719 6.44212
      vertex 0.955165 22.9623 6.39213
      vertex 0.955165 22.8719 6.44212
    endloop
  endfacet
  facet normal -0 -0.484061 -0.875034
    outer loop
      vertex 0.955165 22.9623 6.39213
      vertex -0.955165 22.8719 6.44212
      vertex -0.955165 22.9623 6.39213
    endloop
  endfacet
  facet normal 0 -0.504609 -0.863348
    outer loop
      vertex -0.955165 20.3212 7.93298
      vertex 0.955165 22.8719 6.44212
      vertex 0.955165 20.3212 7.93298
    endloop
  endfacet
  facet normal -0 -0.504609 -0.863348
    outer loop
      vertex 0.955165 22.8719 6.44212
      vertex -0.955165 20.3212 7.93298
      vertex -0.955165 22.8719 6.44212
    endloop
  endfacet
  facet normal 0 -0.00573576 -0.999984
    outer loop
      vertex -0.955165 18.882 7.94124
      vertex 0.955165 20.3212 7.93298
      vertex 0.955165 18.882 7.94124
    endloop
  endfacet
  facet normal -0 -0.00573576 -0.999984
    outer loop
      vertex 0.955165 20.3212 7.93298
      vertex -0.955165 18.882 7.94124
      vertex -0.955165 20.3212 7.93298
    endloop
  endfacet
  facet normal 0 0.992519 -0.122093
    outer loop
      vertex 0.955165 18.7773 7.09056
      vertex -0.955165 18.882 7.94124
      vertex 0.955165 18.882 7.94124
    endloop
  endfacet
  facet normal 0 0.992519 -0.122093
    outer loop
      vertex -0.955165 18.882 7.94124
      vertex 0.955165 18.7773 7.09056
      vertex -0.955165 18.7773 7.09056
    endloop
  endfacet
  facet normal 0 0.996184 -0.0872731
    outer loop
      vertex 0.955165 18.7015 6.2251
      vertex -0.955165 18.7773 7.09056
      vertex 0.955165 18.7773 7.09056
    endloop
  endfacet
  facet normal 0 0.996184 -0.0872731
    outer loop
      vertex -0.955165 18.7773 7.09056
      vertex 0.955165 18.7015 6.2251
      vertex -0.955165 18.7015 6.2251
    endloop
  endfacet
  facet normal 0 0.998605 -0.0528092
    outer loop
      vertex 0.955165 18.6551 5.34679
      vertex -0.955165 18.7015 6.2251
      vertex 0.955165 18.7015 6.2251
    endloop
  endfacet
  facet normal 0 0.998605 -0.0528092
    outer loop
      vertex -0.955165 18.7015 6.2251
      vertex 0.955165 18.6551 5.34679
      vertex -0.955165 18.6551 5.34679
    endloop
  endfacet
  facet normal 0 0.999827 -0.0186148
    outer loop
      vertex 0.955165 18.6385 4.45755
      vertex -0.955165 18.6551 5.34679
      vertex 0.955165 18.6551 5.34679
    endloop
  endfacet
  facet normal 0 0.999827 -0.0186148
    outer loop
      vertex -0.955165 18.6551 5.34679
      vertex 0.955165 18.6385 4.45755
      vertex -0.955165 18.6385 4.45755
    endloop
  endfacet
  facet normal 0 0.999881 0.0154567
    outer loop
      vertex 0.955165 18.6524 3.55931
      vertex -0.955165 18.6385 4.45755
      vertex 0.955165 18.6385 4.45755
    endloop
  endfacet
  facet normal 0 0.999881 0.0154567
    outer loop
      vertex -0.955165 18.6385 4.45755
      vertex 0.955165 18.6524 3.55931
      vertex -0.955165 18.6524 3.55931
    endloop
  endfacet
  facet normal 0 0.998775 0.0494775
    outer loop
      vertex 0.955165 18.6973 2.65404
      vertex -0.955165 18.6524 3.55931
      vertex 0.955165 18.6524 3.55931
    endloop
  endfacet
  facet normal 0 0.998775 0.0494775
    outer loop
      vertex -0.955165 18.6524 3.55931
      vertex 0.955165 18.6973 2.65404
      vertex -0.955165 18.6973 2.65404
    endloop
  endfacet
  facet normal 0 0.996501 0.0835762
    outer loop
      vertex 0.955165 18.7736 1.74364
      vertex -0.955165 18.6973 2.65404
      vertex 0.955165 18.6973 2.65404
    endloop
  endfacet
  facet normal 0 0.996501 0.0835762
    outer loop
      vertex -0.955165 18.6973 2.65404
      vertex 0.955165 18.7736 1.74364
      vertex -0.955165 18.7736 1.74364
    endloop
  endfacet
  facet normal 0 0.993036 0.117808
    outer loop
      vertex 0.955165 18.882 0.830047
      vertex -0.955165 18.7736 1.74364
      vertex 0.955165 18.7736 1.74364
    endloop
  endfacet
  facet normal 0 0.993036 0.117808
    outer loop
      vertex -0.955165 18.7736 1.74364
      vertex 0.955165 18.882 0.830047
      vertex -0.955165 18.882 0.830047
    endloop
  endfacet
  facet normal -0 0.00610682 0.999981
    outer loop
      vertex -0.955165 20.3212 0.821258
      vertex 0.955165 18.882 0.830047
      vertex 0.955165 20.3212 0.821258
    endloop
  endfacet
  facet normal 0 0.00610682 0.999981
    outer loop
      vertex 0.955165 18.882 0.830047
      vertex -0.955165 20.3212 0.821258
      vertex -0.955165 18.882 0.830047
    endloop
  endfacet
  facet normal 0 -0.498181 0.867073
    outer loop
      vertex -0.955165 22.8719 2.2868
      vertex 0.955165 20.3212 0.821258
      vertex 0.955165 22.8719 2.2868
    endloop
  endfacet
  facet normal 0 -0.498181 0.867073
    outer loop
      vertex 0.955165 20.3212 0.821258
      vertex -0.955165 22.8719 2.2868
      vertex -0.955165 20.3212 0.821258
    endloop
  endfacet
  facet normal 0.997859 -0.065403 0
    outer loop
      vertex 0.0684967 0 1.431
      vertex 0.221903 2.34053 1.17699
      vertex 0.221903 2.34053 1.431
    endloop
  endfacet
  facet normal 0.997859 -0.065403 0
    outer loop
      vertex 0.221903 2.34053 1.17699
      vertex 0.0684967 0 1.431
      vertex 0.0684967 0 1.17699
    endloop
  endfacet
  facet normal 0.901344 -0.0590771 -0.429056
    outer loop
      vertex 0.0684967 0 1.431
      vertex 0.955165 0.000160053 3.29366
      vertex 0.955154 0 3.29366
    endloop
  endfacet
  facet normal 0.901344 -0.059077 -0.429056
    outer loop
      vertex 0.955165 0.000160053 3.29366
      vertex 0.0684967 0 1.431
      vertex 0.955165 1.9106 3.0306
    endloop
  endfacet
  facet normal 0.901344 -0.0590773 -0.429056
    outer loop
      vertex 0.955165 1.9106 3.0306
      vertex 0.221903 2.34053 1.431
      vertex 0.955165 2.24399 2.9847
    endloop
  endfacet
  facet normal 0.901344 -0.0590771 -0.429056
    outer loop
      vertex 0.221903 2.34053 1.431
      vertex 0.955165 1.9106 3.0306
      vertex 0.0684967 0 1.431
    endloop
  endfacet
  facet normal 0.997859 -0.0654027 4.79521e-05
    outer loop
      vertex 0.955093 0 4.56377
      vertex 0.955165 0.000160121 3.29375
      vertex 0.955165 0.00109128 4.56377
    endloop
  endfacet
  facet normal 0.997859 -0.0654027 4.79521e-05
    outer loop
      vertex 0.955165 0.000160121 3.29375
      vertex 0.955093 0 4.56377
      vertex 0.955154 0 3.29366
    endloop
  endfacet
  facet normal 0.997859 -0.065403 4.83924e-05
    outer loop
      vertex 0.955165 0.000160121 3.29375
      vertex 0.955154 0 3.29366
      vertex 0.955165 0.000160053 3.29366
    endloop
  endfacet
  facet normal 0.469401 -0.0307661 0.882449
    outer loop
      vertex 0.15428 2.34943 5.07166
      vertex 0.000289917 0 5.07166
      vertex 0.955093 0 4.56377
    endloop
  endfacet
  facet normal 0.469401 -0.0307661 0.882449
    outer loop
      vertex 0.15428 2.34943 5.07166
      vertex 0.955165 0.00109128 4.56377
      vertex 0.955165 2.24399 4.64196
    endloop
  endfacet
  facet normal 0.469401 -0.030766 0.882449
    outer loop
      vertex 0.955165 0.00109128 4.56377
      vertex 0.15428 2.34943 5.07166
      vertex 0.955093 0 4.56377
    endloop
  endfacet
  facet normal 0.997859 -0.0654031 -3.67721e-08
    outer loop
      vertex 0.000356925 0.00102234 8.71219
      vertex 0.15428 2.34943 8.71233
      vertex 0.00035696 0.00102288 8.71233
    endloop
  endfacet
  facet normal 0.997859 -0.0654031 0
    outer loop
      vertex 0.15428 2.34943 8.71233
      vertex 0.000356925 0.00102234 8.71219
      vertex 0.15428 2.34943 5.07166
    endloop
  endfacet
  facet normal 0.997859 -0.0654031 0
    outer loop
      vertex 0.000289917 0 5.07166
      vertex 0.000356925 0.00102234 8.71219
      vertex 0.000289917 0 8.71219
    endloop
  endfacet
  facet normal 0.997859 -0.0654031 -4.57344e-13
    outer loop
      vertex 0.000356925 0.00102234 8.71219
      vertex 0.000289917 0 5.07166
      vertex 0.15428 2.34943 5.07166
    endloop
  endfacet
  facet normal 0 0 -1
    outer loop
      vertex 0.15428 2.34943 8.71233
      vertex 0.955165 4.48061 8.71233
      vertex 0.955165 0.00102288 8.71233
    endloop
  endfacet
  facet normal 0 0 -1
    outer loop
      vertex 0.855165 4.48061 8.71233
      vertex 0.613615 4.65867 8.71233
      vertex 0.855165 4.7679 8.71233
    endloop
  endfacet
  facet normal -0 0 -1
    outer loop
      vertex 0.955165 4.48061 8.71233
      vertex 0.15428 2.34943 8.71233
      vertex 0.855165 4.48061 8.71233
    endloop
  endfacet
  facet normal -0 0 -1
    outer loop
      vertex 0.855165 4.48061 8.71233
      vertex 0.15428 2.34943 8.71233
      vertex 0.613615 4.65867 8.71233
    endloop
  endfacet
  facet normal 0 -0 -1
    outer loop
      vertex 0.15428 2.34943 8.71233
      vertex 0.955165 0.00102288 8.71233
      vertex 0.00035696 0.00102288 8.71233
    endloop
  endfacet
  facet normal 0 0 -1
    outer loop
      vertex 0.855165 4.7679 8.71233
      vertex 0.955165 5.66484 8.71233
      vertex 0.955165 4.7679 8.71233
    endloop
  endfacet
  facet normal 0 0 -1
    outer loop
      vertex 0.955165 5.66484 8.71233
      vertex 0.855165 4.7679 8.71233
      vertex 0.613615 4.65867 8.71233
    endloop
  endfacet
  facet normal 0.997858 -0.0654154 0
    outer loop
      vertex 0.955165 0.00109128 0.753647
      vertex 0.955093 2.12451e-07 0.482163
      vertex 0.955165 0.00109128 0.17449
    endloop
  endfacet
  facet normal 0.997859 -0.0654027 0
    outer loop
      vertex 0.955093 0 0.482223
      vertex 0.955165 0.00109128 0.753647
      vertex 0.955093 0 0.753647
    endloop
  endfacet
  facet normal 0.999394 -0.034803 -0.000123432
    outer loop
      vertex 0.955165 0.00109128 0.753647
      vertex 0.955093 0 0.482223
      vertex 0.955093 2.12451e-07 0.482163
    endloop
  endfacet
  facet normal 0.430717 -0.0282306 0.902046
    outer loop
      vertex 0.221903 2.34053 1.17699
      vertex 0.0684967 0 1.17699
      vertex 0.955093 0 0.753647
    endloop
  endfacet
  facet normal 0.430717 -0.0282305 0.902046
    outer loop
      vertex 0.221903 2.34053 1.17699
      vertex 0.955165 0.00109128 0.753647
      vertex 0.955165 2.24399 0.823841
    endloop
  endfacet
  facet normal 0.430717 -0.0282305 0.902046
    outer loop
      vertex 0.955165 0.00109128 0.753647
      vertex 0.221903 2.34053 1.17699
      vertex 0.955093 0 0.753647
    endloop
  endfacet
  facet normal 0.980785 -0.19509 0
    outer loop
      vertex 0.221903 2.34053 1.431
      vertex 0.679498 4.64101 1.17699
      vertex 0.679498 4.64101 1.431
    endloop
  endfacet
  facet normal 0.980785 -0.19509 0
    outer loop
      vertex 0.679498 4.64101 1.17699
      vertex 0.221903 2.34053 1.431
      vertex 0.221903 2.34053 1.17699
    endloop
  endfacet
  facet normal 0.885922 -0.176221 -0.429056
    outer loop
      vertex 0.955165 2.24399 2.9847
      vertex 0.221903 2.34053 1.431
      vertex 0.955165 3.49619 2.4704
    endloop
  endfacet
  facet normal 0.885922 -0.176221 -0.429056
    outer loop
      vertex 0.955165 4.48061 2.06608
      vertex 0.955165 3.49619 2.4704
      vertex 0.855165 4.48061 1.8596
    endloop
  endfacet
  facet normal 0.885922 -0.176221 -0.429056
    outer loop
      vertex 0.855165 4.48061 1.8596
      vertex 0.679498 4.64101 1.431
      vertex 0.855165 4.59394 1.81305
    endloop
  endfacet
  facet normal 0.885922 -0.176221 -0.429056
    outer loop
      vertex 0.221903 2.34053 1.431
      vertex 0.855165 4.48061 1.8596
      vertex 0.955165 3.49619 2.4704
    endloop
  endfacet
  facet normal 0.885922 -0.176221 -0.429056
    outer loop
      vertex 0.855165 4.48061 1.8596
      vertex 0.221903 2.34053 1.431
      vertex 0.679498 4.64101 1.431
    endloop
  endfacet
  facet normal 0.46137 -0.0917722 0.882449
    outer loop
      vertex 0.15428 2.34943 5.07166
      vertex 0.955165 2.95276 4.71567
      vertex 0.613615 4.65867 5.07166
    endloop
  endfacet
  facet normal 0.46137 -0.0917721 0.882449
    outer loop
      vertex 0.955165 2.95276 4.71567
      vertex 0.15428 2.34943 5.07166
      vertex 0.955165 2.24399 4.64196
    endloop
  endfacet
  facet normal 0.461369 -0.0917727 0.882449
    outer loop
      vertex 0.855165 4.59394 4.93863
      vertex 0.613615 4.65867 5.07166
      vertex 0.855165 4.48061 4.92685
    endloop
  endfacet
  facet normal 0.461371 -0.0917721 0.882448
    outer loop
      vertex 0.855165 4.48061 4.92685
      vertex 0.955165 2.95276 4.71567
      vertex 0.955165 4.48061 4.87457
    endloop
  endfacet
  facet normal 0.461369 -0.0917724 0.882449
    outer loop
      vertex 0.955165 2.95276 4.71567
      vertex 0.855165 4.48061 4.92685
      vertex 0.613615 4.65867 5.07166
    endloop
  endfacet
  facet normal 0.980785 -0.19509 0
    outer loop
      vertex 0.15428 2.34943 8.71233
      vertex 0.613615 4.65867 5.07166
      vertex 0.613615 4.65867 8.71233
    endloop
  endfacet
  facet normal 0.980785 -0.19509 0
    outer loop
      vertex 0.613615 4.65867 5.07166
      vertex 0.15428 2.34943 8.71233
      vertex 0.15428 2.34943 5.07166
    endloop
  endfacet
  facet normal 0.423347 -0.084209 0.902046
    outer loop
      vertex 0.221903 2.34053 1.17699
      vertex 0.955165 3.06046 0.900061
      vertex 0.679498 4.64101 1.17699
    endloop
  endfacet
  facet normal 0.423347 -0.084209 0.902046
    outer loop
      vertex 0.955165 3.06046 0.900061
      vertex 0.221903 2.34053 1.17699
      vertex 0.955165 2.24399 0.823841
    endloop
  endfacet
  facet normal 0.423347 -0.0842091 0.902046
    outer loop
      vertex 0.855165 4.59394 1.09015
      vertex 0.679498 4.64101 1.17699
      vertex 0.855165 4.48061 1.07957
    endloop
  endfacet
  facet normal 0.423347 -0.084209 0.902046
    outer loop
      vertex 0.855165 4.48061 1.07957
      vertex 0.955165 3.06046 0.900061
      vertex 0.955165 4.48061 1.03264
    endloop
  endfacet
  facet normal 0.423347 -0.084209 0.902045
    outer loop
      vertex 0.955165 3.06046 0.900061
      vertex 0.855165 4.48061 1.07957
      vertex 0.679498 4.64101 1.17699
    endloop
  endfacet
  facet normal 0.94693 -0.321439 0
    outer loop
      vertex 0.679498 4.64101 1.431
      vertex 0.955165 5.4531 1.17699
      vertex 0.955165 5.4531 1.431
    endloop
  endfacet
  facet normal 0.94693 -0.321439 0
    outer loop
      vertex 0.955165 5.4531 1.17699
      vertex 0.679498 4.64101 1.431
      vertex 0.679498 4.64101 1.17699
    endloop
  endfacet
  facet normal 0.855341 -0.290349 -0.429056
    outer loop
      vertex 0.855165 4.7679 1.69534
      vertex 0.955165 4.97077 1.7574
      vertex 0.955165 4.7679 1.89469
    endloop
  endfacet
  facet normal 0.855341 -0.29035 -0.429056
    outer loop
      vertex 0.855165 4.7679 1.69534
      vertex 0.679498 4.64101 1.431
      vertex 0.955165 4.97077 1.7574
    endloop
  endfacet
  facet normal 0.855341 -0.290349 -0.429056
    outer loop
      vertex 0.679498 4.64101 1.431
      vertex 0.855165 4.7679 1.69534
      vertex 0.855165 4.59394 1.81305
    endloop
  endfacet
  facet normal 0.855341 -0.290349 -0.429056
    outer loop
      vertex 0.955165 4.97077 1.7574
      vertex 0.679498 4.64101 1.431
      vertex 0.955165 5.4531 1.431
    endloop
  endfacet
  facet normal 0.445441 -0.151208 0.88245
    outer loop
      vertex 0.955165 5.66484 5.07166
      vertex 0.855165 4.7679 4.96844
      vertex 0.955165 4.7679 4.91796
    endloop
  endfacet
  facet normal 0.445444 -0.151206 0.882449
    outer loop
      vertex 0.855165 4.7679 4.96844
      vertex 0.613615 4.65867 5.07166
      vertex 0.855165 4.59394 4.93863
    endloop
  endfacet
  facet normal 0.445445 -0.151208 0.882448
    outer loop
      vertex 0.613615 4.65867 5.07166
      vertex 0.855165 4.7679 4.96844
      vertex 0.955165 5.66484 5.07166
    endloop
  endfacet
  facet normal 0.94693 -0.321439 0
    outer loop
      vertex 0.613615 4.65867 8.71233
      vertex 0.955165 5.66484 5.07166
      vertex 0.955165 5.66484 8.71233
    endloop
  endfacet
  facet normal 0.94693 -0.321439 0
    outer loop
      vertex 0.955165 5.66484 5.07166
      vertex 0.613615 4.65867 8.71233
      vertex 0.613615 4.65867 5.07166
    endloop
  endfacet
  facet normal 0.408733 -0.138746 0.902046
    outer loop
      vertex 0.955165 5.4531 1.17699
      vertex 0.855165 4.7679 1.1169
      vertex 0.955165 4.7679 1.07159
    endloop
  endfacet
  facet normal 0.408734 -0.138746 0.902045
    outer loop
      vertex 0.855165 4.7679 1.1169
      vertex 0.679498 4.64101 1.17699
      vertex 0.855165 4.59394 1.09015
    endloop
  endfacet
  facet normal 0.408734 -0.138746 0.902046
    outer loop
      vertex 0.679498 4.64101 1.17699
      vertex 0.855165 4.7679 1.1169
      vertex 0.955165 5.4531 1.17699
    endloop
  endfacet
  facet normal -0.405069 0.0265496 -0.913901
    outer loop
      vertex -0.954831 -9.13882e-06 4.22499
      vertex 0.000289917 0 3.80165
      vertex 0.000288364 -2.36891e-05 3.80165
    endloop
  endfacet
  facet normal 0.519699 0.275717 -0.808637
    outer loop
      vertex -0.954834 0 4.22499
      vertex -0.954831 -9.13882e-06 4.22499
      vertex -0.954834 -1.39849e-06 4.22499
    endloop
  endfacet
  facet normal -0.405066 0.0268097 -0.913894
    outer loop
      vertex -0.954831 -9.13882e-06 4.22499
      vertex -0.954834 0 4.22499
      vertex 0.000289917 0 3.80165
    endloop
  endfacet
  facet normal -0.341743 -0 -0.939793
    outer loop
      vertex -0.954834 -1.39849e-06 4.22499
      vertex -0.954831 -9.13882e-06 4.22499
      vertex -0.954834 -9.13877e-06 4.22499
    endloop
  endfacet
  facet normal -0.997859 0.065403 0
    outer loop
      vertex 0.00028944 -7.27515e-06 3.80165
      vertex 0.000289917 0 3.5477
      vertex 0.00028944 -7.27515e-06 3.5477
    endloop
  endfacet
  facet normal -0.997859 0.065403 0
    outer loop
      vertex 0.000289917 0 3.5477
      vertex 0.00028944 -7.27515e-06 3.80165
      vertex 0.000289917 0 3.80165
    endloop
  endfacet
  facet normal -0.997859 0.065403 -9.97916e-07
    outer loop
      vertex 0.000289917 0 3.80165
      vertex 0.00028944 -7.27515e-06 3.80165
      vertex 0.000288364 -2.36891e-05 3.80165
    endloop
  endfacet
  facet normal -0.903729 0.0531788 0.42479
    outer loop
      vertex 0.000288009 -3.8555e-06 3.5477
      vertex 0.000289917 0 3.5477
      vertex -0.252798 0 3.00926
    endloop
  endfacet
  facet normal -0.906247 0.0603325 0.418421
    outer loop
      vertex 0.00028944 -3.85552e-06 3.5477
      vertex 0.000289917 0 3.5477
      vertex 0.000288009 -3.8555e-06 3.5477
    endloop
  endfacet
  facet normal -0.903421 0.0592132 0.424646
    outer loop
      vertex 0.000289917 0 3.5477
      vertex 0.00028944 -3.85552e-06 3.5477
      vertex 0.00028944 -7.27515e-06 3.5477
    endloop
  endfacet
  facet normal 0 0 -1
    outer loop
      vertex -0.955165 0.0101706 8.71233
      vertex -0.954565 0.00102288 8.71233
      vertex -0.955165 0.00102288 8.71233
    endloop
  endfacet
  facet normal -0.384395 -0.130484 -0.913901
    outer loop
      vertex -0.955165 5.66664 3.80165
      vertex -0.613054 4.65882 3.80165
      vertex -0.955165 5.04785 3.89
    endloop
  endfacet
  facet normal -0.384395 -0.130485 -0.913901
    outer loop
      vertex -0.855165 4.7679 3.88791
      vertex -0.613054 4.65882 3.80165
      vertex -0.855165 4.59394 3.91275
    endloop
  endfacet
  facet normal -0.384395 -0.130484 -0.913901
    outer loop
      vertex -0.855165 4.7679 3.88791
      vertex -0.955165 5.04785 3.89
      vertex -0.613054 4.65882 3.80165
    endloop
  endfacet
  facet normal -0.384394 -0.130484 -0.913901
    outer loop
      vertex -0.955165 5.04785 3.89
      vertex -0.855165 4.7679 3.88791
      vertex -0.955165 4.7679 3.92997
    endloop
  endfacet
  facet normal -0.94693 -0.321439 0
    outer loop
      vertex -0.613054 4.65882 3.5477
      vertex -0.955165 5.66664 3.80165
      vertex -0.955165 5.66664 3.5477
    endloop
  endfacet
  facet normal -0.94693 -0.321439 0
    outer loop
      vertex -0.955165 5.66664 3.80165
      vertex -0.613054 4.65882 3.5477
      vertex -0.613054 4.65882 3.80165
    endloop
  endfacet
  facet normal -0.857312 -0.291018 0.424646
    outer loop
      vertex -0.855165 4.7679 3.13366
      vertex -0.955165 5.66664 3.5477
      vertex -0.955165 4.7679 2.93177
    endloop
  endfacet
  facet normal -0.857312 -0.291018 0.424646
    outer loop
      vertex -0.855165 4.7679 3.13366
      vertex -0.613054 4.65882 3.5477
      vertex -0.955165 5.66664 3.5477
    endloop
  endfacet
  facet normal -0.857312 -0.291018 0.424646
    outer loop
      vertex -0.613054 4.65882 3.5477
      vertex -0.855165 4.7679 3.13366
      vertex -0.855165 4.59394 3.01444
    endloop
  endfacet
  facet normal -0.398138 -0.0791944 -0.913901
    outer loop
      vertex -0.955165 3.54544 4.04717
      vertex -0.613054 4.65882 3.80165
      vertex -0.153705 2.34951 3.80165
    endloop
  endfacet
  facet normal -0.398138 -0.0791942 -0.913901
    outer loop
      vertex -0.613054 4.65882 3.80165
      vertex -0.955165 3.54544 4.04717
      vertex -0.855165 4.48061 3.92257
    endloop
  endfacet
  facet normal -0.398137 -0.0791944 -0.913901
    outer loop
      vertex -0.855165 4.48061 3.92257
      vertex -0.955165 3.54544 4.04717
      vertex -0.955165 4.48061 3.96613
    endloop
  endfacet
  facet normal -0.398138 -0.0791946 -0.913901
    outer loop
      vertex -0.613054 4.65882 3.80165
      vertex -0.855165 4.48061 3.92257
      vertex -0.855165 4.59394 3.91275
    endloop
  endfacet
  facet normal -0.398138 -0.0791946 -0.913901
    outer loop
      vertex -0.955165 3.54544 4.04717
      vertex -0.153705 2.34951 3.80165
      vertex -0.955165 2.24399 4.15995
    endloop
  endfacet
  facet normal -0.980785 -0.19509 0
    outer loop
      vertex -0.153705 2.34951 3.5477
      vertex -0.613054 4.65882 3.80165
      vertex -0.613054 4.65882 3.5477
    endloop
  endfacet
  facet normal -0.980785 -0.19509 0
    outer loop
      vertex -0.613054 4.65882 3.80165
      vertex -0.153705 2.34951 3.5477
      vertex -0.153705 2.34951 3.80165
    endloop
  endfacet
  facet normal -0.887963 -0.176627 0.424646
    outer loop
      vertex -0.955165 4.48061 2.7582
      vertex -0.955165 2.9511 2.12201
      vertex -0.855165 4.48061 2.9673
    endloop
  endfacet
  facet normal -0.887964 -0.176626 0.424646
    outer loop
      vertex -0.855165 4.48061 2.9673
      vertex -0.613054 4.65882 3.5477
      vertex -0.855165 4.59394 3.01444
    endloop
  endfacet
  facet normal -0.887963 -0.176627 0.424646
    outer loop
      vertex -0.613054 4.65882 3.5477
      vertex -0.855165 4.48061 2.9673
      vertex -0.955165 2.9511 2.12201
    endloop
  endfacet
  facet normal -0.887963 -0.176627 0.424646
    outer loop
      vertex -0.955165 2.9511 2.12201
      vertex -0.153705 2.34951 3.5477
      vertex -0.613054 4.65882 3.5477
    endloop
  endfacet
  facet normal -0.887963 -0.176627 0.424646
    outer loop
      vertex -0.153705 2.34951 3.5477
      vertex -0.955165 2.9511 2.12201
      vertex -0.955165 2.24399 1.8279
    endloop
  endfacet
  facet normal -0.997859 -0.065403 7.46509e-05
    outer loop
      vertex -0.954834 0 4.22499
      vertex -0.955165 0.0050606 4.2352
      vertex -0.955165 0.00504895 4.22499
    endloop
  endfacet
  facet normal -0.997859 -0.0654054 7.46516e-05
    outer loop
      vertex -0.954565 0.00102234 8.71219
      vertex -0.955165 0.0101706 8.71233
      vertex -0.955165 0.0050606 4.2352
    endloop
  endfacet
  facet normal -0.997859 -0.0654017 -0.000174297
    outer loop
      vertex -0.955165 0.0101706 8.71233
      vertex -0.954565 0.00102234 8.71219
      vertex -0.954565 0.00102288 8.71233
    endloop
  endfacet
  facet normal -0.997859 -0.065403 7.46512e-05
    outer loop
      vertex -0.954498 0 8.71219
      vertex -0.955165 0.0050606 4.2352
      vertex -0.954834 0 4.22499
    endloop
  endfacet
  facet normal -0.99786 -0.0653915 7.46644e-05
    outer loop
      vertex -0.955165 0.0050606 4.2352
      vertex -0.954498 0 8.71219
      vertex -0.954565 0.00102234 8.71219
    endloop
  endfacet
  facet normal -0.405068 -0.0265495 -0.913901
    outer loop
      vertex -0.955165 1.93082 4.16905
      vertex -0.153705 2.34951 3.80165
      vertex 0.000289917 0 3.80165
    endloop
  endfacet
  facet normal -0.405069 -0.0265486 -0.913901
    outer loop
      vertex -0.153705 2.34951 3.80165
      vertex -0.955165 1.93082 4.16905
      vertex -0.955165 2.24399 4.15995
    endloop
  endfacet
  facet normal -0.405068 -0.0265878 -0.9139
    outer loop
      vertex -0.954834 0 4.22499
      vertex -0.955165 0.00504895 4.22499
      vertex 0.000289917 0 3.80165
    endloop
  endfacet
  facet normal -0.405069 -0.0265496 -0.913901
    outer loop
      vertex 0.000289917 0 3.80165
      vertex -0.955165 0.00504895 4.22499
      vertex -0.955165 1.93082 4.16905
    endloop
  endfacet
  facet normal -0.997859 -0.065403 0
    outer loop
      vertex 0.000289917 0 3.5477
      vertex -0.153705 2.34951 3.80165
      vertex -0.153705 2.34951 3.5477
    endloop
  endfacet
  facet normal -0.997859 -0.065403 0
    outer loop
      vertex -0.153705 2.34951 3.80165
      vertex 0.000289917 0 3.5477
      vertex 0.000289917 0 3.80165
    endloop
  endfacet
  facet normal -0.903421 -0.0592132 0.424646
    outer loop
      vertex -0.955165 0.00504895 1.5157
      vertex -0.153705 2.34951 3.5477
      vertex -0.955165 2.24399 1.8279
    endloop
  endfacet
  facet normal -0.903421 -0.0592132 0.424646
    outer loop
      vertex -0.153705 2.34951 3.5477
      vertex -0.955165 0.00504895 1.5157
      vertex -0.954834 0 1.5157
    endloop
  endfacet
  facet normal -0.903421 -0.0592132 0.424646
    outer loop
      vertex -0.252798 0 3.00926
      vertex -0.153705 2.34951 3.5477
      vertex -0.954834 0 1.5157
    endloop
  endfacet
  facet normal -0.903421 -0.0592132 0.424646
    outer loop
      vertex -0.153705 2.34951 3.5477
      vertex -0.252798 0 3.00926
      vertex 0.000289917 0 3.5477
    endloop
  endfacet
  facet normal -0.997858 -0.0654152 0.000211039
    outer loop
      vertex -0.955052 0 0.482224
      vertex -0.955165 0.00504895 1.5157
      vertex -0.955165 0.000897914 0.229018
    endloop
  endfacet
  facet normal -0.997859 -0.065403 0.00021098
    outer loop
      vertex -0.955165 0.00504895 1.5157
      vertex -0.955052 0 0.482224
      vertex -0.954834 0 1.5157
    endloop
  endfacet
  facet normal 1 0 0
    outer loop
      vertex 0.855165 11.7977 16.4305
      vertex 0.855165 11.8858 16.8165
      vertex 0.855165 11.8212 16.6323
    endloop
  endfacet
  facet normal 1 0 0
    outer loop
      vertex 0.855165 11.8858 16.8165
      vertex 0.855165 11.7977 16.4305
      vertex 0.855165 11.8858 -8.03162
    endloop
  endfacet
  facet normal 1 -0 0
    outer loop
      vertex 0.855165 11.7972 -7.64331
      vertex 0.855165 11.8858 -8.03162
      vertex 0.855165 11.7977 16.4305
    endloop
  endfacet
  facet normal 1 0 0
    outer loop
      vertex 0.855165 11.8858 -8.03162
      vertex 0.855165 11.7972 -7.64331
      vertex 0.855165 11.8207 -7.84523
    endloop
  endfacet
  facet normal 1 -0 0
    outer loop
      vertex 0.855165 11.7546 16.2301
      vertex 0.855165 11.7972 -7.64331
      vertex 0.855165 11.7977 16.4305
    endloop
  endfacet
  facet normal 1 0 0
    outer loop
      vertex 0.855165 11.7546 16.2301
      vertex 0.855165 11.7541 -7.44379
      vertex 0.855165 11.7972 -7.64331
    endloop
  endfacet
  facet normal 1 -0 0
    outer loop
      vertex 0.855165 11.632 16.0327
      vertex 0.855165 11.7541 -7.44379
      vertex 0.855165 11.7546 16.2301
    endloop
  endfacet
  facet normal 1 0 0
    outer loop
      vertex 0.855165 11.632 16.0327
      vertex 0.855165 11.6314 -7.25269
      vertex 0.855165 11.7541 -7.44379
    endloop
  endfacet
  facet normal 1 -0 0
    outer loop
      vertex 0.855165 11.5985 16.0029
      vertex 0.855165 11.6314 -7.25269
      vertex 0.855165 11.632 16.0327
    endloop
  endfacet
  facet normal 1 0 0
    outer loop
      vertex 0.855165 11.6314 -7.25269
      vertex 0.855165 11.5985 16.0029
      vertex 0.855165 11.5985 -7.22635
    endloop
  endfacet
  facet normal 1 -0 0
    outer loop
      vertex 0.855165 8.49196 12.5243
      vertex 0.855165 8.77377 -4.18541
      vertex 0.855165 8.77377 12.9573
    endloop
  endfacet
  facet normal 1 0 0
    outer loop
      vertex 0.855165 8.49196 12.5243
      vertex 0.855165 8.77377 12.9573
      vertex 0.855165 8.75085 12.9356
    endloop
  endfacet
  facet normal 1 -0 0
    outer loop
      vertex 0.855165 8.48648 -3.78829
      vertex 0.855165 8.77377 -4.18541
      vertex 0.855165 8.49196 12.5243
    endloop
  endfacet
  facet normal 1 -0 -0
    outer loop
      vertex 0.855165 8.49196 -3.79652
      vertex 0.855165 8.77377 -4.18541
      vertex 0.855165 8.48648 -3.78829
    endloop
  endfacet
  facet normal 1 0 0
    outer loop
      vertex 0.855165 8.48648 -3.78829
      vertex 0.855165 8.49196 12.5243
      vertex 0.855165 8.48648 12.5177
    endloop
  endfacet
  facet normal 1 0 0
    outer loop
      vertex 0.855165 8.77377 -4.18541
      vertex 0.855165 8.49196 -3.79652
      vertex 0.855165 8.75137 -4.16548
    endloop
  endfacet
  facet normal 1 0 0
    outer loop
      vertex 0.855165 16.3234 -7.25269
      vertex 0.855165 16.4198 15.9393
      vertex 0.855165 16.3237 16.0327
    endloop
  endfacet
  facet normal 1 0 0
    outer loop
      vertex 0.855165 16.4198 15.9393
      vertex 0.855165 16.3234 -7.25269
      vertex 0.855165 16.4198 -7.16862
    endloop
  endfacet
  facet normal 1 0 0
    outer loop
      vertex 0.855165 16.2066 -7.44377
      vertex 0.855165 16.3237 16.0327
      vertex 0.855165 16.2067 16.2301
    endloop
  endfacet
  facet normal 1 0 0
    outer loop
      vertex 0.855165 16.3237 16.0327
      vertex 0.855165 16.2066 -7.44377
      vertex 0.855165 16.3234 -7.25269
    endloop
  endfacet
  facet normal 1 0 0
    outer loop
      vertex 0.855165 16.2067 16.2301
      vertex 0.855165 16.1644 -7.64331
      vertex 0.855165 16.2066 -7.44377
    endloop
  endfacet
  facet normal 1 0 0
    outer loop
      vertex 0.855165 16.1643 16.4305
      vertex 0.855165 16.1644 -7.64331
      vertex 0.855165 16.2067 16.2301
    endloop
  endfacet
  facet normal 1 0 0
    outer loop
      vertex 0.855165 16.1325 16.6559
      vertex 0.855165 16.1643 16.4305
      vertex 0.855165 16.1408 16.6323
    endloop
  endfacet
  facet normal 1 0 0
    outer loop
      vertex 0.855165 16.1643 16.4305
      vertex 0.855165 16.1325 16.6559
      vertex 0.855165 16.1644 -7.64331
    endloop
  endfacet
  facet normal 1 0 0
    outer loop
      vertex 0.855165 16.1325 -7.8689
      vertex 0.855165 16.1644 -7.64331
      vertex 0.855165 16.1325 16.6559
    endloop
  endfacet
  facet normal 1 0 0
    outer loop
      vertex 0.855165 16.1644 -7.64331
      vertex 0.855165 16.1325 -7.8689
      vertex 0.855165 16.1408 -7.84523
    endloop
  endfacet
  facet normal 1 0 0
    outer loop
      vertex 0.855165 18.0805 -4.69952
      vertex 0.855165 18.0957 13.4743
      vertex 0.855165 18.0815 13.4816
    endloop
  endfacet
  facet normal 1 0 0
    outer loop
      vertex 0.855165 18.0957 13.4743
      vertex 0.855165 18.0805 -4.69952
      vertex 0.855165 18.0957 -4.69247
    endloop
  endfacet
  facet normal 1 0 0
    outer loop
      vertex 0.855165 17.8991 13.6585
      vertex 0.855165 18.0805 -4.69952
      vertex 0.855165 18.0815 13.4816
    endloop
  endfacet
  facet normal 1 0 0
    outer loop
      vertex 0.855165 17.8991 13.6585
      vertex 0.855165 17.8976 -4.8736
      vertex 0.855165 18.0805 -4.69952
    endloop
  endfacet
  facet normal 1 0 0
    outer loop
      vertex 0.855165 17.8084 13.8189
      vertex 0.855165 17.8976 -4.8736
      vertex 0.855165 17.8991 13.6585
    endloop
  endfacet
  facet normal 1 0 0
    outer loop
      vertex 0.855165 17.8976 -4.8736
      vertex 0.855165 17.8084 13.8189
      vertex 0.855165 17.8084 -5.0337
    endloop
  endfacet
  facet normal 1 -0 0
    outer loop
      vertex 0.855165 10.1665 13.879
      vertex 0.855165 10.1921 -5.3587
      vertex 0.855165 10.1921 14.1288
    endloop
  endfacet
  facet normal 1 0 0
    outer loop
      vertex 0.855165 10.1665 13.879
      vertex 0.855165 10.1665 -5.09932
      vertex 0.855165 10.1921 -5.3587
    endloop
  endfacet
  facet normal 1 -0 0
    outer loop
      vertex 0.855165 10.051 13.657
      vertex 0.855165 10.1665 -5.09932
      vertex 0.855165 10.1665 13.879
    endloop
  endfacet
  facet normal 1 0 0
    outer loop
      vertex 0.855165 10.051 13.657
      vertex 0.855165 10.051 -4.87415
      vertex 0.855165 10.1665 -5.09932
    endloop
  endfacet
  facet normal 1 -0 0
    outer loop
      vertex 0.855165 10.0425 13.6492
      vertex 0.855165 10.051 -4.87415
      vertex 0.855165 10.051 13.657
    endloop
  endfacet
  facet normal 1 0 0
    outer loop
      vertex 0.855165 10.051 -4.87415
      vertex 0.855165 10.0425 13.6492
      vertex 0.855165 10.0425 -4.86644
    endloop
  endfacet
  facet normal 1 0 0
    outer loop
      vertex 0.855165 10.3298 15.2874
      vertex 0.855165 10.1911 14.8838
      vertex 0.855165 10.1921 14.1288
    endloop
  endfacet
  facet normal 1 -0 0
    outer loop
      vertex 0.855165 10.1921 -5.3587
      vertex 0.855165 10.3298 -6.50133
      vertex 0.855165 10.3298 15.2874
    endloop
  endfacet
  facet normal 1 0 0
    outer loop
      vertex 0.855165 10.1911 14.8838
      vertex 0.855165 10.3298 15.2874
      vertex 0.855165 10.2512 15.147
    endloop
  endfacet
  facet normal 1 0 0
    outer loop
      vertex 0.855165 10.1921 -5.3587
      vertex 0.855165 10.3298 15.2874
      vertex 0.855165 10.1921 14.1288
    endloop
  endfacet
  facet normal 1 -0 0
    outer loop
      vertex 0.855165 10.1921 -6.11369
      vertex 0.855165 10.3298 -6.50133
      vertex 0.855165 10.1921 -5.3587
    endloop
  endfacet
  facet normal 1 0 0
    outer loop
      vertex 0.855165 10.3298 -6.50133
      vertex 0.855165 10.1921 -6.11369
      vertex 0.855165 10.2529 -6.36649
    endloop
  endfacet
  facet normal 1 0 0
    outer loop
      vertex 0.855165 4.7679 1.1169
      vertex 0.855165 4.69998 -2.25986
      vertex 0.855165 4.7679 -2.38673
    endloop
  endfacet
  facet normal 1 0 0
    outer loop
      vertex 0.855165 4.7679 1.1169
      vertex 0.855165 4.60138 -2.14255
      vertex 0.855165 4.69998 -2.25986
    endloop
  endfacet
  facet normal 1 0 0
    outer loop
      vertex 0.855165 4.48061 -2.04848
      vertex 0.855165 4.7679 1.1169
      vertex 0.855165 4.59394 1.09015
    endloop
  endfacet
  facet normal 1 0 0
    outer loop
      vertex 0.855165 4.48061 -2.04848
      vertex 0.855165 4.59394 1.09015
      vertex 0.855165 4.48061 1.07957
    endloop
  endfacet
  facet normal 1 0 0
    outer loop
      vertex 0.855165 4.7679 1.1169
      vertex 0.855165 4.48061 -2.04848
      vertex 0.855165 4.60138 -2.14255
    endloop
  endfacet
  facet normal 1 0 0
    outer loop
      vertex 0.855165 4.48061 1.8596
      vertex 0.855165 4.7679 4.96844
      vertex 0.855165 4.59394 4.93863
    endloop
  endfacet
  facet normal 1 0 0
    outer loop
      vertex 0.855165 4.7679 4.96844
      vertex 0.855165 4.59394 1.81305
      vertex 0.855165 4.7679 1.69534
    endloop
  endfacet
  facet normal 1 0 0
    outer loop
      vertex 0.855165 4.48061 1.8596
      vertex 0.855165 4.59394 4.93863
      vertex 0.855165 4.48061 4.92685
    endloop
  endfacet
  facet normal 1 0 0
    outer loop
      vertex 0.855165 4.7679 4.96844
      vertex 0.855165 4.48061 1.8596
      vertex 0.855165 4.59394 1.81305
    endloop
  endfacet
  facet normal 1 -0 0
    outer loop
      vertex 0.855165 4.60146 10.9094
      vertex 0.855165 4.7679 8.71233
      vertex 0.855165 4.7679 11.1327
    endloop
  endfacet
  facet normal 1 -0 0
    outer loop
      vertex 0.855165 4.48061 10.8316
      vertex 0.855165 4.7679 8.71233
      vertex 0.855165 4.60146 10.9094
    endloop
  endfacet
  facet normal 1 0 0
    outer loop
      vertex 0.855165 4.7679 8.71233
      vertex 0.855165 4.48061 10.8316
      vertex 0.855165 4.48061 8.71233
    endloop
  endfacet
  facet normal 0 -1 0
    outer loop
      vertex 0.855165 11.8858 -8.03162
      vertex 0.955165 11.8858 16.8165
      vertex 0.855165 11.8858 16.8165
    endloop
  endfacet
  facet normal 0 -1 -0
    outer loop
      vertex 0.955165 11.8858 16.8165
      vertex 0.855165 11.8858 -8.03162
      vertex 0.955165 11.8858 -8.03162
    endloop
  endfacet
  facet normal 0 1 -0
    outer loop
      vertex 0.955165 11.5985 -7.22635
      vertex 0.855165 11.5985 16.0029
      vertex 0.955165 11.5985 16.0029
    endloop
  endfacet
  facet normal 0 1 0
    outer loop
      vertex 0.855165 11.5985 16.0029
      vertex 0.955165 11.5985 -7.22635
      vertex 0.855165 11.5985 -7.22635
    endloop
  endfacet
  facet normal 0 -1 0
    outer loop
      vertex 0.855165 16.4198 -7.16862
      vertex 0.955165 16.4198 15.9393
      vertex 0.855165 16.4198 15.9393
    endloop
  endfacet
  facet normal 0 -1 -0
    outer loop
      vertex 0.955165 16.4198 15.9393
      vertex 0.855165 16.4198 -7.16862
      vertex 0.955165 16.4198 -7.16862
    endloop
  endfacet
  facet normal 0 1 -0
    outer loop
      vertex 0.955165 16.1325 -7.8689
      vertex 0.855165 16.1325 16.6559
      vertex 0.955165 16.1325 16.6559
    endloop
  endfacet
  facet normal 0 1 0
    outer loop
      vertex 0.855165 16.1325 16.6559
      vertex 0.955165 16.1325 -7.8689
      vertex 0.855165 16.1325 -7.8689
    endloop
  endfacet
  facet normal 0 -1 0
    outer loop
      vertex 0.855165 18.0957 -4.69247
      vertex 0.955165 18.0957 13.4743
      vertex 0.855165 18.0957 13.4743
    endloop
  endfacet
  facet normal 0 -1 -0
    outer loop
      vertex 0.955165 18.0957 13.4743
      vertex 0.855165 18.0957 -4.69247
      vertex 0.955165 18.0957 -4.69247
    endloop
  endfacet
  facet normal 0 1 -0
    outer loop
      vertex 0.955165 17.8084 -5.0337
      vertex 0.855165 17.8084 13.8189
      vertex 0.955165 17.8084 13.8189
    endloop
  endfacet
  facet normal 0 1 0
    outer loop
      vertex 0.855165 17.8084 13.8189
      vertex 0.955165 17.8084 -5.0337
      vertex 0.855165 17.8084 -5.0337
    endloop
  endfacet
  facet normal 0 -1 0
    outer loop
      vertex 0.855165 8.77377 -4.18541
      vertex 0.955165 8.77377 12.9573
      vertex 0.855165 8.77377 12.9573
    endloop
  endfacet
  facet normal 0 -1 -0
    outer loop
      vertex 0.955165 8.77377 12.9573
      vertex 0.855165 8.77377 -4.18541
      vertex 0.955165 8.77377 -4.18541
    endloop
  endfacet
  facet normal 0 1 -0
    outer loop
      vertex 0.955165 8.48648 -3.78829
      vertex 0.855165 8.48648 12.5177
      vertex 0.955165 8.48648 12.5177
    endloop
  endfacet
  facet normal 0 1 0
    outer loop
      vertex 0.855165 8.48648 12.5177
      vertex 0.955165 8.48648 -3.78829
      vertex 0.855165 8.48648 -3.78829
    endloop
  endfacet
  facet normal 0 -1 0
    outer loop
      vertex 0.855165 10.3298 -6.50133
      vertex 0.955165 10.3298 15.2874
      vertex 0.855165 10.3298 15.2874
    endloop
  endfacet
  facet normal 0 -1 -0
    outer loop
      vertex 0.955165 10.3298 15.2874
      vertex 0.855165 10.3298 -6.50133
      vertex 0.955165 10.3298 -6.50133
    endloop
  endfacet
  facet normal 0 1 -0
    outer loop
      vertex 0.955165 10.0425 -4.86644
      vertex 0.855165 10.0425 13.6492
      vertex 0.955165 10.0425 13.6492
    endloop
  endfacet
  facet normal 0 1 0
    outer loop
      vertex 0.855165 10.0425 13.6492
      vertex 0.955165 10.0425 -4.86644
      vertex 0.855165 10.0425 -4.86644
    endloop
  endfacet
  facet normal 0 -1 0
    outer loop
      vertex 0.855165 4.7679 -2.38673
      vertex 0.955165 4.7679 1.07159
      vertex 0.855165 4.7679 1.1169
    endloop
  endfacet
  facet normal 0 -1 -0
    outer loop
      vertex 0.955165 4.7679 1.07159
      vertex 0.855165 4.7679 -2.38673
      vertex 0.955165 4.7679 -2.38673
    endloop
  endfacet
  facet normal 0 -1 0
    outer loop
      vertex 0.855165 4.7679 4.96844
      vertex 0.955165 4.7679 1.89469
      vertex 0.955165 4.7679 4.91796
    endloop
  endfacet
  facet normal -0 -1 0
    outer loop
      vertex 0.955165 4.7679 1.89469
      vertex 0.855165 4.7679 4.96844
      vertex 0.855165 4.7679 1.69534
    endloop
  endfacet
  facet normal 0 -1 0
    outer loop
      vertex 0.855165 4.7679 8.71233
      vertex 0.955165 4.7679 11.1327
      vertex 0.855165 4.7679 11.1327
    endloop
  endfacet
  facet normal 0 -1 -0
    outer loop
      vertex 0.955165 4.7679 11.1327
      vertex 0.855165 4.7679 8.71233
      vertex 0.955165 4.7679 8.71233
    endloop
  endfacet
  facet normal 0 1 0
    outer loop
      vertex 0.855165 4.48061 -2.04848
      vertex 0.955165 4.48061 1.03264
      vertex 0.955165 4.48061 -2.04848
    endloop
  endfacet
  facet normal 0 1 0
    outer loop
      vertex 0.955165 4.48061 1.03264
      vertex 0.855165 4.48061 -2.04848
      vertex 0.855165 4.48061 1.07957
    endloop
  endfacet
  facet normal 0 1 -0
    outer loop
      vertex 0.955165 4.48061 2.06608
      vertex 0.855165 4.48061 4.92685
      vertex 0.955165 4.48061 4.87457
    endloop
  endfacet
  facet normal 0 1 0
    outer loop
      vertex 0.855165 4.48061 4.92685
      vertex 0.955165 4.48061 2.06608
      vertex 0.855165 4.48061 1.8596
    endloop
  endfacet
  facet normal 0 1 -0
    outer loop
      vertex 0.955165 4.48061 8.71233
      vertex 0.855165 4.48061 10.8316
      vertex 0.955165 4.48061 10.8316
    endloop
  endfacet
  facet normal 0 1 0
    outer loop
      vertex 0.855165 4.48061 10.8316
      vertex 0.955165 4.48061 8.71233
      vertex 0.855165 4.48061 8.71233
    endloop
  endfacet
  facet normal -1 0 0
    outer loop
      vertex -0.855165 11.7977 16.4305
      vertex -0.855165 11.8858 16.8165
      vertex -0.855165 11.8858 -8.03162
    endloop
  endfacet
  facet normal -1 0 0
    outer loop
      vertex -0.855165 11.7972 -7.64331
      vertex -0.855165 11.8858 -8.03162
      vertex -0.855165 11.8207 -7.84523
    endloop
  endfacet
  facet normal -1 0 0
    outer loop
      vertex -0.855165 11.8858 16.8165
      vertex -0.855165 11.7977 16.4305
      vertex -0.855165 11.8212 16.6323
    endloop
  endfacet
  facet normal -1 0 0
    outer loop
      vertex -0.855165 11.8858 -8.03162
      vertex -0.855165 11.7972 -7.64331
      vertex -0.855165 11.7977 16.4305
    endloop
  endfacet
  facet normal -1 0 0
    outer loop
      vertex -0.855165 11.7972 -7.64331
      vertex -0.855165 11.7546 16.2301
      vertex -0.855165 11.7977 16.4305
    endloop
  endfacet
  facet normal -1 0 0
    outer loop
      vertex -0.855165 11.7541 -7.44379
      vertex -0.855165 11.7546 16.2301
      vertex -0.855165 11.7972 -7.64331
    endloop
  endfacet
  facet normal -1 0 0
    outer loop
      vertex -0.855165 11.7541 -7.44379
      vertex -0.855165 11.632 16.0327
      vertex -0.855165 11.7546 16.2301
    endloop
  endfacet
  facet normal -1 0 0
    outer loop
      vertex -0.855165 11.6314 -7.25269
      vertex -0.855165 11.632 16.0327
      vertex -0.855165 11.7541 -7.44379
    endloop
  endfacet
  facet normal -1 0 0
    outer loop
      vertex -0.855165 11.5985 16.0029
      vertex -0.855165 11.6314 -7.25269
      vertex -0.855165 11.5985 -7.22635
    endloop
  endfacet
  facet normal -1 0 0
    outer loop
      vertex -0.855165 11.6314 -7.25269
      vertex -0.855165 11.5985 16.0029
      vertex -0.855165 11.632 16.0327
    endloop
  endfacet
  facet normal -1 0 0
    outer loop
      vertex -0.855165 16.3234 -7.25269
      vertex -0.855165 16.4198 15.9393
      vertex -0.855165 16.4198 -7.16862
    endloop
  endfacet
  facet normal -1 -0 0
    outer loop
      vertex -0.855165 16.4198 15.9393
      vertex -0.855165 16.3234 -7.25269
      vertex -0.855165 16.3237 16.0327
    endloop
  endfacet
  facet normal -1 0 0
    outer loop
      vertex -0.855165 16.2066 -7.44377
      vertex -0.855165 16.3237 16.0327
      vertex -0.855165 16.3234 -7.25269
    endloop
  endfacet
  facet normal -1 -0 0
    outer loop
      vertex -0.855165 16.3237 16.0327
      vertex -0.855165 16.2066 -7.44377
      vertex -0.855165 16.2067 16.2301
    endloop
  endfacet
  facet normal -1 0 0
    outer loop
      vertex -0.855165 16.1644 -7.64331
      vertex -0.855165 16.2067 16.2301
      vertex -0.855165 16.2066 -7.44377
    endloop
  endfacet
  facet normal -1 0 0
    outer loop
      vertex -0.855165 16.1644 -7.64331
      vertex -0.855165 16.1643 16.4305
      vertex -0.855165 16.2067 16.2301
    endloop
  endfacet
  facet normal -1 0 0
    outer loop
      vertex -0.855165 16.1325 16.6559
      vertex -0.855165 16.1643 16.4305
      vertex -0.855165 16.1644 -7.64331
    endloop
  endfacet
  facet normal -1 0 0
    outer loop
      vertex -0.855165 16.1325 -7.8689
      vertex -0.855165 16.1644 -7.64331
      vertex -0.855165 16.1408 -7.84523
    endloop
  endfacet
  facet normal -1 0 0
    outer loop
      vertex -0.855165 16.1325 16.6559
      vertex -0.855165 16.1644 -7.64331
      vertex -0.855165 16.1325 -7.8689
    endloop
  endfacet
  facet normal -1 0 0
    outer loop
      vertex -0.855165 16.1643 16.4305
      vertex -0.855165 16.1325 16.6559
      vertex -0.855165 16.1408 16.6323
    endloop
  endfacet
  facet normal -1 0 0
    outer loop
      vertex -0.855165 18.0805 -4.69952
      vertex -0.855165 18.0957 13.4743
      vertex -0.855165 18.0957 -4.69247
    endloop
  endfacet
  facet normal -1 -0 0
    outer loop
      vertex -0.855165 18.0957 13.4743
      vertex -0.855165 18.0805 -4.69952
      vertex -0.855165 18.0815 13.4816
    endloop
  endfacet
  facet normal -1 0 0
    outer loop
      vertex -0.855165 18.0805 -4.69952
      vertex -0.855165 17.8991 13.6585
      vertex -0.855165 18.0815 13.4816
    endloop
  endfacet
  facet normal -1 0 0
    outer loop
      vertex -0.855165 17.8976 -4.8736
      vertex -0.855165 17.8991 13.6585
      vertex -0.855165 18.0805 -4.69952
    endloop
  endfacet
  facet normal -1 0 0
    outer loop
      vertex -0.855165 17.8084 -5.0337
      vertex -0.855165 17.8991 13.6585
      vertex -0.855165 17.8976 -4.8736
    endloop
  endfacet
  facet normal -1 -0 0
    outer loop
      vertex -0.855165 17.8991 13.6585
      vertex -0.855165 17.8084 -5.0337
      vertex -0.855165 17.8084 13.8189
    endloop
  endfacet
  facet normal -1 0 0
    outer loop
      vertex -0.855165 8.49196 -3.79652
      vertex -0.855165 8.77377 -4.18541
      vertex -0.855165 8.75137 -4.16548
    endloop
  endfacet
  facet normal -1 0 0
    outer loop
      vertex -0.855165 8.77377 -4.18541
      vertex -0.855165 8.49196 12.5243
      vertex -0.855165 8.77377 12.9573
    endloop
  endfacet
  facet normal -1 0 0
    outer loop
      vertex -0.855165 8.77377 -4.18541
      vertex -0.855165 8.49196 -3.79652
      vertex -0.855165 8.48648 -3.78829
    endloop
  endfacet
  facet normal -1 0 0
    outer loop
      vertex -0.855165 8.77377 12.9573
      vertex -0.855165 8.49196 12.5243
      vertex -0.855165 8.75085 12.9356
    endloop
  endfacet
  facet normal -1 0 0
    outer loop
      vertex -0.855165 8.77377 -4.18541
      vertex -0.855165 8.48648 -3.78829
      vertex -0.855165 8.49196 12.5243
    endloop
  endfacet
  facet normal -1 0 0
    outer loop
      vertex -0.855165 8.49196 12.5243
      vertex -0.855165 8.48648 -3.78829
      vertex -0.855165 8.48648 12.5177
    endloop
  endfacet
  facet normal -1 0 0
    outer loop
      vertex -0.855165 10.3298 15.2874
      vertex -0.855165 10.1665 -5.09932
      vertex -0.855165 10.1921 14.1288
    endloop
  endfacet
  facet normal -1 0 0
    outer loop
      vertex -0.855165 10.1665 -5.09932
      vertex -0.855165 10.1665 13.879
      vertex -0.855165 10.1921 14.1288
    endloop
  endfacet
  facet normal -1 0 0
    outer loop
      vertex -0.855165 10.051 -4.87415
      vertex -0.855165 10.1665 13.879
      vertex -0.855165 10.1665 -5.09932
    endloop
  endfacet
  facet normal -1 0 0
    outer loop
      vertex -0.855165 10.051 -4.87415
      vertex -0.855165 10.051 13.657
      vertex -0.855165 10.1665 13.879
    endloop
  endfacet
  facet normal -1 0 0
    outer loop
      vertex -0.855165 10.0425 -4.86644
      vertex -0.855165 10.051 13.657
      vertex -0.855165 10.051 -4.87415
    endloop
  endfacet
  facet normal -1 0 0
    outer loop
      vertex -0.855165 10.051 13.657
      vertex -0.855165 10.0425 -4.86644
      vertex -0.855165 10.0425 13.6492
    endloop
  endfacet
  facet normal -1 0 0
    outer loop
      vertex -0.855165 10.1921 -6.11369
      vertex -0.855165 10.3298 -6.50133
      vertex -0.855165 10.2529 -6.36649
    endloop
  endfacet
  facet normal -1 0 0
    outer loop
      vertex -0.855165 10.1665 -5.09932
      vertex -0.855165 10.3298 -6.50133
      vertex -0.855165 10.1921 -5.3587
    endloop
  endfacet
  facet normal -1 0 0
    outer loop
      vertex -0.855165 10.3298 -6.50133
      vertex -0.855165 10.1921 -6.11369
      vertex -0.855165 10.1921 -5.3587
    endloop
  endfacet
  facet normal -1 0 0
    outer loop
      vertex -0.855165 10.3298 -6.50133
      vertex -0.855165 10.1665 -5.09932
      vertex -0.855165 10.3298 15.2874
    endloop
  endfacet
  facet normal -1 0 0
    outer loop
      vertex -0.855165 10.1911 14.8838
      vertex -0.855165 10.3298 15.2874
      vertex -0.855165 10.1921 14.1288
    endloop
  endfacet
  facet normal -1 0 0
    outer loop
      vertex -0.855165 10.3298 15.2874
      vertex -0.855165 10.1911 14.8838
      vertex -0.855165 10.2512 15.147
    endloop
  endfacet
  facet normal -1 0 0
    outer loop
      vertex -0.855165 4.69998 -2.25986
      vertex -0.855165 4.7679 3.13366
      vertex -0.855165 4.7679 -2.38673
    endloop
  endfacet
  facet normal -1 0 0
    outer loop
      vertex -0.855165 4.60138 -2.14255
      vertex -0.855165 4.7679 3.13366
      vertex -0.855165 4.69998 -2.25986
    endloop
  endfacet
  facet normal -1 0 0
    outer loop
      vertex -0.855165 4.60138 -2.14255
      vertex -0.855165 4.59394 3.01444
      vertex -0.855165 4.7679 3.13366
    endloop
  endfacet
  facet normal -1 0 0
    outer loop
      vertex -0.855165 4.48061 -2.04848
      vertex -0.855165 4.59394 3.01444
      vertex -0.855165 4.60138 -2.14255
    endloop
  endfacet
  facet normal -1 0 0
    outer loop
      vertex -0.855165 4.59394 3.01444
      vertex -0.855165 4.48061 -2.04848
      vertex -0.855165 4.48061 2.9673
    endloop
  endfacet
  facet normal -1 0 0
    outer loop
      vertex -0.855165 4.7679 3.88791
      vertex -0.855165 4.60146 10.9094
      vertex -0.855165 4.7679 11.1327
    endloop
  endfacet
  facet normal -1 0 0
    outer loop
      vertex -0.855165 4.48061 10.8316
      vertex -0.855165 4.7679 3.88791
      vertex -0.855165 4.59394 3.91275
    endloop
  endfacet
  facet normal -1 0 0
    outer loop
      vertex -0.855165 4.48061 10.8316
      vertex -0.855165 4.59394 3.91275
      vertex -0.855165 4.48061 3.92257
    endloop
  endfacet
  facet normal -1 0 0
    outer loop
      vertex -0.855165 4.7679 3.88791
      vertex -0.855165 4.48061 10.8316
      vertex -0.855165 4.60146 10.9094
    endloop
  endfacet
  facet normal 0 -1 0
    outer loop
      vertex -0.955165 11.8858 -8.03162
      vertex -0.855165 11.8858 16.8165
      vertex -0.955165 11.8858 16.8165
    endloop
  endfacet
  facet normal 0 -1 -0
    outer loop
      vertex -0.855165 11.8858 16.8165
      vertex -0.955165 11.8858 -8.03162
      vertex -0.855165 11.8858 -8.03162
    endloop
  endfacet
  facet normal 0 1 -0
    outer loop
      vertex -0.855165 11.5985 -7.22635
      vertex -0.955165 11.5985 16.0029
      vertex -0.855165 11.5985 16.0029
    endloop
  endfacet
  facet normal 0 1 0
    outer loop
      vertex -0.955165 11.5985 16.0029
      vertex -0.855165 11.5985 -7.22635
      vertex -0.955165 11.5985 -7.22635
    endloop
  endfacet
  facet normal 0 -1 0
    outer loop
      vertex -0.955165 16.4198 -7.16862
      vertex -0.855165 16.4198 15.9393
      vertex -0.955165 16.4198 15.9393
    endloop
  endfacet
  facet normal 0 -1 -0
    outer loop
      vertex -0.855165 16.4198 15.9393
      vertex -0.955165 16.4198 -7.16862
      vertex -0.855165 16.4198 -7.16862
    endloop
  endfacet
  facet normal 0 1 -0
    outer loop
      vertex -0.855165 16.1325 -7.8689
      vertex -0.955165 16.1325 16.6559
      vertex -0.855165 16.1325 16.6559
    endloop
  endfacet
  facet normal 0 1 0
    outer loop
      vertex -0.955165 16.1325 16.6559
      vertex -0.855165 16.1325 -7.8689
      vertex -0.955165 16.1325 -7.8689
    endloop
  endfacet
  facet normal 0 -1 0
    outer loop
      vertex -0.955165 18.0957 -4.69247
      vertex -0.855165 18.0957 13.4743
      vertex -0.955165 18.0957 13.4743
    endloop
  endfacet
  facet normal 0 -1 -0
    outer loop
      vertex -0.855165 18.0957 13.4743
      vertex -0.955165 18.0957 -4.69247
      vertex -0.855165 18.0957 -4.69247
    endloop
  endfacet
  facet normal 0 1 -0
    outer loop
      vertex -0.855165 17.8084 -5.0337
      vertex -0.955165 17.8084 13.8189
      vertex -0.855165 17.8084 13.8189
    endloop
  endfacet
  facet normal 0 1 0
    outer loop
      vertex -0.955165 17.8084 13.8189
      vertex -0.855165 17.8084 -5.0337
      vertex -0.955165 17.8084 -5.0337
    endloop
  endfacet
  facet normal 0 -1 0
    outer loop
      vertex -0.955165 8.77377 -4.18541
      vertex -0.855165 8.77377 12.9573
      vertex -0.955165 8.77377 12.9573
    endloop
  endfacet
  facet normal 0 -1 -0
    outer loop
      vertex -0.855165 8.77377 12.9573
      vertex -0.955165 8.77377 -4.18541
      vertex -0.855165 8.77377 -4.18541
    endloop
  endfacet
  facet normal 0 1 -0
    outer loop
      vertex -0.855165 8.48648 -3.78829
      vertex -0.955165 8.48648 12.5177
      vertex -0.855165 8.48648 12.5177
    endloop
  endfacet
  facet normal 0 1 0
    outer loop
      vertex -0.955165 8.48648 12.5177
      vertex -0.855165 8.48648 -3.78829
      vertex -0.955165 8.48648 -3.78829
    endloop
  endfacet
  facet normal 0 -1 0
    outer loop
      vertex -0.955165 10.3298 -6.50133
      vertex -0.855165 10.3298 15.2874
      vertex -0.955165 10.3298 15.2874
    endloop
  endfacet
  facet normal 0 -1 -0
    outer loop
      vertex -0.855165 10.3298 15.2874
      vertex -0.955165 10.3298 -6.50133
      vertex -0.855165 10.3298 -6.50133
    endloop
  endfacet
  facet normal 0 1 -0
    outer loop
      vertex -0.855165 10.0425 -4.86644
      vertex -0.955165 10.0425 13.6492
      vertex -0.855165 10.0425 13.6492
    endloop
  endfacet
  facet normal 0 1 0
    outer loop
      vertex -0.955165 10.0425 13.6492
      vertex -0.855165 10.0425 -4.86644
      vertex -0.955165 10.0425 -4.86644
    endloop
  endfacet
  facet normal 0 -1 0
    outer loop
      vertex -0.855165 4.7679 -2.38673
      vertex -0.955165 4.7679 2.93177
      vertex -0.955165 4.7679 -2.38673
    endloop
  endfacet
  facet normal 0 -1 0
    outer loop
      vertex -0.955165 4.7679 2.93177
      vertex -0.855165 4.7679 -2.38673
      vertex -0.855165 4.7679 3.13366
    endloop
  endfacet
  facet normal 0 -1 0
    outer loop
      vertex -0.955165 4.7679 3.92997
      vertex -0.855165 4.7679 11.1327
      vertex -0.955165 4.7679 11.1327
    endloop
  endfacet
  facet normal 0 -1 -0
    outer loop
      vertex -0.855165 4.7679 11.1327
      vertex -0.955165 4.7679 3.92997
      vertex -0.855165 4.7679 3.88791
    endloop
  endfacet
  facet normal 0 1 -0
    outer loop
      vertex -0.855165 4.48061 -2.04848
      vertex -0.955165 4.48061 2.7582
      vertex -0.855165 4.48061 2.9673
    endloop
  endfacet
  facet normal 0 1 0
    outer loop
      vertex -0.955165 4.48061 2.7582
      vertex -0.855165 4.48061 -2.04848
      vertex -0.955165 4.48061 -2.04848
    endloop
  endfacet
  facet normal 0 1 0
    outer loop
      vertex -0.855165 4.48061 10.8316
      vertex -0.955165 4.48061 3.96613
      vertex -0.955165 4.48061 10.8316
    endloop
  endfacet
  facet normal -0 1 0
    outer loop
      vertex -0.955165 4.48061 3.96613
      vertex -0.855165 4.48061 10.8316
      vertex -0.855165 4.48061 3.92257
    endloop
  endfacet
endsolid OpenSCAD_Model
