solid OpenSCAD_Model
  facet normal -1 7.00826e-08 0.000208073
    outer loop
      vertex -0.955052 -1.58543 0.482758
      vertex -0.955031 0 0.58315
      vertex -0.955052 -1.70396e-07 0.482224
    endloop
  endfacet
  facet normal -1 -1.30994e-07 0.000211249
    outer loop
      vertex -0.955031 0 0.58315
      vertex -0.955052 -1.58543 0.482758
      vertex -0.954834 0 1.5157
    endloop
  endfacet
  facet normal -1 4.16632e-06 0.000205944
    outer loop
      vertex -0.955138 -2.09033 0.079447
      vertex -0.955093 -1.73613 0.290787
      vertex -0.955124 -1.9344 0.144272
    endloop
  endfacet
  facet normal -1 -7.26059e-07 0.000214144
    outer loop
      vertex -0.955093 -1.73613 0.290787
      vertex -0.955138 -2.09033 0.079447
      vertex -0.955052 -1.58543 0.482758
    endloop
  endfacet
  facet normal -1 0 0.000211662
    outer loop
      vertex -0.954834 -25.8978 1.5157
      vertex -0.955138 -2.09033 0.079447
      vertex -0.955138 -24.48 0.079447
    endloop
  endfacet
  facet normal -1 8.82363e-08 0.000213124
    outer loop
      vertex -0.955138 -2.09033 0.079447
      vertex -0.954834 -25.8978 1.5157
      vertex -0.955052 -1.58543 0.482758
    endloop
  endfacet
  facet normal -1 0 0.000211048
    outer loop
      vertex -0.955052 -1.58543 0.482758
      vertex -0.954834 -25.8978 1.5157
      vertex -0.954834 0 1.5157
    endloop
  endfacet
  facet normal -0.905009 0 0.425392
    outer loop
      vertex -0.954834 -25.8978 1.5157
      vertex 0.000289917 0 3.5477
      vertex -0.954834 0 1.5157
    endloop
  endfacet
  facet normal -0.90501 -6.72316e-06 0.42539
    outer loop
      vertex 0.000289917 -26.6702 3.5477
      vertex -0.954834 -25.8978 1.5157
      vertex -0.757819 -26.3116 1.93484
    endloop
  endfacet
  facet normal -0.905008 1.53883e-05 0.425394
    outer loop
      vertex 0.000289917 -26.6702 3.5477
      vertex -0.757819 -26.3116 1.93484
      vertex -0.641585 -26.4973 2.18213
    endloop
  endfacet
  facet normal -0.905009 -2.45456e-07 0.425392
    outer loop
      vertex 0.000289917 -26.6702 3.5477
      vertex -0.641585 -26.4973 2.18213
      vertex -0.512441 -26.6364 2.45688
    endloop
  endfacet
  facet normal -0.905009 0 0.425392
    outer loop
      vertex -0.954834 -25.8978 1.5157
      vertex 0.000289917 -26.6702 3.5477
      vertex 0.000289917 0 3.5477
    endloop
  endfacet
  facet normal -0.905009 -1.01955e-05 0.425392
    outer loop
      vertex -0.373665 -26.7237 2.75212
      vertex 0.000289917 -26.6702 3.5477
      vertex -0.512441 -26.6364 2.45688
    endloop
  endfacet
  facet normal -0.905009 -2.2339e-05 0.425392
    outer loop
      vertex -0.228534 -26.7539 3.06088
      vertex 0.000289917 -26.6702 3.5477
      vertex -0.373665 -26.7237 2.75212
    endloop
  endfacet
  facet normal -0.905012 1.67939e-05 0.425387
    outer loop
      vertex 0.000289917 -26.6702 3.5477
      vertex -0.228534 -26.7539 3.06088
      vertex -0.0836687 -26.7237 3.36908
    endloop
  endfacet
  facet normal 0 0 0
    outer loop
      vertex 0.000289917 0 3.5477
      vertex 0.000289917 0 3.80116
      vertex 0.000289917 0 3.54819
    endloop
  endfacet
  facet normal 0 0 0
    outer loop
      vertex 0.000289917 0 3.5477
      vertex 0.000289917 0 3.80165
      vertex 0.000289917 0 3.80116
    endloop
  endfacet
  facet normal -1 0 0
    outer loop
      vertex 0.000289917 0 3.5477
      vertex 0.000289917 -26.5618 3.80165
      vertex 0.000289917 0 3.80165
    endloop
  endfacet
  facet normal -1 0 0
    outer loop
      vertex 0.000289917 -26.6702 3.5477
      vertex 0.000289917 -26.5618 3.80165
      vertex 0.000289917 0 3.5477
    endloop
  endfacet
  facet normal -1 0 0
    outer loop
      vertex 0.000289917 -26.5618 3.80165
      vertex 0.000289917 -26.6702 3.5477
      vertex 0.000289917 -26.6364 3.66025
    endloop
  endfacet
  facet normal -0.405258 -0.0001591 -0.914202
    outer loop
      vertex -0.782634 -26.3116 4.14867
      vertex 0.000289917 -26.5618 3.80165
      vertex -0.275017 -26.4973 3.92368
    endloop
  endfacet
  facet normal -0.405276 -0.000225629 -0.914194
    outer loop
      vertex 0.000289917 -26.5618 3.80165
      vertex -0.782634 -26.3116 4.14867
      vertex -0.954834 -26.2354 4.22499
    endloop
  endfacet
  facet normal -0.405211 0 -0.914223
    outer loop
      vertex 0.000289917 -26.5618 3.80165
      vertex -0.954834 -26.2354 4.22499
      vertex 0.000289917 0 3.80165
    endloop
  endfacet
  facet normal -0.405211 0 -0.914223
    outer loop
      vertex 0.000289917 0 3.80165
      vertex -0.954834 -26.2354 4.22499
      vertex -0.954834 -5.57248e-07 4.22499
    endloop
  endfacet
  facet normal -0.405211 0 -0.914223
    outer loop
      vertex 0.000289917 0 3.80165
      vertex -0.954834 -5.57248e-07 4.22499
      vertex -0.954834 0 4.22499
    endloop
  endfacet
  facet normal -1 -7.83662e-10 7.48797e-05
    outer loop
      vertex -0.954834 -5.57248e-07 4.22499
      vertex -0.954498 -4.77755 8.71214
      vertex -0.954498 -1.7055e-11 8.71219
    endloop
  endfacet
  facet normal -1 1.96729e-07 7.509e-05
    outer loop
      vertex -0.954834 -5.57248e-07 4.22499
      vertex -0.954542 -5.47371 8.128
      vertex -0.954498 -4.77755 8.71214
    endloop
  endfacet
  facet normal -1 0 7.48141e-05
    outer loop
      vertex -0.954834 -5.57248e-07 4.22499
      vertex -0.954542 -6.26109 8.128
      vertex -0.954542 -5.47371 8.128
    endloop
  endfacet
  facet normal -1 -5.64758e-10 7.53263e-05
    outer loop
      vertex -0.954542 -6.26109 8.128
      vertex -0.954498 -8.29101 8.71211
      vertex -0.954498 -6.95723 8.71212
    endloop
  endfacet
  facet normal -1 1.30785e-07 7.50239e-05
    outer loop
      vertex -0.954571 -9.44119 7.747
      vertex -0.954542 -6.26109 8.128
      vertex -0.954834 -5.57248e-07 4.22499
    endloop
  endfacet
  facet normal -1 6.65887e-08 7.55597e-05
    outer loop
      vertex -0.954542 -6.26109 8.128
      vertex -0.954571 -9.44119 7.747
      vertex -0.954498 -8.29101 8.71211
    endloop
  endfacet
  facet normal -1 0 7.46733e-05
    outer loop
      vertex -0.954834 -5.57248e-07 4.22499
      vertex -0.954571 -10.2286 7.747
      vertex -0.954571 -9.44119 7.747
    endloop
  endfacet
  facet normal -1 0 7.56414e-05
    outer loop
      vertex -0.954571 -10.2286 7.747
      vertex -0.954498 -11.8045 8.71208
      vertex -0.954498 -11.3787 8.71208
    endloop
  endfacet
  facet normal -1 -2.15497e-07 7.52895e-05
    outer loop
      vertex -0.954571 -10.2286 7.747
      vertex -0.954599 -13.4087 7.366
      vertex -0.954498 -11.8045 8.71208
    endloop
  endfacet
  facet normal -1 -1.05099e-07 7.4368e-05
    outer loop
      vertex -0.954834 -5.57248e-07 4.22499
      vertex -0.954599 -13.4087 7.366
      vertex -0.954571 -10.2286 7.747
    endloop
  endfacet
  facet normal -1 8.84609e-08 7.51943e-05
    outer loop
      vertex -0.954628 -17.3761 6.985
      vertex -0.954599 -13.4087 7.366
      vertex -0.954834 -5.57248e-07 4.22499
    endloop
  endfacet
  facet normal -1 9.6622e-08 7.5309e-05
    outer loop
      vertex -0.954599 -14.1961 7.366
      vertex -0.954628 -17.3761 6.985
      vertex -0.954513 -15.5591 8.50971
    endloop
  endfacet
  facet normal -1 0 7.61155e-05
    outer loop
      vertex -0.954599 -13.4087 7.366
      vertex -0.954628 -17.3761 6.985
      vertex -0.954599 -14.1961 7.366
    endloop
  endfacet
  facet normal -1 0 7.46374e-05
    outer loop
      vertex -0.954834 -26.2354 4.22499
      vertex -0.954628 -17.3761 6.985
      vertex -0.954834 -5.57248e-07 4.22499
    endloop
  endfacet
  facet normal -1 -1.78546e-07 7.49811e-05
    outer loop
      vertex -0.954628 -18.1635 6.985
      vertex -0.954656 -21.3436 6.604
      vertex -0.954542 -19.5266 8.12871
    endloop
  endfacet
  facet normal -1 0 7.46374e-05
    outer loop
      vertex -0.954628 -17.3761 6.985
      vertex -0.954834 -26.2354 4.22499
      vertex -0.954628 -18.1635 6.985
    endloop
  endfacet
  facet normal -1 -2.11466e-07 7.52559e-05
    outer loop
      vertex -0.954628 -18.1635 6.985
      vertex -0.954834 -26.2354 4.22499
      vertex -0.954656 -21.3436 6.604
    endloop
  endfacet
  facet normal -1 6.2681e-08 7.47129e-05
    outer loop
      vertex -0.954656 -22.131 6.604
      vertex -0.954834 -26.2354 4.22499
      vertex -0.954597 -23.0731 7.39448
    endloop
  endfacet
  facet normal -1 0 7.4821e-05
    outer loop
      vertex -0.954656 -21.3436 6.604
      vertex -0.954834 -26.2354 4.22499
      vertex -0.954656 -22.131 6.604
    endloop
  endfacet
  facet normal 1 -0 0
    outer loop
      vertex 0.000289917 -4.77755 8.71214
      vertex 0.000289917 0 5.07214
      vertex 0.000289917 0 8.71219
    endloop
  endfacet
  facet normal 1 -0 0
    outer loop
      vertex 0.000289917 -5.47371 8.128
      vertex 0.000289917 0 5.07214
      vertex 0.000289917 -4.77755 8.71214
    endloop
  endfacet
  facet normal 1 0 0
    outer loop
      vertex 0.000289917 0 5.07214
      vertex 0.000289917 -5.47371 8.128
      vertex 0.000289917 0 5.07166
    endloop
  endfacet
  facet normal 1 -0 0
    outer loop
      vertex 0.000289917 -6.26109 8.128
      vertex 0.000289917 0 5.07166
      vertex 0.000289917 -5.47371 8.128
    endloop
  endfacet
  facet normal 1 -0 0
    outer loop
      vertex 0.000289917 -8.29101 8.71211
      vertex 0.000289917 -6.26109 8.128
      vertex 0.000289917 -6.95723 8.71212
    endloop
  endfacet
  facet normal 1 0 0
    outer loop
      vertex 0.000289917 -9.44119 7.747
      vertex 0.000289917 -6.26109 8.128
      vertex 0.000289917 -8.29101 8.71211
    endloop
  endfacet
  facet normal 1 0 0
    outer loop
      vertex 0.000289917 -6.26109 8.128
      vertex 0.000289917 -9.44119 7.747
      vertex 0.000289917 0 5.07166
    endloop
  endfacet
  facet normal 1 0 0
    outer loop
      vertex 0.000289917 -13.4087 7.366
      vertex 0.000289917 -9.44119 7.747
      vertex 0.000289917 -10.2286 7.747
    endloop
  endfacet
  facet normal 1 -0 0
    outer loop
      vertex 0.000289917 -11.8045 8.71208
      vertex 0.000289917 -10.2286 7.747
      vertex 0.000289917 -11.3787 8.71208
    endloop
  endfacet
  facet normal 1 0 0
    outer loop
      vertex 0.000289917 -13.4087 7.366
      vertex 0.000289917 -10.2286 7.747
      vertex 0.000289917 -11.8045 8.71208
    endloop
  endfacet
  facet normal 1 0 0
    outer loop
      vertex 0.000289917 -9.44119 7.747
      vertex 0.000289917 -13.4087 7.366
      vertex 0.000289917 0 5.07166
    endloop
  endfacet
  facet normal 1 0 0
    outer loop
      vertex 0.000289917 -17.3761 6.985
      vertex 0.000289917 -13.4087 7.366
      vertex 0.000289917 -14.1961 7.366
    endloop
  endfacet
  facet normal 1 0 0
    outer loop
      vertex 0.000289917 -17.3761 6.985
      vertex 0.000289917 -14.1961 7.366
      vertex 0.000289917 -15.5591 8.50971
    endloop
  endfacet
  facet normal 1 0 0
    outer loop
      vertex 0.000289917 -13.4087 7.366
      vertex 0.000289917 -17.3761 6.985
      vertex 0.000289917 0 5.07166
    endloop
  endfacet
  facet normal 1 0 0
    outer loop
      vertex 0.000289917 -25.3907 5.07166
      vertex 0.000289917 -17.3761 6.985
      vertex 0.000289917 -18.1635 6.985
    endloop
  endfacet
  facet normal 1 0 0
    outer loop
      vertex 0.000289917 -21.3436 6.604
      vertex 0.000289917 -18.1635 6.985
      vertex 0.000289917 -19.5266 8.12871
    endloop
  endfacet
  facet normal 1 0 0
    outer loop
      vertex 0.000289917 -25.3907 5.07166
      vertex 0.000289917 -18.1635 6.985
      vertex 0.000289917 -21.3436 6.604
    endloop
  endfacet
  facet normal 1 0 0
    outer loop
      vertex 0.000289917 -25.3907 5.07166
      vertex 0.000289917 -21.3436 6.604
      vertex 0.000289917 -22.131 6.604
    endloop
  endfacet
  facet normal 1 0 0
    outer loop
      vertex 0.000289917 -17.3761 6.985
      vertex 0.000289917 -25.3907 5.07166
      vertex 0.000289917 0 5.07166
    endloop
  endfacet
  facet normal 1 0 0
    outer loop
      vertex 0.000289917 -25.3907 5.07166
      vertex 0.000289917 -22.131 6.604
      vertex 0.000289917 -23.0731 7.39448
    endloop
  endfacet
  facet normal 0.469625 -0 0.882866
    outer loop
      vertex 0.000289917 -25.3907 5.07166
      vertex 0.955093 0 4.56377
      vertex 0.000289917 0 5.07166
    endloop
  endfacet
  facet normal 0.469625 0 0.882866
    outer loop
      vertex 0.955093 0 4.56377
      vertex 0.000289917 -25.3907 5.07166
      vertex 0.955093 -25.8974 4.56377
    endloop
  endfacet
  facet normal 1 -0 4.88143e-05
    outer loop
      vertex 0.955093 -25.8974 4.56377
      vertex 0.955124 0 3.92871
      vertex 0.955093 0 4.56377
    endloop
  endfacet
  facet normal 1 -3.85957e-08 4.72404e-05
    outer loop
      vertex 0.955124 0 3.92871
      vertex 0.955093 -25.8974 4.56377
      vertex 0.955154 -3.57723e-07 3.29366
    endloop
  endfacet
  facet normal 1 4.50529e-07 4.77316e-05
    outer loop
      vertex 0.955154 -26.7311 3.29366
      vertex 0.955093 -25.8974 4.56377
      vertex 0.955113 -26.3116 4.14867
    endloop
  endfacet
  facet normal 1 2.80345e-06 4.65772e-05
    outer loop
      vertex 0.955154 -26.7311 3.29366
      vertex 0.955113 -26.3116 4.14867
      vertex 0.955124 -26.4973 3.92368
    endloop
  endfacet
  facet normal 1 1.10329e-05 4.35233e-05
    outer loop
      vertex 0.955154 -26.7311 3.29366
      vertex 0.955124 -26.4973 3.92368
      vertex 0.955137 -26.6364 3.66025
    endloop
  endfacet
  facet normal 1 4.11716e-05 3.57376e-05
    outer loop
      vertex 0.955154 -26.7311 3.29366
      vertex 0.955137 -26.6364 3.66025
      vertex 0.955151 -26.7237 3.36908
    endloop
  endfacet
  facet normal 1 0 4.80273e-05
    outer loop
      vertex 0.955093 -25.8974 4.56377
      vertex 0.955154 -26.7311 3.29366
      vertex 0.955154 -3.57723e-07 3.29366
    endloop
  endfacet
  facet normal 0.902921 0 -0.429806
    outer loop
      vertex 0.955154 -3.57723e-07 3.29366
      vertex 0.0684967 0 1.431
      vertex 0.955154 0 3.29366
    endloop
  endfacet
  facet normal 0.902921 0 -0.429806
    outer loop
      vertex 0.955154 -3.57723e-07 3.29366
      vertex 0.0684967 -25.8142 1.431
      vertex 0.0684967 0 1.431
    endloop
  endfacet
  facet normal 0.902921 0 -0.429806
    outer loop
      vertex 0.955154 -26.7311 3.29366
      vertex 0.0684967 -25.8142 1.431
      vertex 0.955154 -3.57723e-07 3.29366
    endloop
  endfacet
  facet normal 0.902924 1.09951e-05 -0.429801
    outer loop
      vertex 0.0684967 -25.8142 1.431
      vertex 0.955154 -26.7311 3.29366
      vertex 0.308336 -26.3116 1.93484
    endloop
  endfacet
  facet normal 0.902921 -1.33886e-05 -0.429807
    outer loop
      vertex 0.308336 -26.3116 1.93484
      vertex 0.955154 -26.7311 3.29366
      vertex 0.426048 -26.4973 2.18213
    endloop
  endfacet
  facet normal 0.902922 6.88432e-06 -0.429804
    outer loop
      vertex 0.426048 -26.4973 2.18213
      vertex 0.955154 -26.7311 3.29366
      vertex 0.556834 -26.6364 2.45688
    endloop
  endfacet
  facet normal 0.902923 2.13137e-05 -0.429803
    outer loop
      vertex 0.556834 -26.6364 2.45688
      vertex 0.955154 -26.7311 3.29366
      vertex 0.697374 -26.7237 2.75212
    endloop
  endfacet
  facet normal 0.902923 7.89508e-05 -0.429802
    outer loop
      vertex 0.697374 -26.7237 2.75212
      vertex 0.955154 -26.7311 3.29366
      vertex 0.84435 -26.7539 3.06088
    endloop
  endfacet
  facet normal 0 0 0
    outer loop
      vertex 0.0684967 0 1.431
      vertex 0.0684967 0 1.17747
      vertex 0.0684967 0 1.43051
    endloop
  endfacet
  facet normal 0 0 0
    outer loop
      vertex 0.0684967 0 1.431
      vertex 0.0684967 0 1.17699
      vertex 0.0684967 0 1.17747
    endloop
  endfacet
  facet normal 1 0 0
    outer loop
      vertex 0.0684967 0 1.431
      vertex 0.0684967 -25.5635 1.17699
      vertex 0.0684967 0 1.17699
    endloop
  endfacet
  facet normal 1 0 -0
    outer loop
      vertex 0.0684967 -25.5635 1.17699
      vertex 0.0684967 0 1.431
      vertex 0.0684967 -25.8142 1.431
    endloop
  endfacet
  facet normal 0.430891 0 0.902404
    outer loop
      vertex 0.0684967 0 1.17699
      vertex 0.955093 -25.1456 0.753647
      vertex 0.955093 0 0.753647
    endloop
  endfacet
  facet normal 0.430891 0 0.902404
    outer loop
      vertex 0.955093 -25.1456 0.753647
      vertex 0.0684967 0 1.17699
      vertex 0.0684967 -25.5635 1.17699
    endloop
  endfacet
  facet normal 1 0 0
    outer loop
      vertex 0.955093 0 0.753647
      vertex 0.955093 -1.58543 0.482758
      vertex 0.955093 0 0.482224
    endloop
  endfacet
  facet normal 1 0 0
    outer loop
      vertex 0.955093 -2.09035 0.0794382
      vertex 0.955093 -1.73613 0.290787
      vertex 0.955093 -1.58543 0.482758
    endloop
  endfacet
  facet normal 1 0 0
    outer loop
      vertex 0.955093 -1.73613 0.290787
      vertex 0.955093 -2.09035 0.0794382
      vertex 0.955093 -1.9344 0.144272
    endloop
  endfacet
  facet normal 1 0 0
    outer loop
      vertex 0.955093 -25.1456 0.753647
      vertex 0.955093 -2.09035 0.0794382
      vertex 0.955093 -1.58543 0.482758
    endloop
  endfacet
  facet normal 1 -0 0
    outer loop
      vertex 0.955093 -25.1456 0.753647
      vertex 0.955093 -1.58543 0.482758
      vertex 0.955093 0 0.753647
    endloop
  endfacet
  facet normal 1 0 0
    outer loop
      vertex 0.955093 -2.09035 0.0794382
      vertex 0.955093 -25.1456 0.753647
      vertex 0.955093 -24.48 0.0794382
    endloop
  endfacet
  facet normal -0.000159795 0 -1
    outer loop
      vertex -0.00233366 -24.4018 0.000152956
      vertex 0.00232231 -2.43206 0.000152212
      vertex 0.00232231 -24.4018 0.000152212
    endloop
  endfacet
  facet normal -0.000159795 0 -1
    outer loop
      vertex 0.00232231 -2.43206 0.000152212
      vertex -0.00233366 -24.4018 0.000152956
      vertex -0.00233366 -2.43205 0.000152956
    endloop
  endfacet
  facet normal -0.0654031 0 -0.997859
    outer loop
      vertex -0.828841 -24.4552 0.0543251
      vertex -0.00233366 -2.43205 0.000152956
      vertex -0.00233366 -24.4018 0.000152956
    endloop
  endfacet
  facet normal -0.0654031 -0 -0.997859
    outer loop
      vertex -0.828841 -2.15076 0.0543251
      vertex -0.00233366 -2.43205 0.000152956
      vertex -0.828841 -24.4552 0.0543251
    endloop
  endfacet
  facet normal -0.0654027 1.11039e-06 -0.997859
    outer loop
      vertex -0.00233366 -2.43205 0.000152956
      vertex -0.828841 -2.15076 0.0543251
      vertex -0.706328 -2.17007 0.0462952
    endloop
  endfacet
  facet normal 0.0654031 0 -0.997859
    outer loop
      vertex 0.00232231 -2.43206 0.000152212
      vertex 0.828841 -2.15076 0.0543251
      vertex 0.828841 -24.4552 0.0543251
    endloop
  endfacet
  facet normal 0.0654031 0 -0.997859
    outer loop
      vertex 0.00232231 -2.43206 0.000152212
      vertex 0.828841 -24.4552 0.0543251
      vertex 0.00232231 -24.4018 0.000152212
    endloop
  endfacet
  facet normal 0.0654027 1.11089e-06 -0.997859
    outer loop
      vertex 0.828841 -2.15076 0.0543251
      vertex 0.00232231 -2.43206 0.000152212
      vertex 0.706328 -2.17007 0.0462952
    endloop
  endfacet
  facet normal 0.19509 0 -0.980785
    outer loop
      vertex 0.828841 -2.15076 0.0543251
      vertex 0.955093 -24.48 0.0794382
      vertex 0.828841 -24.4552 0.0543251
    endloop
  endfacet
  facet normal 0.19509 0 -0.980785
    outer loop
      vertex 0.955093 -24.48 0.0794382
      vertex 0.828841 -2.15076 0.0543251
      vertex 0.955093 -2.09035 0.0794382
    endloop
  endfacet
  facet normal -0.195089 0 -0.980785
    outer loop
      vertex -0.955138 -24.48 0.079447
      vertex -0.828841 -2.15076 0.0543251
      vertex -0.828841 -24.4552 0.0543251
    endloop
  endfacet
  facet normal -0.195089 0 -0.980785
    outer loop
      vertex -0.828841 -2.15076 0.0543251
      vertex -0.955138 -24.48 0.079447
      vertex -0.955138 -2.09033 0.079447
    endloop
  endfacet
  facet normal 0 -1 0
    outer loop
      vertex -0.954834 0 1.51619
      vertex 0.000289917 0 3.5477
      vertex 0.000289917 0 3.54819
    endloop
  endfacet
  facet normal 0 -1 0
    outer loop
      vertex -0.954834 0 1.51619
      vertex -0.954834 0 1.5157
      vertex 0.000289917 0 3.5477
    endloop
  endfacet
  facet normal -0 -1 0
    outer loop
      vertex -0.954834 0 1.5157
      vertex -0.954834 0 1.51619
      vertex -0.955031 0 0.58315
    endloop
  endfacet
  facet normal 0 -1 0
    outer loop
      vertex -0.954834 0 4.2245
      vertex 0.000289917 0 3.80165
      vertex -0.954834 0 4.22499
    endloop
  endfacet
  facet normal -0 -1 -0
    outer loop
      vertex 0.000289917 0 3.80165
      vertex -0.954834 0 4.2245
      vertex 0.000289917 0 3.80116
    endloop
  endfacet
  facet normal 0 -1 0
    outer loop
      vertex 0.000289917 0 5.07166
      vertex 0.955093 0 4.56425
      vertex 0.000289917 0 5.07214
    endloop
  endfacet
  facet normal 0 -1 0
    outer loop
      vertex 0.955093 0 4.56377
      vertex 0.955093 0 4.56425
      vertex 0.000289917 0 5.07166
    endloop
  endfacet
  facet normal 0 -1 0
    outer loop
      vertex 0.955093 0 4.56425
      vertex 0.955093 0 4.56377
      vertex 0.955124 0 3.92871
    endloop
  endfacet
  facet normal 0 -1 0
    outer loop
      vertex 0.0684967 0 1.17699
      vertex 0.955093 0 0.754135
      vertex 0.0684967 0 1.17747
    endloop
  endfacet
  facet normal -0 -1 -0
    outer loop
      vertex 0.955093 0 0.754135
      vertex 0.0684967 0 1.17699
      vertex 0.955093 0 0.753647
    endloop
  endfacet
  facet normal 0 -1 0
    outer loop
      vertex 0.0684967 0 1.431
      vertex 0.955154 0 3.29317
      vertex 0.955154 0 3.29366
    endloop
  endfacet
  facet normal 0 -1 0
    outer loop
      vertex 0.955154 0 3.29317
      vertex 0.0684967 0 1.431
      vertex 0.0684967 0 1.43051
    endloop
  endfacet
  facet normal 1 0 0
    outer loop
      vertex 0.955165 15.965 17.0047
      vertex 0.955165 16.1325 16.6559
      vertex 0.955165 16.0728 16.8258
    endloop
  endfacet
  facet normal 1 0 0
    outer loop
      vertex 0.955165 16.1325 16.6559
      vertex 0.955165 11.8858 16.8165
      vertex 0.955165 16.1325 -7.8689
    endloop
  endfacet
  facet normal 1 0 0
    outer loop
      vertex 0.955165 15.822 17.1625
      vertex 0.955165 16.1325 16.6559
      vertex 0.955165 15.965 17.0047
    endloop
  endfacet
  facet normal 1 0 0
    outer loop
      vertex 0.955165 11.8858 -8.03162
      vertex 0.955165 16.1325 -7.8689
      vertex 0.955165 11.8858 16.8165
    endloop
  endfacet
  facet normal 1 0 0
    outer loop
      vertex 0.955165 16.1325 16.6559
      vertex 0.955165 15.822 17.1625
      vertex 0.955165 14.9918 17.4563
    endloop
  endfacet
  facet normal 1 0 -0
    outer loop
      vertex 0.955165 12.9599 -8.72852
      vertex 0.955165 16.1325 -7.8689
      vertex 0.955165 11.8858 -8.03162
    endloop
  endfacet
  facet normal 1 0 0
    outer loop
      vertex 0.955165 14.9918 17.4563
      vertex 0.955165 15.822 17.1625
      vertex 0.955165 15.6485 17.293
    endloop
  endfacet
  facet normal 1 0 -0
    outer loop
      vertex 0.955165 15.6485 -8.52032
      vertex 0.955165 16.1325 -7.8689
      vertex 0.955165 14.9918 -8.72852
    endloop
  endfacet
  facet normal 1 0 0
    outer loop
      vertex 0.955165 16.1325 -7.8689
      vertex 0.955165 15.9649 -8.22064
      vertex 0.955165 16.0728 -8.03957
    endloop
  endfacet
  facet normal 1 0 0
    outer loop
      vertex 0.955165 14.9918 17.4563
      vertex 0.955165 15.6485 17.293
      vertex 0.955165 15.4492 17.3896
    endloop
  endfacet
  facet normal 1 0 0
    outer loop
      vertex 0.955165 16.1325 -7.8689
      vertex 0.955165 15.6485 -8.52032
      vertex 0.955165 15.822 -8.38278
    endloop
  endfacet
  facet normal 1 0 0
    outer loop
      vertex 0.955165 14.9918 17.4563
      vertex 0.955165 15.4492 17.3896
      vertex 0.955165 15.2288 17.4462
    endloop
  endfacet
  facet normal 1 0 0
    outer loop
      vertex 0.955165 15.6485 -8.52032
      vertex 0.955165 14.9918 -8.72852
      vertex 0.955165 15.4492 -8.62758
    endloop
  endfacet
  facet normal 1 -0 0
    outer loop
      vertex 0.955165 12.9599 17.4563
      vertex 0.955165 16.1325 16.6559
      vertex 0.955165 14.9918 17.4563
    endloop
  endfacet
  facet normal 1 0 0
    outer loop
      vertex 0.955165 15.4492 -8.62758
      vertex 0.955165 14.9918 -8.72852
      vertex 0.955165 15.2288 -8.69887
    endloop
  endfacet
  facet normal 1 0 0
    outer loop
      vertex 0.955165 16.1325 16.6559
      vertex 0.955165 12.9599 17.4563
      vertex 0.955165 11.8858 16.8165
    endloop
  endfacet
  facet normal 1 0 0
    outer loop
      vertex 0.955165 11.8858 16.8165
      vertex 0.955165 12.9599 17.4563
      vertex 0.955165 12.7262 17.4462
    endloop
  endfacet
  facet normal 1 0 -0
    outer loop
      vertex 0.955165 15.9649 -8.22064
      vertex 0.955165 16.1325 -7.8689
      vertex 0.955165 15.822 -8.38278
    endloop
  endfacet
  facet normal 1 0 0
    outer loop
      vertex 0.955165 11.8858 16.8165
      vertex 0.955165 12.7262 17.4462
      vertex 0.955165 12.5083 17.3896
    endloop
  endfacet
  facet normal 1 0 0
    outer loop
      vertex 0.955165 16.1325 -7.8689
      vertex 0.955165 12.9599 -8.72852
      vertex 0.955165 14.9918 -8.72852
    endloop
  endfacet
  facet normal 1 0 0
    outer loop
      vertex 0.955165 11.8858 16.8165
      vertex 0.955165 12.5083 17.3896
      vertex 0.955165 12.3109 17.293
    endloop
  endfacet
  facet normal 1 0 0
    outer loop
      vertex 0.955165 12.9599 -8.72852
      vertex 0.955165 11.8858 -8.03162
      vertex 0.955165 12.7262 -8.69887
    endloop
  endfacet
  facet normal 1 0 0
    outer loop
      vertex 0.955165 11.8858 16.8165
      vertex 0.955165 12.3109 17.293
      vertex 0.955165 12.1387 17.1625
    endloop
  endfacet
  facet normal 1 0 0
    outer loop
      vertex 0.955165 12.7262 -8.69887
      vertex 0.955165 11.8858 -8.03162
      vertex 0.955165 12.5082 -8.62758
    endloop
  endfacet
  facet normal 1 0 0
    outer loop
      vertex 0.955165 11.8858 16.8165
      vertex 0.955165 12.1387 17.1625
      vertex 0.955165 11.9965 17.0047
    endloop
  endfacet
  facet normal 1 0 0
    outer loop
      vertex 0.955165 12.5082 -8.62758
      vertex 0.955165 11.8858 -8.03162
      vertex 0.955165 12.3107 -8.52032
    endloop
  endfacet
  facet normal 1 0 0
    outer loop
      vertex 0.955165 11.8858 16.8165
      vertex 0.955165 11.9965 17.0047
      vertex 0.955165 11.8891 16.8258
    endloop
  endfacet
  facet normal 1 0 0
    outer loop
      vertex 0.955165 12.3107 -8.52032
      vertex 0.955165 11.8858 -8.03162
      vertex 0.955165 12.1384 -8.3828
    endloop
  endfacet
  facet normal 1 0 0
    outer loop
      vertex 0.955165 12.1384 -8.3828
      vertex 0.955165 11.8858 -8.03162
      vertex 0.955165 11.9961 -8.22064
    endloop
  endfacet
  facet normal 1 0 0
    outer loop
      vertex 0.955165 11.9961 -8.22064
      vertex 0.955165 11.8858 -8.03162
      vertex 0.955165 11.8886 -8.03957
    endloop
  endfacet
  facet normal 1 0 0
    outer loop
      vertex 0.955165 18.7192 13.2695
      vertex 0.955165 19.3099 12.4623
      vertex 0.955165 19.2695 12.7453
    endloop
  endfacet
  facet normal 1 0 0
    outer loop
      vertex 0.955165 23.276 4.39418
      vertex 0.955165 25.6635 4.39418
      vertex 0.955165 25.6496 5.35027
    endloop
  endfacet
  facet normal 1 -0 0
    outer loop
      vertex 0.955165 23.2486 5.408
      vertex 0.955165 25.6496 5.35027
      vertex 0.955165 25.6084 6.11435
    endloop
  endfacet
  facet normal 1 0 0
    outer loop
      vertex 0.955165 25.6635 4.39418
      vertex 0.955165 23.276 4.39418
      vertex 0.955165 25.6496 3.4379
    endloop
  endfacet
  facet normal 1 0 0
    outer loop
      vertex 0.955165 23.1693 6.00797
      vertex 0.955165 25.6084 6.11435
      vertex 0.955165 25.541 6.71051
    endloop
  endfacet
  facet normal 1 0 0
    outer loop
      vertex 0.955165 23.2487 3.37943
      vertex 0.955165 25.6496 3.4379
      vertex 0.955165 23.276 4.39418
    endloop
  endfacet
  facet normal 1 0 0
    outer loop
      vertex 0.955165 23.1115 6.18993
      vertex 0.955165 25.541 6.71051
      vertex 0.955165 25.4483 7.16295
    endloop
  endfacet
  facet normal 1 0 0
    outer loop
      vertex 0.955165 25.6496 3.4379
      vertex 0.955165 23.2487 3.37943
      vertex 0.955165 25.6084 2.67357
    endloop
  endfacet
  facet normal 1 0 0
    outer loop
      vertex 0.955165 23.0423 6.31302
      vertex 0.955165 25.4483 7.16295
      vertex 0.955165 25.3311 7.49593
    endloop
  endfacet
  facet normal 1 -0 0
    outer loop
      vertex 0.955165 23.1693 2.7729
      vertex 0.955165 25.6084 2.67357
      vertex 0.955165 23.2487 3.37943
    endloop
  endfacet
  facet normal 1 0 0
    outer loop
      vertex 0.955165 24.8423 8.02017
      vertex 0.955165 25.3311 7.49593
      vertex 0.955165 25.1904 7.73363
    endloop
  endfacet
  facet normal 1 0 0
    outer loop
      vertex 0.955165 25.6084 2.67357
      vertex 0.955165 23.1693 2.7729
      vertex 0.955165 25.541 2.07677
    endloop
  endfacet
  facet normal 1 0 0
    outer loop
      vertex 0.955165 24.8423 8.02017
      vertex 0.955165 25.1904 7.73363
      vertex 0.955165 25.0272 7.9003
    endloop
  endfacet
  facet normal 1 -0 0
    outer loop
      vertex 0.955165 23.1115 2.58385
      vertex 0.955165 25.541 2.07677
      vertex 0.955165 23.1693 2.7729
    endloop
  endfacet
  facet normal 1 0 0
    outer loop
      vertex 0.955165 23.0423 6.31302
      vertex 0.955165 25.3311 7.49593
      vertex 0.955165 24.8423 8.02017
    endloop
  endfacet
  facet normal 1 0 0
    outer loop
      vertex 0.955165 25.541 2.07677
      vertex 0.955165 23.1115 2.58385
      vertex 0.955165 25.4483 1.62308
    endloop
  endfacet
  facet normal 1 -0 0
    outer loop
      vertex 0.955165 23.0423 2.45018
      vertex 0.955165 25.4483 1.62308
      vertex 0.955165 23.1115 2.58385
    endloop
  endfacet
  facet normal 1 0 0
    outer loop
      vertex 0.955165 25.6496 5.35027
      vertex 0.955165 23.2486 5.408
      vertex 0.955165 23.276 4.39418
    endloop
  endfacet
  facet normal 1 0 0
    outer loop
      vertex 0.955165 25.6084 6.11435
      vertex 0.955165 23.1693 6.00797
      vertex 0.955165 23.2486 5.408
    endloop
  endfacet
  facet normal 1 0 0
    outer loop
      vertex 0.955165 25.541 6.71051
      vertex 0.955165 23.1115 6.18993
      vertex 0.955165 23.1693 6.00797
    endloop
  endfacet
  facet normal 1 0 0
    outer loop
      vertex 0.955165 25.4483 7.16295
      vertex 0.955165 23.0423 6.31302
      vertex 0.955165 23.1115 6.18993
    endloop
  endfacet
  facet normal 1 0 0
    outer loop
      vertex 0.955165 24.8423 8.02017
      vertex 0.955165 22.9623 6.39214
      vertex 0.955165 23.0423 6.31302
    endloop
  endfacet
  facet normal 1 0 0
    outer loop
      vertex 0.955165 24.8423 8.02017
      vertex 0.955165 22.8719 6.44212
      vertex 0.955165 22.9623 6.39214
    endloop
  endfacet
  facet normal 1 0 0
    outer loop
      vertex 0.955165 20.3212 7.93298
      vertex 0.955165 24.8423 8.02017
      vertex 0.955165 20.3212 10.5575
    endloop
  endfacet
  facet normal 1 0 0
    outer loop
      vertex 0.955165 24.8423 8.02017
      vertex 0.955165 20.3212 7.93298
      vertex 0.955165 22.8719 6.44212
    endloop
  endfacet
  facet normal 1 -0 0
    outer loop
      vertex 0.955165 19.3052 10.5575
      vertex 0.955165 20.3212 7.93298
      vertex 0.955165 20.3212 10.5575
    endloop
  endfacet
  facet normal 1 0 0
    outer loop
      vertex 0.955165 18.7192 13.2695
      vertex 0.955165 19.2695 12.7453
      vertex 0.955165 19.1494 12.9828
    endloop
  endfacet
  facet normal 1 0 0
    outer loop
      vertex 0.955165 18.7192 13.2695
      vertex 0.955165 19.1494 12.9828
      vertex 0.955165 18.9618 13.1618
    endloop
  endfacet
  facet normal 1 0 0
    outer loop
      vertex 0.955165 19.3052 10.5575
      vertex 0.955165 18.882 7.94124
      vertex 0.955165 20.3212 7.93298
    endloop
  endfacet
  facet normal 1 0 0
    outer loop
      vertex 0.955165 19.3099 12.4623
      vertex 0.955165 18.7192 13.2695
      vertex 0.955165 18.3084 13.3656
    endloop
  endfacet
  facet normal 1 0 0
    outer loop
      vertex 0.955165 18.0957 13.4743
      vertex 0.955165 19.3052 10.5575
      vertex 0.955165 18.3084 13.3656
    endloop
  endfacet
  facet normal 1 0 0
    outer loop
      vertex 0.955165 19.3099 12.4623
      vertex 0.955165 18.3084 13.3656
      vertex 0.955165 19.3052 10.5575
    endloop
  endfacet
  facet normal 1 0 0
    outer loop
      vertex 0.955165 19.3052 10.5575
      vertex 0.955165 18.0957 13.4743
      vertex 0.955165 18.882 7.94124
    endloop
  endfacet
  facet normal 1 0 0
    outer loop
      vertex 0.955165 18.882 7.94124
      vertex 0.955165 18.0957 13.4743
      vertex 0.955165 18.7773 7.09056
    endloop
  endfacet
  facet normal 1 0 0
    outer loop
      vertex 0.955165 18.7773 7.09056
      vertex 0.955165 18.0957 13.4743
      vertex 0.955165 18.7015 6.2251
    endloop
  endfacet
  facet normal 1 0 0
    outer loop
      vertex 0.955165 18.7015 6.2251
      vertex 0.955165 18.0957 13.4743
      vertex 0.955165 18.6551 5.34679
    endloop
  endfacet
  facet normal 1 0 0
    outer loop
      vertex 0.955165 25.4483 1.62308
      vertex 0.955165 23.0423 2.45018
      vertex 0.955165 25.3311 1.28807
    endloop
  endfacet
  facet normal 1 0 -0
    outer loop
      vertex 0.955165 24.8423 0.750992
      vertex 0.955165 25.3311 1.28807
      vertex 0.955165 23.0423 2.45018
    endloop
  endfacet
  facet normal 1 0 0
    outer loop
      vertex 0.955165 25.3311 1.28807
      vertex 0.955165 24.8423 0.750992
      vertex 0.955165 25.1904 1.04733
    endloop
  endfacet
  facet normal 1 0 0
    outer loop
      vertex 0.955165 25.1904 1.04733
      vertex 0.955165 24.8423 0.750992
      vertex 0.955165 25.0272 0.87645
    endloop
  endfacet
  facet normal 1 -0 0
    outer loop
      vertex 0.955165 22.8719 2.2868
      vertex 0.955165 24.8423 0.750992
      vertex 0.955165 23.0423 2.45018
    endloop
  endfacet
  facet normal 1 -0 0
    outer loop
      vertex 0.955165 20.3212 0.821259
      vertex 0.955165 24.8423 0.750992
      vertex 0.955165 22.8719 2.2868
    endloop
  endfacet
  facet normal 1 0 0
    outer loop
      vertex 0.955165 20.3212 0.821259
      vertex 0.955165 20.3212 -1.88811
      vertex 0.955165 24.8423 0.750992
    endloop
  endfacet
  facet normal 1 0 0
    outer loop
      vertex 0.955165 20.3212 0.821259
      vertex 0.955165 19.3052 -1.88811
      vertex 0.955165 20.3212 -1.88811
    endloop
  endfacet
  facet normal 1 0 0
    outer loop
      vertex 0.955165 19.3088 -3.73399
      vertex 0.955165 19.1479 -4.20345
      vertex 0.955165 19.2681 -3.98225
    endloop
  endfacet
  facet normal 1 0 -0
    outer loop
      vertex 0.955165 18.7192 -4.49777
      vertex 0.955165 19.3088 -3.73399
      vertex 0.955165 18.3084 -4.59337
    endloop
  endfacet
  facet normal 1 0 0
    outer loop
      vertex 0.955165 18.882 0.830048
      vertex 0.955165 19.3052 -1.88811
      vertex 0.955165 20.3212 0.821259
    endloop
  endfacet
  facet normal 1 0 0
    outer loop
      vertex 0.955165 18.0957 -4.69247
      vertex 0.955165 19.3052 -1.88811
      vertex 0.955165 18.882 0.830048
    endloop
  endfacet
  facet normal 1 0 0
    outer loop
      vertex 0.955165 18.0957 -4.69247
      vertex 0.955165 18.882 0.830048
      vertex 0.955165 18.7736 1.74364
    endloop
  endfacet
  facet normal 1 0 -0
    outer loop
      vertex 0.955165 18.9609 -4.38084
      vertex 0.955165 19.3088 -3.73399
      vertex 0.955165 18.7192 -4.49777
    endloop
  endfacet
  facet normal 1 0 0
    outer loop
      vertex 0.955165 18.0957 -4.69247
      vertex 0.955165 18.7736 1.74364
      vertex 0.955165 18.6973 2.65404
    endloop
  endfacet
  facet normal 1 0 0
    outer loop
      vertex 0.955165 18.0957 -4.69247
      vertex 0.955165 18.6973 2.65404
      vertex 0.955165 18.6524 3.55931
    endloop
  endfacet
  facet normal 1 0 0
    outer loop
      vertex 0.955165 18.0957 -4.69247
      vertex 0.955165 18.6524 3.55931
      vertex 0.955165 18.6385 4.45755
    endloop
  endfacet
  facet normal 1 0 0
    outer loop
      vertex 0.955165 18.6551 5.34679
      vertex 0.955165 18.0957 13.4743
      vertex 0.955165 18.6385 4.45755
    endloop
  endfacet
  facet normal 1 0 0
    outer loop
      vertex 0.955165 19.3088 -3.73399
      vertex 0.955165 18.9609 -4.38084
      vertex 0.955165 19.1479 -4.20345
    endloop
  endfacet
  facet normal 1 0 0
    outer loop
      vertex 0.955165 18.6385 4.45755
      vertex 0.955165 18.0957 13.4743
      vertex 0.955165 18.0957 -4.69247
    endloop
  endfacet
  facet normal 1 0 0
    outer loop
      vertex 0.955165 19.3052 -1.88811
      vertex 0.955165 18.0957 -4.69247
      vertex 0.955165 18.3084 -4.59337
    endloop
  endfacet
  facet normal 1 0 0
    outer loop
      vertex 0.955165 18.3084 -4.59337
      vertex 0.955165 19.3088 -3.73399
      vertex 0.955165 19.3052 -1.88811
    endloop
  endfacet
  facet normal 1 0 0
    outer loop
      vertex 0.955165 16.7168 15.7432
      vertex 0.955165 17.7182 14.1288
      vertex 0.955165 17.7182 14.8838
    endloop
  endfacet
  facet normal 1 0 0
    outer loop
      vertex 0.955165 17.3798 15.5462
      vertex 0.955165 17.7182 14.8838
      vertex 0.955165 17.6876 15.147
    endloop
  endfacet
  facet normal 1 0 0
    outer loop
      vertex 0.955165 17.7739 13.8798
      vertex 0.955165 17.8084 -5.0337
      vertex 0.955165 17.8084 13.819
    endloop
  endfacet
  facet normal 1 0 0
    outer loop
      vertex 0.955165 17.7739 13.8798
      vertex 0.955165 17.7721 -5.09877
      vertex 0.955165 17.8084 -5.0337
    endloop
  endfacet
  facet normal 1 0 0
    outer loop
      vertex 0.955165 17.7182 14.1288
      vertex 0.955165 17.7721 -5.09877
      vertex 0.955165 17.7739 13.8798
    endloop
  endfacet
  facet normal 1 0 0
    outer loop
      vertex 0.955165 17.7721 -5.09877
      vertex 0.955165 17.7182 14.1288
      vertex 0.955165 17.7167 -5.35818
    endloop
  endfacet
  facet normal 1 0 0
    outer loop
      vertex 0.955165 17.7182 14.1288
      vertex 0.955165 16.7168 15.7432
      vertex 0.955165 16.4991 15.8623
    endloop
  endfacet
  facet normal 1 0 0
    outer loop
      vertex 0.955165 16.4198 15.9393
      vertex 0.955165 17.7182 14.1288
      vertex 0.955165 16.4991 15.8623
    endloop
  endfacet
  facet normal 1 0 0
    outer loop
      vertex 0.955165 17.3798 15.5462
      vertex 0.955165 17.6876 15.147
      vertex 0.955165 17.5706 15.3734
    endloop
  endfacet
  facet normal 1 0 0
    outer loop
      vertex 0.955165 17.7182 14.1288
      vertex 0.955165 16.4198 15.9393
      vertex 0.955165 17.7167 -5.35818
    endloop
  endfacet
  facet normal 1 0 0
    outer loop
      vertex 0.955165 17.7182 14.8838
      vertex 0.955165 17.3798 15.5462
      vertex 0.955165 17.1276 15.6486
    endloop
  endfacet
  facet normal 1 0 0
    outer loop
      vertex 0.955165 17.7167 -5.35818
      vertex 0.955165 16.7163 -7.01492
      vertex 0.955165 17.7178 -6.11317
    endloop
  endfacet
  facet normal 1 0 -0
    outer loop
      vertex 0.955165 17.1276 -6.87849
      vertex 0.955165 17.7178 -6.11317
      vertex 0.955165 16.7163 -7.01492
    endloop
  endfacet
  facet normal 1 0 0
    outer loop
      vertex 0.955165 17.7182 14.8838
      vertex 0.955165 17.1276 15.6486
      vertex 0.955165 16.7168 15.7432
    endloop
  endfacet
  facet normal 1 0 -0
    outer loop
      vertex 0.955165 17.5705 -6.59042
      vertex 0.955165 17.7178 -6.11317
      vertex 0.955165 17.3798 -6.76654
    endloop
  endfacet
  facet normal 1 0 0
    outer loop
      vertex 0.955165 17.7178 -6.11317
      vertex 0.955165 17.5705 -6.59042
      vertex 0.955165 17.6874 -6.36702
    endloop
  endfacet
  facet normal 1 0 -0
    outer loop
      vertex 0.955165 16.7163 -7.01492
      vertex 0.955165 17.7167 -5.35818
      vertex 0.955165 16.4987 -7.09981
    endloop
  endfacet
  facet normal 1 0 -0
    outer loop
      vertex 0.955165 17.3798 -6.76654
      vertex 0.955165 17.7178 -6.11317
      vertex 0.955165 17.1276 -6.87849
    endloop
  endfacet
  facet normal 1 0 0
    outer loop
      vertex 0.955165 17.7167 -5.35818
      vertex 0.955165 16.4198 15.9393
      vertex 0.955165 16.4198 -7.16862
    endloop
  endfacet
  facet normal 1 0 0
    outer loop
      vertex 0.955165 17.7167 -5.35818
      vertex 0.955165 16.4198 -7.16862
      vertex 0.955165 16.4987 -7.09981
    endloop
  endfacet
  facet normal 1 -0 0
    outer loop
      vertex 0.955165 11.441 15.8623
      vertex 0.955165 11.5985 -7.22635
      vertex 0.955165 11.5985 16.0029
    endloop
  endfacet
  facet normal 1 0 0
    outer loop
      vertex 0.955165 11.441 15.8623
      vertex 0.955165 11.4405 -7.09982
      vertex 0.955165 11.5985 -7.22635
    endloop
  endfacet
  facet normal 1 -0 0
    outer loop
      vertex 0.955165 11.1931 15.7432
      vertex 0.955165 11.4405 -7.09982
      vertex 0.955165 11.441 15.8623
    endloop
  endfacet
  facet normal 1 -0 0
    outer loop
      vertex 0.955165 10.3298 -6.50133
      vertex 0.955165 11.4405 -7.09982
      vertex 0.955165 11.1931 15.7432
    endloop
  endfacet
  facet normal 1 0 0
    outer loop
      vertex 0.955165 11.4405 -7.09982
      vertex 0.955165 10.3298 -6.50133
      vertex 0.955165 11.1926 -7.01492
    endloop
  endfacet
  facet normal 1 0 0
    outer loop
      vertex 0.955165 10.3298 15.2874
      vertex 0.955165 11.1931 15.7432
      vertex 0.955165 10.7817 15.6486
    endloop
  endfacet
  facet normal 1 0 0
    outer loop
      vertex 0.955165 11.1926 -7.01492
      vertex 0.955165 10.3298 -6.50133
      vertex 0.955165 10.7823 -6.87695
    endloop
  endfacet
  facet normal 1 0 0
    outer loop
      vertex 0.955165 10.3298 15.2874
      vertex 0.955165 10.7817 15.6486
      vertex 0.955165 10.559 15.5462
    endloop
  endfacet
  facet normal 1 0 0
    outer loop
      vertex 0.955165 10.7823 -6.87695
      vertex 0.955165 10.3298 -6.50133
      vertex 0.955165 10.5604 -6.76474
    endloop
  endfacet
  facet normal 1 0 0
    outer loop
      vertex 0.955165 10.3298 15.2874
      vertex 0.955165 10.559 15.5462
      vertex 0.955165 10.378 15.3734
    endloop
  endfacet
  facet normal 1 0 0
    outer loop
      vertex 0.955165 11.1931 15.7432
      vertex 0.955165 10.3298 15.2874
      vertex 0.955165 10.3298 -6.50133
    endloop
  endfacet
  facet normal 1 0 0
    outer loop
      vertex 0.955165 10.5604 -6.76474
      vertex 0.955165 10.3298 -6.50133
      vertex 0.955165 10.3798 -6.58904
    endloop
  endfacet
  facet normal 1 -0 0
    outer loop
      vertex 0.955165 4.34006 10.7411
      vertex 0.955165 4.48061 8.71233
      vertex 0.955165 4.48061 10.8316
    endloop
  endfacet
  facet normal 1 -0 0
    outer loop
      vertex 0.955165 4.18298 10.69
      vertex 0.955165 4.48061 8.71233
      vertex 0.955165 4.34006 10.7411
    endloop
  endfacet
  facet normal 1 -0 0
    outer loop
      vertex 0.955165 4.01216 10.6661
      vertex 0.955165 4.48061 8.71233
      vertex 0.955165 4.18298 10.69
    endloop
  endfacet
  facet normal 1 0 0
    outer loop
      vertex 0.955165 0.784439 10.6671
      vertex 0.955165 4.48061 8.71233
      vertex 0.955165 4.01216 10.6661
    endloop
  endfacet
  facet normal 1 0 0
    outer loop
      vertex 0.955165 0.356461 10.5499
      vertex 0.955165 0.784439 10.6671
      vertex 0.955165 0.631561 10.6593
    endloop
  endfacet
  facet normal 1 0 0
    outer loop
      vertex 0.955165 0.356461 10.5499
      vertex 0.955165 0.631561 10.6593
      vertex 0.955165 0.487762 10.6191
    endloop
  endfacet
  facet normal 1 0 0
    outer loop
      vertex 0.955165 0.784439 10.6671
      vertex 0.955165 0.356461 10.5499
      vertex 0.955165 0.241013 10.4551
    endloop
  endfacet
  facet normal 1 0 0
    outer loop
      vertex 0.955165 0.784439 10.6671
      vertex 0.955165 0.241013 10.4551
      vertex 0.955165 0.0712891 10.2024
    endloop
  endfacet
  facet normal 1 0 0
    outer loop
      vertex 0.955165 0.784439 10.6671
      vertex 0.955165 0.0712891 10.2024
      vertex 0.955165 0.0237732 10.0514
    endloop
  endfacet
  facet normal 1 0 0
    outer loop
      vertex 0.955165 0.784439 10.6671
      vertex 0.955165 0.0237732 10.0514
      vertex 0.955165 0.00567627 9.88837
    endloop
  endfacet
  facet normal 1 0 0
    outer loop
      vertex 0.955165 0.784439 10.6671
      vertex 0.955165 0.00567627 9.88837
      vertex 0.955165 0.00102288 8.71233
    endloop
  endfacet
  facet normal 1 0 0
    outer loop
      vertex 0.955165 0.784439 10.6671
      vertex 0.955165 0.00102288 8.71233
      vertex 0.955165 4.48061 8.71233
    endloop
  endfacet
  facet normal 1 -0 0
    outer loop
      vertex 0.955165 9.85831 13.4797
      vertex 0.955165 10.0425 -4.86644
      vertex 0.955165 10.0425 13.6492
    endloop
  endfacet
  facet normal 1 0 0
    outer loop
      vertex 0.955165 9.85831 13.4797
      vertex 0.955165 9.85831 -4.70006
      vertex 0.955165 10.0425 -4.86644
    endloop
  endfacet
  facet normal 1 -0 0
    outer loop
      vertex 0.955165 9.60094 13.364
      vertex 0.955165 9.85831 -4.70006
      vertex 0.955165 9.85831 13.4797
    endloop
  endfacet
  facet normal 1 0 0
    outer loop
      vertex 0.955165 9.60094 13.364
      vertex 0.955165 9.60094 -4.59389
      vertex 0.955165 9.85831 -4.70006
    endloop
  endfacet
  facet normal 1 -0 0
    outer loop
      vertex 0.955165 8.77377 -4.18541
      vertex 0.955165 9.60094 -4.59389
      vertex 0.955165 9.60094 13.364
    endloop
  endfacet
  facet normal 1 0 0
    outer loop
      vertex 0.955165 8.77377 12.9573
      vertex 0.955165 9.60094 13.364
      vertex 0.955165 9.23248 13.2684
    endloop
  endfacet
  facet normal 1 0 0
    outer loop
      vertex 0.955165 9.60094 -4.59389
      vertex 0.955165 8.77377 -4.18541
      vertex 0.955165 9.233 -4.49828
    endloop
  endfacet
  facet normal 1 0 0
    outer loop
      vertex 0.955165 8.77377 12.9573
      vertex 0.955165 9.23248 13.2684
      vertex 0.955165 8.97418 13.147
    endloop
  endfacet
  facet normal 1 0 0
    outer loop
      vertex 0.955165 9.60094 13.364
      vertex 0.955165 8.77377 12.9573
      vertex 0.955165 8.77377 -4.18541
    endloop
  endfacet
  facet normal 1 0 0
    outer loop
      vertex 0.955165 9.233 -4.49828
      vertex 0.955165 8.77377 -4.18541
      vertex 0.955165 8.9747 -4.36414
    endloop
  endfacet
  facet normal 1 0 0
    outer loop
      vertex 0.955165 4.84949 11.5586
      vertex 0.955165 4.83171 11.3998
      vertex 0.955165 4.83278 11.4019
    endloop
  endfacet
  facet normal 1 0 0
    outer loop
      vertex 0.955165 5.60997 12.1781
      vertex 0.955165 5.66484 8.71233
      vertex 0.955165 7.82172 12.1775
    endloop
  endfacet
  facet normal 1 0 0
    outer loop
      vertex 0.955165 5.06627 11.9566
      vertex 0.955165 5.60997 12.1781
      vertex 0.955165 5.45695 12.166
    endloop
  endfacet
  facet normal 1 0 0
    outer loop
      vertex 0.955165 5.06627 11.9566
      vertex 0.955165 5.45695 12.166
      vertex 0.955165 5.31306 12.1228
    endloop
  endfacet
  facet normal 1 0 0
    outer loop
      vertex 0.955165 5.60997 12.1781
      vertex 0.955165 5.06627 11.9566
      vertex 0.955165 4.83278 11.4019
    endloop
  endfacet
  facet normal 1 0 0
    outer loop
      vertex 0.955165 4.83278 11.4019
      vertex 0.955165 5.06627 11.9566
      vertex 0.955165 4.89676 11.7066
    endloop
  endfacet
  facet normal 1 0 0
    outer loop
      vertex 0.955165 4.83278 11.4019
      vertex 0.955165 4.89676 11.7066
      vertex 0.955165 4.84949 11.5586
    endloop
  endfacet
  facet normal 1 0 0
    outer loop
      vertex 0.955165 5.60997 12.1781
      vertex 0.955165 4.83278 11.4019
      vertex 0.955165 4.81857 11.269
    endloop
  endfacet
  facet normal 1 0 0
    outer loop
      vertex 0.955165 4.77336 11.14
      vertex 0.955165 5.60997 12.1781
      vertex 0.955165 4.81857 11.269
    endloop
  endfacet
  facet normal 1 0 0
    outer loop
      vertex 0.955165 5.60997 12.1781
      vertex 0.955165 4.77336 11.14
      vertex 0.955165 5.66484 8.71233
    endloop
  endfacet
  facet normal 1 -0 0
    outer loop
      vertex 0.955165 4.7679 11.1327
      vertex 0.955165 5.66484 8.71233
      vertex 0.955165 4.77336 11.14
    endloop
  endfacet
  facet normal 1 0 0
    outer loop
      vertex 0.955165 5.66484 8.71233
      vertex 0.955165 4.7679 11.1327
      vertex 0.955165 4.7679 8.71233
    endloop
  endfacet
  facet normal 1 0 0
    outer loop
      vertex 0.955165 8.48648 12.5177
      vertex 0.955165 8.3775 -3.62439
      vertex 0.955165 8.48648 -3.78829
    endloop
  endfacet
  facet normal 1 0 0
    outer loop
      vertex 0.955165 5.66484 5.07214
      vertex 0.955165 8.48648 12.5177
      vertex 0.955165 8.37743 12.3862
    endloop
  endfacet
  facet normal 1 0 0
    outer loop
      vertex 0.955165 8.48648 12.5177
      vertex 0.955165 5.66484 5.07214
      vertex 0.955165 8.3775 -3.62439
    endloop
  endfacet
  facet normal 1 0 0
    outer loop
      vertex 0.955165 5.66484 5.07214
      vertex 0.955165 8.37743 12.3862
      vertex 0.955165 8.22273 12.2791
    endloop
  endfacet
  facet normal 1 -0 0
    outer loop
      vertex 0.955165 5.4531 1.43051
      vertex 0.955165 8.3775 -3.62439
      vertex 0.955165 5.66484 5.07214
    endloop
  endfacet
  facet normal 1 0 0
    outer loop
      vertex 0.955165 5.66484 8.71233
      vertex 0.955165 8.22273 12.2791
      vertex 0.955165 8.03508 12.2079
    endloop
  endfacet
  facet normal 1 0 0
    outer loop
      vertex 0.955165 8.3775 -3.62439
      vertex 0.955165 5.4531 1.43051
      vertex 0.955165 8.22299 -3.50137
    endloop
  endfacet
  facet normal 1 0 0
    outer loop
      vertex 0.955165 5.66484 8.71233
      vertex 0.955165 8.03508 12.2079
      vertex 0.955165 7.82172 12.1775
    endloop
  endfacet
  facet normal 1 0 0
    outer loop
      vertex 0.955165 8.22273 12.2791
      vertex 0.955165 5.66484 8.71233
      vertex 0.955165 5.66484 5.07214
    endloop
  endfacet
  facet normal 1 -0 0
    outer loop
      vertex 0.955165 5.4531 1.17747
      vertex 0.955165 8.22299 -3.50137
      vertex 0.955165 5.4531 1.43051
    endloop
  endfacet
  facet normal 1 0 0
    outer loop
      vertex 0.955165 8.22299 -3.50137
      vertex 0.955165 5.4531 1.17747
      vertex 0.955165 8.03554 -3.4285
    endloop
  endfacet
  facet normal 1 -0 0
    outer loop
      vertex 0.955165 4.7679 -2.38673
      vertex 0.955165 7.82224 -3.40688
      vertex 0.955165 5.4531 1.17747
    endloop
  endfacet
  facet normal 1 0 0
    outer loop
      vertex 0.955165 8.03554 -3.4285
      vertex 0.955165 5.4531 1.17747
      vertex 0.955165 7.82224 -3.40688
    endloop
  endfacet
  facet normal 1 0 0
    outer loop
      vertex 0.955165 5.66484 5.07214
      vertex 0.955165 4.97077 1.75692
      vertex 0.955165 5.4531 1.43051
    endloop
  endfacet
  facet normal 1 0 0
    outer loop
      vertex 0.955165 4.7679 1.8942
      vertex 0.955165 5.66484 5.07214
      vertex 0.955165 4.7679 4.91845
    endloop
  endfacet
  facet normal 1 0 0
    outer loop
      vertex 0.955165 5.66484 5.07214
      vertex 0.955165 4.7679 1.8942
      vertex 0.955165 4.97077 1.75692
    endloop
  endfacet
  facet normal 1 0 0
    outer loop
      vertex 0.955165 7.82224 -3.40688
      vertex 0.955165 4.77333 -2.39688
      vertex 0.955165 5.61047 -3.40793
    endloop
  endfacet
  facet normal 1 -0 -0
    outer loop
      vertex 0.955165 4.81856 -2.55023
      vertex 0.955165 5.61047 -3.40793
      vertex 0.955165 4.77333 -2.39688
    endloop
  endfacet
  facet normal 1 -0 -0
    outer loop
      vertex 0.955165 4.83171 -2.62968
      vertex 0.955165 5.61047 -3.40793
      vertex 0.955165 4.81856 -2.55023
    endloop
  endfacet
  facet normal 1 0 0
    outer loop
      vertex 0.955165 5.45746 -3.3902
      vertex 0.955165 4.83171 -2.62968
      vertex 0.955165 5.31351 -3.34297
    endloop
  endfacet
  facet normal 1 0 0
    outer loop
      vertex 0.955165 5.31351 -3.34297
      vertex 0.955165 4.83171 -2.62968
      vertex 0.955165 5.06654 -3.17361
    endloop
  endfacet
  facet normal 1 0 0
    outer loop
      vertex 0.955165 4.89685 -2.92685
      vertex 0.955165 4.83171 -2.62968
      vertex 0.955165 4.8495 -2.78288
    endloop
  endfacet
  facet normal 1 0 0
    outer loop
      vertex 0.955165 5.06654 -3.17361
      vertex 0.955165 4.83171 -2.62968
      vertex 0.955165 4.89685 -2.92685
    endloop
  endfacet
  facet normal 1 0 0
    outer loop
      vertex 0.955165 5.61047 -3.40793
      vertex 0.955165 4.83171 -2.62968
      vertex 0.955165 5.45746 -3.3902
    endloop
  endfacet
  facet normal 1 0 0
    outer loop
      vertex 0.955165 4.7679 -2.38673
      vertex 0.955165 5.4531 1.17747
      vertex 0.955165 4.7679 1.07208
    endloop
  endfacet
  facet normal 1 0 0
    outer loop
      vertex 0.955165 7.82224 -3.40688
      vertex 0.955165 4.7679 -2.38673
      vertex 0.955165 4.77333 -2.39688
    endloop
  endfacet
  facet normal 1 0 0
    outer loop
      vertex 0.955165 4.83278 -2.71651
      vertex 0.955165 4.83171 -2.62968
      vertex 0.955165 4.81856 -2.55023
    endloop
  endfacet
  facet normal 1 0 0
    outer loop
      vertex 0.955165 4.48061 1.03312
      vertex 0.955165 4.48042 -2.04834
      vertex 0.955165 4.48061 -2.04848
    endloop
  endfacet
  facet normal 1 0 0
    outer loop
      vertex 0.955165 4.48061 1.03312
      vertex 0.955165 4.33997 -1.98062
      vertex 0.955165 4.48042 -2.04834
    endloop
  endfacet
  facet normal 1 0 0
    outer loop
      vertex 0.955165 4.48061 1.03312
      vertex 0.955165 4.18292 -1.94279
      vertex 0.955165 4.33997 -1.98062
    endloop
  endfacet
  facet normal 1 0 0
    outer loop
      vertex 0.955165 4.48061 1.03312
      vertex 0.955165 4.01216 -1.93826
      vertex 0.955165 4.18292 -1.94279
    endloop
  endfacet
  facet normal 1 -0 0
    outer loop
      vertex 0.955165 3.06046 0.900549
      vertex 0.955165 4.01216 -1.93826
      vertex 0.955165 4.48061 1.03312
    endloop
  endfacet
  facet normal 1 -0 0
    outer loop
      vertex 0.955165 2.24399 0.824329
      vertex 0.955165 4.01216 -1.93826
      vertex 0.955165 3.06046 0.900549
    endloop
  endfacet
  facet normal 1 0 0
    outer loop
      vertex 0.955165 2.24399 0.824329
      vertex 0.955165 0.784439 -1.93932
      vertex 0.955165 4.01216 -1.93826
    endloop
  endfacet
  facet normal 1 -0 0
    outer loop
      vertex 0.955165 0.00567627 -1.11818
      vertex 0.955165 0.784439 -1.93932
      vertex 0.955165 2.24399 0.824329
    endloop
  endfacet
  facet normal 1 0 0
    outer loop
      vertex 0.955165 0.784439 -1.93932
      vertex 0.955165 0.00567627 -1.11818
      vertex 0.955165 0.487762 -1.85724
    endloop
  endfacet
  facet normal 1 0 0
    outer loop
      vertex 0.955165 0.487762 -1.85724
      vertex 0.955165 0.00567627 -1.11818
      vertex 0.955165 0.241013 -1.67749
    endloop
  endfacet
  facet normal 1 0 0
    outer loop
      vertex 0.955165 0.241013 -1.67749
      vertex 0.955165 0.00567627 -1.11818
      vertex 0.955165 0.0712738 -1.42339
    endloop
  endfacet
  facet normal 1 0 0
    outer loop
      vertex 0.955165 0.0712738 -1.42339
      vertex 0.955165 0.00567627 -1.11818
      vertex 0.955165 0.0237732 -1.27571
    endloop
  endfacet
  facet normal 1 0 0
    outer loop
      vertex 0.955165 0.00109128 0.174542
      vertex 0.955165 2.24399 0.824329
      vertex 0.955165 0.00109128 0.754135
    endloop
  endfacet
  facet normal 1 0 0
    outer loop
      vertex 0.955165 2.24399 0.824329
      vertex 0.955165 0.00109128 0.174542
      vertex 0.955165 0.00567627 -1.11818
    endloop
  endfacet
  facet normal 1 0 0
    outer loop
      vertex 0.955165 4.48061 4.87505
      vertex 0.955165 3.49619 2.46991
      vertex 0.955165 4.48061 2.0656
    endloop
  endfacet
  facet normal 1 -0 0
    outer loop
      vertex 0.955165 2.95276 4.71616
      vertex 0.955165 3.49619 2.46991
      vertex 0.955165 4.48061 4.87505
    endloop
  endfacet
  facet normal 1 0 0
    outer loop
      vertex 0.955165 2.95276 4.71616
      vertex 0.955165 2.24399 2.98421
      vertex 0.955165 3.49619 2.46991
    endloop
  endfacet
  facet normal 1 -0 0
    outer loop
      vertex 0.955165 2.24399 4.64245
      vertex 0.955165 2.24399 2.98421
      vertex 0.955165 2.95276 4.71616
    endloop
  endfacet
  facet normal 1 0 0
    outer loop
      vertex 0.955165 2.24399 4.64245
      vertex 0.955165 1.9106 3.03012
      vertex 0.955165 2.24399 2.98421
    endloop
  endfacet
  facet normal 1 -0 0
    outer loop
      vertex 0.955165 0.00109128 4.56425
      vertex 0.955165 1.9106 3.03012
      vertex 0.955165 2.24399 4.64245
    endloop
  endfacet
  facet normal 1 -0 0
    outer loop
      vertex 0.955165 0.000160121 3.29326
      vertex 0.955165 1.9106 3.03012
      vertex 0.955165 0.00109128 4.56425
    endloop
  endfacet
  facet normal 1 0 0
    outer loop
      vertex 0.955165 1.9106 3.03012
      vertex 0.955165 0.000160121 3.29326
      vertex 0.955165 0.000160053 3.29317
    endloop
  endfacet
  facet normal -1 0 0
    outer loop
      vertex -0.955165 11.8858 16.8165
      vertex -0.955165 16.1325 16.6559
      vertex -0.955165 16.1325 -7.8689
    endloop
  endfacet
  facet normal -1 0 0
    outer loop
      vertex -0.955165 15.9649 -8.22064
      vertex -0.955165 16.1325 -7.8689
      vertex -0.955165 16.0728 -8.03957
    endloop
  endfacet
  facet normal -1 0 -0
    outer loop
      vertex -0.955165 12.9599 17.4563
      vertex -0.955165 16.1325 16.6559
      vertex -0.955165 11.8858 16.8165
    endloop
  endfacet
  facet normal -1 0 0
    outer loop
      vertex -0.955165 16.1325 -7.8689
      vertex -0.955165 15.9649 -8.22064
      vertex -0.955165 15.822 -8.38278
    endloop
  endfacet
  facet normal -1 -0 -0
    outer loop
      vertex -0.955165 15.822 17.1625
      vertex -0.955165 16.1325 16.6559
      vertex -0.955165 14.9918 17.4563
    endloop
  endfacet
  facet normal -1 0 0
    outer loop
      vertex -0.955165 15.6485 -8.52032
      vertex -0.955165 16.1325 -7.8689
      vertex -0.955165 15.822 -8.38278
    endloop
  endfacet
  facet normal -1 0 0
    outer loop
      vertex -0.955165 16.1325 -7.8689
      vertex -0.955165 15.6485 -8.52032
      vertex -0.955165 14.9918 -8.72852
    endloop
  endfacet
  facet normal -1 -0 0
    outer loop
      vertex -0.955165 16.1325 -7.8689
      vertex -0.955165 11.8858 -8.03162
      vertex -0.955165 11.8858 16.8165
    endloop
  endfacet
  facet normal -1 0 0
    outer loop
      vertex -0.955165 14.9918 -8.72852
      vertex -0.955165 15.6485 -8.52032
      vertex -0.955165 15.4492 -8.62758
    endloop
  endfacet
  facet normal -1 0 0
    outer loop
      vertex -0.955165 16.1325 16.6559
      vertex -0.955165 15.965 17.0047
      vertex -0.955165 16.0728 16.8258
    endloop
  endfacet
  facet normal -1 0 0
    outer loop
      vertex -0.955165 14.9918 -8.72852
      vertex -0.955165 15.4492 -8.62758
      vertex -0.955165 15.2288 -8.69887
    endloop
  endfacet
  facet normal -1 0 0
    outer loop
      vertex -0.955165 16.1325 16.6559
      vertex -0.955165 15.822 17.1625
      vertex -0.955165 15.965 17.0047
    endloop
  endfacet
  facet normal -1 0 0
    outer loop
      vertex -0.955165 12.9599 -8.72852
      vertex -0.955165 16.1325 -7.8689
      vertex -0.955165 14.9918 -8.72852
    endloop
  endfacet
  facet normal -1 0 0
    outer loop
      vertex -0.955165 15.822 17.1625
      vertex -0.955165 14.9918 17.4563
      vertex -0.955165 15.6485 17.293
    endloop
  endfacet
  facet normal -1 0 0
    outer loop
      vertex -0.955165 16.1325 -7.8689
      vertex -0.955165 12.9599 -8.72852
      vertex -0.955165 11.8858 -8.03162
    endloop
  endfacet
  facet normal -1 0 0
    outer loop
      vertex -0.955165 15.6485 17.293
      vertex -0.955165 14.9918 17.4563
      vertex -0.955165 15.4492 17.3896
    endloop
  endfacet
  facet normal -1 0 0
    outer loop
      vertex -0.955165 11.8858 -8.03162
      vertex -0.955165 12.9599 -8.72852
      vertex -0.955165 12.7262 -8.69887
    endloop
  endfacet
  facet normal -1 0 0
    outer loop
      vertex -0.955165 15.4492 17.3896
      vertex -0.955165 14.9918 17.4563
      vertex -0.955165 15.2288 17.4462
    endloop
  endfacet
  facet normal -1 0 0
    outer loop
      vertex -0.955165 16.1325 16.6559
      vertex -0.955165 12.9599 17.4563
      vertex -0.955165 14.9918 17.4563
    endloop
  endfacet
  facet normal -1 0 0
    outer loop
      vertex -0.955165 11.8858 -8.03162
      vertex -0.955165 12.7262 -8.69887
      vertex -0.955165 12.5082 -8.62758
    endloop
  endfacet
  facet normal -1 0 0
    outer loop
      vertex -0.955165 12.9599 17.4563
      vertex -0.955165 11.8858 16.8165
      vertex -0.955165 12.7262 17.4462
    endloop
  endfacet
  facet normal -1 0 0
    outer loop
      vertex -0.955165 11.8858 -8.03162
      vertex -0.955165 12.5082 -8.62758
      vertex -0.955165 12.3107 -8.52032
    endloop
  endfacet
  facet normal -1 0 0
    outer loop
      vertex -0.955165 12.7262 17.4462
      vertex -0.955165 11.8858 16.8165
      vertex -0.955165 12.5083 17.3896
    endloop
  endfacet
  facet normal -1 0 0
    outer loop
      vertex -0.955165 11.8858 -8.03162
      vertex -0.955165 12.3107 -8.52032
      vertex -0.955165 12.1384 -8.3828
    endloop
  endfacet
  facet normal -1 0 0
    outer loop
      vertex -0.955165 12.3109 17.293
      vertex -0.955165 11.8858 16.8165
      vertex -0.955165 12.1387 17.1625
    endloop
  endfacet
  facet normal -1 0 0
    outer loop
      vertex -0.955165 11.8858 -8.03162
      vertex -0.955165 12.1384 -8.3828
      vertex -0.955165 11.9961 -8.22064
    endloop
  endfacet
  facet normal -1 0 0
    outer loop
      vertex -0.955165 12.1387 17.1625
      vertex -0.955165 11.8858 16.8165
      vertex -0.955165 11.9965 17.0047
    endloop
  endfacet
  facet normal -1 0 0
    outer loop
      vertex -0.955165 11.8858 -8.03162
      vertex -0.955165 11.9961 -8.22064
      vertex -0.955165 11.8886 -8.03957
    endloop
  endfacet
  facet normal -1 0 0
    outer loop
      vertex -0.955165 12.5083 17.3896
      vertex -0.955165 11.8858 16.8165
      vertex -0.955165 12.3109 17.293
    endloop
  endfacet
  facet normal -1 0 0
    outer loop
      vertex -0.955165 11.9965 17.0047
      vertex -0.955165 11.8858 16.8165
      vertex -0.955165 11.8891 16.8258
    endloop
  endfacet
  facet normal -1 0 0
    outer loop
      vertex -0.955165 19.1479 -4.20345
      vertex -0.955165 19.3088 -3.73399
      vertex -0.955165 19.2681 -3.98225
    endloop
  endfacet
  facet normal -1 0 0
    outer loop
      vertex -0.955165 23.276 4.39418
      vertex -0.955165 25.6635 4.39418
      vertex -0.955165 25.6496 3.4379
    endloop
  endfacet
  facet normal -1 0 0
    outer loop
      vertex -0.955165 23.2487 3.37943
      vertex -0.955165 25.6496 3.4379
      vertex -0.955165 25.6084 2.67357
    endloop
  endfacet
  facet normal -1 0 0
    outer loop
      vertex -0.955165 25.6635 4.39418
      vertex -0.955165 23.276 4.39418
      vertex -0.955165 25.6496 5.35027
    endloop
  endfacet
  facet normal -1 0 0
    outer loop
      vertex -0.955165 23.2486 5.408
      vertex -0.955165 25.6496 5.35027
      vertex -0.955165 23.276 4.39418
    endloop
  endfacet
  facet normal -1 0 0
    outer loop
      vertex -0.955165 23.1693 2.7729
      vertex -0.955165 25.6084 2.67357
      vertex -0.955165 25.541 2.07677
    endloop
  endfacet
  facet normal -1 0 0
    outer loop
      vertex -0.955165 25.6496 5.35027
      vertex -0.955165 23.2486 5.408
      vertex -0.955165 25.6084 6.11435
    endloop
  endfacet
  facet normal -1 0 0
    outer loop
      vertex -0.955165 23.1115 2.58385
      vertex -0.955165 25.541 2.07677
      vertex -0.955165 25.4483 1.62308
    endloop
  endfacet
  facet normal -1 0 0
    outer loop
      vertex -0.955165 23.0423 2.45018
      vertex -0.955165 25.4483 1.62308
      vertex -0.955165 25.3311 1.28807
    endloop
  endfacet
  facet normal -1 0 0
    outer loop
      vertex -0.955165 23.1693 6.00797
      vertex -0.955165 25.6084 6.11435
      vertex -0.955165 23.2486 5.408
    endloop
  endfacet
  facet normal -1 0 0
    outer loop
      vertex -0.955165 24.8423 0.750992
      vertex -0.955165 25.3311 1.28807
      vertex -0.955165 25.1904 1.04733
    endloop
  endfacet
  facet normal -1 -0 0
    outer loop
      vertex -0.955165 25.6084 6.11435
      vertex -0.955165 23.1693 6.00797
      vertex -0.955165 25.541 6.71051
    endloop
  endfacet
  facet normal -1 0 0
    outer loop
      vertex -0.955165 24.8423 0.750992
      vertex -0.955165 25.1904 1.04733
      vertex -0.955165 25.0272 0.87645
    endloop
  endfacet
  facet normal -1 0 0
    outer loop
      vertex -0.955165 23.1115 6.18993
      vertex -0.955165 25.541 6.71051
      vertex -0.955165 23.1693 6.00797
    endloop
  endfacet
  facet normal -1 -0 0
    outer loop
      vertex -0.955165 25.3311 1.28807
      vertex -0.955165 24.8423 0.750992
      vertex -0.955165 23.0423 2.45018
    endloop
  endfacet
  facet normal -1 -0 0
    outer loop
      vertex -0.955165 25.541 6.71051
      vertex -0.955165 23.1115 6.18993
      vertex -0.955165 25.4483 7.16295
    endloop
  endfacet
  facet normal -1 0 0
    outer loop
      vertex -0.955165 23.0423 6.31302
      vertex -0.955165 25.4483 7.16295
      vertex -0.955165 23.1115 6.18993
    endloop
  endfacet
  facet normal -1 -0 0
    outer loop
      vertex -0.955165 25.6496 3.4379
      vertex -0.955165 23.2487 3.37943
      vertex -0.955165 23.276 4.39418
    endloop
  endfacet
  facet normal -1 0 0
    outer loop
      vertex -0.955165 25.6084 2.67357
      vertex -0.955165 23.1693 2.7729
      vertex -0.955165 23.2487 3.37943
    endloop
  endfacet
  facet normal -1 0 0
    outer loop
      vertex -0.955165 25.541 2.07677
      vertex -0.955165 23.1115 2.58385
      vertex -0.955165 23.1693 2.7729
    endloop
  endfacet
  facet normal -1 0 0
    outer loop
      vertex -0.955165 25.4483 1.62308
      vertex -0.955165 23.0423 2.45018
      vertex -0.955165 23.1115 2.58385
    endloop
  endfacet
  facet normal -1 0 0
    outer loop
      vertex -0.955165 24.8423 0.750992
      vertex -0.955165 22.8719 2.2868
      vertex -0.955165 23.0423 2.45018
    endloop
  endfacet
  facet normal -1 0 0
    outer loop
      vertex -0.955165 20.3212 0.821259
      vertex -0.955165 24.8423 0.750992
      vertex -0.955165 20.3212 -1.88811
    endloop
  endfacet
  facet normal -1 0 0
    outer loop
      vertex -0.955165 24.8423 0.750992
      vertex -0.955165 20.3212 0.821259
      vertex -0.955165 22.8719 2.2868
    endloop
  endfacet
  facet normal -1 0 0
    outer loop
      vertex -0.955165 19.3052 -1.88811
      vertex -0.955165 20.3212 0.821259
      vertex -0.955165 20.3212 -1.88811
    endloop
  endfacet
  facet normal -1 0 0
    outer loop
      vertex -0.955165 19.3088 -3.73399
      vertex -0.955165 19.1479 -4.20345
      vertex -0.955165 18.9609 -4.38084
    endloop
  endfacet
  facet normal -1 0 0
    outer loop
      vertex -0.955165 19.3088 -3.73399
      vertex -0.955165 18.9609 -4.38084
      vertex -0.955165 18.7192 -4.49777
    endloop
  endfacet
  facet normal -1 0 0
    outer loop
      vertex -0.955165 19.3052 -1.88811
      vertex -0.955165 18.882 0.830048
      vertex -0.955165 20.3212 0.821259
    endloop
  endfacet
  facet normal -1 -0 0
    outer loop
      vertex -0.955165 19.3088 -3.73399
      vertex -0.955165 18.3084 -4.59337
      vertex -0.955165 19.3052 -1.88811
    endloop
  endfacet
  facet normal -1 0 0
    outer loop
      vertex -0.955165 18.0957 -4.69247
      vertex -0.955165 19.3052 -1.88811
      vertex -0.955165 18.3084 -4.59337
    endloop
  endfacet
  facet normal -1 0 0
    outer loop
      vertex -0.955165 19.3088 -3.73399
      vertex -0.955165 18.7192 -4.49777
      vertex -0.955165 18.3084 -4.59337
    endloop
  endfacet
  facet normal -1 -0 0
    outer loop
      vertex -0.955165 19.3052 -1.88811
      vertex -0.955165 18.0957 -4.69247
      vertex -0.955165 18.882 0.830048
    endloop
  endfacet
  facet normal -1 -0 0
    outer loop
      vertex -0.955165 18.882 0.830048
      vertex -0.955165 18.0957 -4.69247
      vertex -0.955165 18.7736 1.74364
    endloop
  endfacet
  facet normal -1 -0 0
    outer loop
      vertex -0.955165 18.7736 1.74364
      vertex -0.955165 18.0957 -4.69247
      vertex -0.955165 18.6973 2.65404
    endloop
  endfacet
  facet normal -1 -0 0
    outer loop
      vertex -0.955165 18.6973 2.65404
      vertex -0.955165 18.0957 -4.69247
      vertex -0.955165 18.6524 3.55931
    endloop
  endfacet
  facet normal -1 -0 0
    outer loop
      vertex -0.955165 25.4483 7.16295
      vertex -0.955165 23.0423 6.31302
      vertex -0.955165 25.3311 7.49593
    endloop
  endfacet
  facet normal -1 0 0
    outer loop
      vertex -0.955165 25.3311 7.49593
      vertex -0.955165 24.8423 8.02017
      vertex -0.955165 25.1904 7.73363
    endloop
  endfacet
  facet normal -1 0 0
    outer loop
      vertex -0.955165 25.1904 7.73363
      vertex -0.955165 24.8423 8.02017
      vertex -0.955165 25.0272 7.9003
    endloop
  endfacet
  facet normal -1 -0 0
    outer loop
      vertex -0.955165 25.3311 7.49593
      vertex -0.955165 23.0423 6.31302
      vertex -0.955165 24.8423 8.02017
    endloop
  endfacet
  facet normal -1 0 0
    outer loop
      vertex -0.955165 22.9623 6.39214
      vertex -0.955165 24.8423 8.02017
      vertex -0.955165 23.0423 6.31302
    endloop
  endfacet
  facet normal -1 0 0
    outer loop
      vertex -0.955165 22.8719 6.44212
      vertex -0.955165 24.8423 8.02017
      vertex -0.955165 22.9623 6.39214
    endloop
  endfacet
  facet normal -1 0 0
    outer loop
      vertex -0.955165 20.3212 7.93298
      vertex -0.955165 24.8423 8.02017
      vertex -0.955165 22.8719 6.44212
    endloop
  endfacet
  facet normal -1 0 0
    outer loop
      vertex -0.955165 20.3212 7.93298
      vertex -0.955165 20.3212 10.5575
      vertex -0.955165 24.8423 8.02017
    endloop
  endfacet
  facet normal -1 0 0
    outer loop
      vertex -0.955165 20.3212 7.93298
      vertex -0.955165 19.3052 10.5575
      vertex -0.955165 20.3212 10.5575
    endloop
  endfacet
  facet normal -1 0 0
    outer loop
      vertex -0.955165 19.3099 12.4623
      vertex -0.955165 19.1494 12.9828
      vertex -0.955165 19.2695 12.7453
    endloop
  endfacet
  facet normal -1 -0 -0
    outer loop
      vertex -0.955165 18.7192 13.2695
      vertex -0.955165 19.3099 12.4623
      vertex -0.955165 18.3084 13.3656
    endloop
  endfacet
  facet normal -1 0 0
    outer loop
      vertex -0.955165 18.882 7.94124
      vertex -0.955165 19.3052 10.5575
      vertex -0.955165 20.3212 7.93298
    endloop
  endfacet
  facet normal -1 0 0
    outer loop
      vertex -0.955165 18.0957 13.4743
      vertex -0.955165 19.3052 10.5575
      vertex -0.955165 18.882 7.94124
    endloop
  endfacet
  facet normal -1 0 0
    outer loop
      vertex -0.955165 18.0957 13.4743
      vertex -0.955165 18.882 7.94124
      vertex -0.955165 18.7773 7.09056
    endloop
  endfacet
  facet normal -1 0 0
    outer loop
      vertex -0.955165 19.3099 12.4623
      vertex -0.955165 18.7192 13.2695
      vertex -0.955165 19.1494 12.9828
    endloop
  endfacet
  facet normal -1 0 0
    outer loop
      vertex -0.955165 18.0957 13.4743
      vertex -0.955165 18.7773 7.09056
      vertex -0.955165 18.7015 6.2251
    endloop
  endfacet
  facet normal -1 0 0
    outer loop
      vertex -0.955165 18.0957 13.4743
      vertex -0.955165 18.7015 6.2251
      vertex -0.955165 18.6551 5.34679
    endloop
  endfacet
  facet normal -1 0 0
    outer loop
      vertex -0.955165 18.0957 13.4743
      vertex -0.955165 18.6551 5.34679
      vertex -0.955165 18.6385 4.45755
    endloop
  endfacet
  facet normal -1 -0 0
    outer loop
      vertex -0.955165 18.6524 3.55931
      vertex -0.955165 18.0957 -4.69247
      vertex -0.955165 18.6385 4.45755
    endloop
  endfacet
  facet normal -1 0 0
    outer loop
      vertex -0.955165 19.1494 12.9828
      vertex -0.955165 18.7192 13.2695
      vertex -0.955165 18.9618 13.1618
    endloop
  endfacet
  facet normal -1 0 0
    outer loop
      vertex -0.955165 18.0957 13.4743
      vertex -0.955165 18.6385 4.45755
      vertex -0.955165 18.0957 -4.69247
    endloop
  endfacet
  facet normal -1 0 0
    outer loop
      vertex -0.955165 19.3052 10.5575
      vertex -0.955165 18.0957 13.4743
      vertex -0.955165 18.3084 13.3656
    endloop
  endfacet
  facet normal -1 0 0
    outer loop
      vertex -0.955165 18.3084 13.3656
      vertex -0.955165 19.3099 12.4623
      vertex -0.955165 19.3052 10.5575
    endloop
  endfacet
  facet normal -1 0 0
    outer loop
      vertex -0.955165 16.7163 -7.01492
      vertex -0.955165 17.7167 -5.35818
      vertex -0.955165 17.7178 -6.11317
    endloop
  endfacet
  facet normal -1 0 0
    outer loop
      vertex -0.955165 17.5705 -6.59042
      vertex -0.955165 17.7178 -6.11317
      vertex -0.955165 17.6874 -6.36702
    endloop
  endfacet
  facet normal -1 0 0
    outer loop
      vertex -0.955165 17.7167 -5.35818
      vertex -0.955165 16.7168 15.7432
      vertex -0.955165 17.6876 15.147
    endloop
  endfacet
  facet normal -1 0 0
    outer loop
      vertex -0.955165 17.7178 -6.11317
      vertex -0.955165 17.5705 -6.59042
      vertex -0.955165 17.3798 -6.76654
    endloop
  endfacet
  facet normal -1 0 0
    outer loop
      vertex -0.955165 17.7178 -6.11317
      vertex -0.955165 17.3798 -6.76654
      vertex -0.955165 17.1276 -6.87849
    endloop
  endfacet
  facet normal -1 0 0
    outer loop
      vertex -0.955165 17.7167 -5.35818
      vertex -0.955165 16.7163 -7.01492
      vertex -0.955165 16.4987 -7.09981
    endloop
  endfacet
  facet normal -1 0 0
    outer loop
      vertex -0.955165 17.7178 -6.11317
      vertex -0.955165 17.1276 -6.87849
      vertex -0.955165 16.7163 -7.01492
    endloop
  endfacet
  facet normal -1 -0 -0
    outer loop
      vertex -0.955165 17.3798 15.5462
      vertex -0.955165 17.6876 15.147
      vertex -0.955165 17.1276 15.6486
    endloop
  endfacet
  facet normal -1 0 0
    outer loop
      vertex -0.955165 17.6876 15.147
      vertex -0.955165 17.3798 15.5462
      vertex -0.955165 17.5706 15.3734
    endloop
  endfacet
  facet normal -1 -0 -0
    outer loop
      vertex -0.955165 17.1276 15.6486
      vertex -0.955165 17.6876 15.147
      vertex -0.955165 16.7168 15.7432
    endloop
  endfacet
  facet normal -1 0 0
    outer loop
      vertex -0.955165 16.4198 -7.16862
      vertex -0.955165 17.7167 -5.35818
      vertex -0.955165 16.4987 -7.09981
    endloop
  endfacet
  facet normal -1 0 0
    outer loop
      vertex -0.955165 17.7167 -5.35818
      vertex -0.955165 16.4991 15.8623
      vertex -0.955165 16.7168 15.7432
    endloop
  endfacet
  facet normal -1 0 0
    outer loop
      vertex -0.955165 16.4198 15.9393
      vertex -0.955165 17.7167 -5.35818
      vertex -0.955165 16.4198 -7.16862
    endloop
  endfacet
  facet normal -1 0 0
    outer loop
      vertex -0.955165 17.7167 -5.35818
      vertex -0.955165 16.4198 15.9393
      vertex -0.955165 16.4991 15.8623
    endloop
  endfacet
  facet normal -1 0 0
    outer loop
      vertex -0.955165 17.8084 -5.0337
      vertex -0.955165 17.7739 13.8798
      vertex -0.955165 17.8084 13.819
    endloop
  endfacet
  facet normal -1 0 0
    outer loop
      vertex -0.955165 17.7721 -5.09877
      vertex -0.955165 17.7739 13.8798
      vertex -0.955165 17.8084 -5.0337
    endloop
  endfacet
  facet normal -1 0 0
    outer loop
      vertex -0.955165 17.7721 -5.09877
      vertex -0.955165 17.7182 14.1288
      vertex -0.955165 17.7739 13.8798
    endloop
  endfacet
  facet normal -1 0 0
    outer loop
      vertex -0.955165 17.7167 -5.35818
      vertex -0.955165 17.7182 14.1288
      vertex -0.955165 17.7721 -5.09877
    endloop
  endfacet
  facet normal -1 0 0
    outer loop
      vertex -0.955165 17.6876 15.147
      vertex -0.955165 17.7182 14.1288
      vertex -0.955165 17.7167 -5.35818
    endloop
  endfacet
  facet normal -1 0 0
    outer loop
      vertex -0.955165 17.7182 14.1288
      vertex -0.955165 17.6876 15.147
      vertex -0.955165 17.7182 14.8838
    endloop
  endfacet
  facet normal -1 0 0
    outer loop
      vertex -0.955165 11.5985 -7.22635
      vertex -0.955165 11.441 15.8623
      vertex -0.955165 11.5985 16.0029
    endloop
  endfacet
  facet normal -1 0 0
    outer loop
      vertex -0.955165 11.4405 -7.09982
      vertex -0.955165 11.441 15.8623
      vertex -0.955165 11.5985 -7.22635
    endloop
  endfacet
  facet normal -1 0 0
    outer loop
      vertex -0.955165 11.4405 -7.09982
      vertex -0.955165 11.1931 15.7432
      vertex -0.955165 11.441 15.8623
    endloop
  endfacet
  facet normal -1 0 0
    outer loop
      vertex -0.955165 10.3298 -6.50133
      vertex -0.955165 11.4405 -7.09982
      vertex -0.955165 11.1926 -7.01492
    endloop
  endfacet
  facet normal -1 0 0
    outer loop
      vertex -0.955165 10.3298 -6.50133
      vertex -0.955165 11.1926 -7.01492
      vertex -0.955165 10.7823 -6.87695
    endloop
  endfacet
  facet normal -1 0 0
    outer loop
      vertex -0.955165 11.4405 -7.09982
      vertex -0.955165 10.3298 -6.50133
      vertex -0.955165 11.1931 15.7432
    endloop
  endfacet
  facet normal -1 0 0
    outer loop
      vertex -0.955165 10.3298 -6.50133
      vertex -0.955165 10.7823 -6.87695
      vertex -0.955165 10.5604 -6.76474
    endloop
  endfacet
  facet normal -1 0 0
    outer loop
      vertex -0.955165 10.3298 15.2874
      vertex -0.955165 11.1931 15.7432
      vertex -0.955165 10.3298 -6.50133
    endloop
  endfacet
  facet normal -1 0 0
    outer loop
      vertex -0.955165 10.3298 -6.50133
      vertex -0.955165 10.5604 -6.76474
      vertex -0.955165 10.3798 -6.58904
    endloop
  endfacet
  facet normal -1 0 0
    outer loop
      vertex -0.955165 11.1931 15.7432
      vertex -0.955165 10.3298 15.2874
      vertex -0.955165 10.7817 15.6486
    endloop
  endfacet
  facet normal -1 0 0
    outer loop
      vertex -0.955165 10.7817 15.6486
      vertex -0.955165 10.3298 15.2874
      vertex -0.955165 10.559 15.5462
    endloop
  endfacet
  facet normal -1 0 0
    outer loop
      vertex -0.955165 10.559 15.5462
      vertex -0.955165 10.3298 15.2874
      vertex -0.955165 10.378 15.3734
    endloop
  endfacet
  facet normal -1 0 0
    outer loop
      vertex -0.955165 4.48061 3.96565
      vertex -0.955165 4.34006 10.7411
      vertex -0.955165 4.48061 10.8316
    endloop
  endfacet
  facet normal -1 0 0
    outer loop
      vertex -0.955165 4.48061 3.96565
      vertex -0.955165 4.18298 10.69
      vertex -0.955165 4.34006 10.7411
    endloop
  endfacet
  facet normal -1 0 0
    outer loop
      vertex -0.955165 4.48061 3.96565
      vertex -0.955165 4.01216 10.6661
      vertex -0.955165 4.18298 10.69
    endloop
  endfacet
  facet normal -1 0 0
    outer loop
      vertex -0.955165 2.9511 4.09819
      vertex -0.955165 4.01216 10.6661
      vertex -0.955165 4.48061 3.96565
    endloop
  endfacet
  facet normal -1 0 0
    outer loop
      vertex -0.955165 0.0101473 8.69186
      vertex -0.955165 2.9511 4.09819
      vertex -0.955165 2.24399 4.15946
    endloop
  endfacet
  facet normal -1 0 0
    outer loop
      vertex -0.955165 2.9511 4.09819
      vertex -0.955165 0.0101473 8.69186
      vertex -0.955165 4.01216 10.6661
    endloop
  endfacet
  facet normal -1 0 -0
    outer loop
      vertex -0.955165 0.0101706 8.71233
      vertex -0.955165 4.01216 10.6661
      vertex -0.955165 0.0101473 8.69186
    endloop
  endfacet
  facet normal -1 -0 0
    outer loop
      vertex -0.955165 4.01216 10.6661
      vertex -0.955165 0.0101706 8.71233
      vertex -0.955165 0.784439 10.6671
    endloop
  endfacet
  facet normal -1 0 0
    outer loop
      vertex -0.955165 0.00567627 9.88837
      vertex -0.955165 0.784439 10.6671
      vertex -0.955165 0.0101706 8.71233
    endloop
  endfacet
  facet normal -1 0 -0
    outer loop
      vertex -0.955165 0.0237732 10.0514
      vertex -0.955165 0.784439 10.6671
      vertex -0.955165 0.00567627 9.88837
    endloop
  endfacet
  facet normal -1 0 -0
    outer loop
      vertex -0.955165 0.356461 10.5499
      vertex -0.955165 0.784439 10.6671
      vertex -0.955165 0.241013 10.4551
    endloop
  endfacet
  facet normal -1 0 0
    outer loop
      vertex -0.955165 0.631561 10.6593
      vertex -0.955165 0.356461 10.5499
      vertex -0.955165 0.487762 10.6191
    endloop
  endfacet
  facet normal -1 0 0
    outer loop
      vertex -0.955165 0.784439 10.6671
      vertex -0.955165 0.356461 10.5499
      vertex -0.955165 0.631561 10.6593
    endloop
  endfacet
  facet normal -1 0 -0
    outer loop
      vertex -0.955165 0.0712891 10.2024
      vertex -0.955165 0.784439 10.6671
      vertex -0.955165 0.0237732 10.0514
    endloop
  endfacet
  facet normal -1 0 -0
    outer loop
      vertex -0.955165 0.0101473 8.69186
      vertex -0.955165 2.24399 4.15946
      vertex -0.955165 0.00504895 4.2245
    endloop
  endfacet
  facet normal -1 0 -0
    outer loop
      vertex -0.955165 0.241013 10.4551
      vertex -0.955165 0.784439 10.6671
      vertex -0.955165 0.0712891 10.2024
    endloop
  endfacet
  facet normal -1 0 -0
    outer loop
      vertex -0.955165 0.00567627 9.88837
      vertex -0.955165 0.0101706 8.71233
      vertex -0.955165 0.00102288 8.71233
    endloop
  endfacet
  facet normal -1 0 0
    outer loop
      vertex -0.955165 9.85831 -4.70006
      vertex -0.955165 10.0425 13.6492
      vertex -0.955165 10.0425 -4.86644
    endloop
  endfacet
  facet normal -1 0 0
    outer loop
      vertex -0.955165 9.85831 -4.70006
      vertex -0.955165 9.85831 13.4797
      vertex -0.955165 10.0425 13.6492
    endloop
  endfacet
  facet normal -1 0 0
    outer loop
      vertex -0.955165 9.60094 13.364
      vertex -0.955165 9.85831 -4.70006
      vertex -0.955165 9.60094 -4.59389
    endloop
  endfacet
  facet normal -1 0 0
    outer loop
      vertex -0.955165 9.85831 -4.70006
      vertex -0.955165 9.60094 13.364
      vertex -0.955165 9.85831 13.4797
    endloop
  endfacet
  facet normal -1 0 0
    outer loop
      vertex -0.955165 8.77377 -4.18541
      vertex -0.955165 9.60094 -4.59389
      vertex -0.955165 9.233 -4.49828
    endloop
  endfacet
  facet normal -1 0 0
    outer loop
      vertex -0.955165 9.60094 -4.59389
      vertex -0.955165 8.77377 -4.18541
      vertex -0.955165 9.60094 13.364
    endloop
  endfacet
  facet normal -1 0 0
    outer loop
      vertex -0.955165 8.77377 -4.18541
      vertex -0.955165 9.233 -4.49828
      vertex -0.955165 8.9747 -4.36414
    endloop
  endfacet
  facet normal -1 0 0
    outer loop
      vertex -0.955165 8.77377 12.9573
      vertex -0.955165 9.60094 13.364
      vertex -0.955165 8.77377 -4.18541
    endloop
  endfacet
  facet normal -1 0 0
    outer loop
      vertex -0.955165 9.60094 13.364
      vertex -0.955165 8.77377 12.9573
      vertex -0.955165 9.23248 13.2684
    endloop
  endfacet
  facet normal -1 0 0
    outer loop
      vertex -0.955165 9.23248 13.2684
      vertex -0.955165 8.77377 12.9573
      vertex -0.955165 8.97418 13.147
    endloop
  endfacet
  facet normal -1 0 0
    outer loop
      vertex -0.955165 4.83278 -2.71651
      vertex -0.955165 4.81856 -2.55023
      vertex -0.955165 4.83171 -2.62968
    endloop
  endfacet
  facet normal -1 0 0
    outer loop
      vertex -0.955165 8.3775 -3.62439
      vertex -0.955165 8.48648 12.5177
      vertex -0.955165 8.48648 -3.78829
    endloop
  endfacet
  facet normal -1 0 0
    outer loop
      vertex -0.955165 5.66664 3.80116
      vertex -0.955165 8.48648 12.5177
      vertex -0.955165 8.3775 -3.62439
    endloop
  endfacet
  facet normal -1 0 0
    outer loop
      vertex -0.955165 5.66664 3.54819
      vertex -0.955165 8.3775 -3.62439
      vertex -0.955165 8.22299 -3.50137
    endloop
  endfacet
  facet normal -1 0 0
    outer loop
      vertex -0.955165 8.48648 12.5177
      vertex -0.955165 5.66664 3.80116
      vertex -0.955165 8.37743 12.3862
    endloop
  endfacet
  facet normal -1 0 0
    outer loop
      vertex -0.955165 5.66664 3.54819
      vertex -0.955165 8.22299 -3.50137
      vertex -0.955165 8.03554 -3.4285
    endloop
  endfacet
  facet normal -1 0 0
    outer loop
      vertex -0.955165 8.37743 12.3862
      vertex -0.955165 5.66664 3.80116
      vertex -0.955165 8.22273 12.2791
    endloop
  endfacet
  facet normal -1 0 0
    outer loop
      vertex -0.955165 5.66664 3.54819
      vertex -0.955165 8.03554 -3.4285
      vertex -0.955165 7.82224 -3.40688
    endloop
  endfacet
  facet normal -1 0 0
    outer loop
      vertex -0.955165 8.22273 12.2791
      vertex -0.955165 5.66664 3.80116
      vertex -0.955165 8.03508 12.2079
    endloop
  endfacet
  facet normal -1 0 0
    outer loop
      vertex -0.955165 8.3775 -3.62439
      vertex -0.955165 5.66664 3.54819
      vertex -0.955165 5.66664 3.80116
    endloop
  endfacet
  facet normal -1 0 0
    outer loop
      vertex -0.955165 4.77333 -2.39688
      vertex -0.955165 7.82224 -3.40688
      vertex -0.955165 5.61047 -3.40793
    endloop
  endfacet
  facet normal -1 0 0
    outer loop
      vertex -0.955165 4.83171 -2.62968
      vertex -0.955165 5.61047 -3.40793
      vertex -0.955165 5.45746 -3.3902
    endloop
  endfacet
  facet normal -1 0 0
    outer loop
      vertex -0.955165 4.83171 -2.62968
      vertex -0.955165 5.45746 -3.3902
      vertex -0.955165 5.31351 -3.34297
    endloop
  endfacet
  facet normal -1 0 0
    outer loop
      vertex -0.955165 4.83171 -2.62968
      vertex -0.955165 5.31351 -3.34297
      vertex -0.955165 5.06654 -3.17361
    endloop
  endfacet
  facet normal -1 0 0
    outer loop
      vertex -0.955165 7.82224 -3.40688
      vertex -0.955165 4.77333 -2.39688
      vertex -0.955165 4.7679 -2.38673
    endloop
  endfacet
  facet normal -1 0 0
    outer loop
      vertex -0.955165 4.83171 -2.62968
      vertex -0.955165 5.06654 -3.17361
      vertex -0.955165 4.89685 -2.92685
    endloop
  endfacet
  facet normal -1 0 0
    outer loop
      vertex -0.955165 4.83171 -2.62968
      vertex -0.955165 4.89685 -2.92685
      vertex -0.955165 4.8495 -2.78288
    endloop
  endfacet
  facet normal -1 0 0
    outer loop
      vertex -0.955165 5.61047 -3.40793
      vertex -0.955165 4.83171 -2.62968
      vertex -0.955165 4.81856 -2.55023
    endloop
  endfacet
  facet normal -1 0 0
    outer loop
      vertex -0.955165 5.61047 -3.40793
      vertex -0.955165 4.81856 -2.55023
      vertex -0.955165 4.77333 -2.39688
    endloop
  endfacet
  facet normal -1 0 -0
    outer loop
      vertex -0.955165 5.04785 3.12411
      vertex -0.955165 7.82224 -3.40688
      vertex -0.955165 4.7679 -2.38673
    endloop
  endfacet
  facet normal -1 0 0
    outer loop
      vertex -0.955165 7.82224 -3.40688
      vertex -0.955165 5.04785 3.12411
      vertex -0.955165 5.66664 3.54819
    endloop
  endfacet
  facet normal -1 0 0
    outer loop
      vertex -0.955165 5.04785 3.12411
      vertex -0.955165 4.7679 -2.38673
      vertex -0.955165 4.7679 2.93226
    endloop
  endfacet
  facet normal -1 0 0
    outer loop
      vertex -0.955165 8.03508 12.2079
      vertex -0.955165 5.66664 3.80116
      vertex -0.955165 7.82172 12.1775
    endloop
  endfacet
  facet normal -1 0 0
    outer loop
      vertex -0.955165 4.7679 11.1327
      vertex -0.955165 7.82172 12.1775
      vertex -0.955165 5.66664 3.80116
    endloop
  endfacet
  facet normal -1 -0 0
    outer loop
      vertex -0.955165 7.82172 12.1775
      vertex -0.955165 4.77336 11.14
      vertex -0.955165 5.60997 12.1781
    endloop
  endfacet
  facet normal -1 0 -0
    outer loop
      vertex -0.955165 4.81857 11.269
      vertex -0.955165 5.60997 12.1781
      vertex -0.955165 4.77336 11.14
    endloop
  endfacet
  facet normal -1 0 -0
    outer loop
      vertex -0.955165 4.83278 11.4019
      vertex -0.955165 5.60997 12.1781
      vertex -0.955165 4.81857 11.269
    endloop
  endfacet
  facet normal -1 0 0
    outer loop
      vertex -0.955165 5.60997 12.1781
      vertex -0.955165 5.06627 11.9566
      vertex -0.955165 5.45695 12.166
    endloop
  endfacet
  facet normal -1 0 0
    outer loop
      vertex -0.955165 5.45695 12.166
      vertex -0.955165 5.06627 11.9566
      vertex -0.955165 5.31306 12.1228
    endloop
  endfacet
  facet normal -1 0 0
    outer loop
      vertex -0.955165 4.89676 11.7066
      vertex -0.955165 4.83278 11.4019
      vertex -0.955165 4.84949 11.5586
    endloop
  endfacet
  facet normal -1 0 0
    outer loop
      vertex -0.955165 5.06627 11.9566
      vertex -0.955165 4.83278 11.4019
      vertex -0.955165 4.89676 11.7066
    endloop
  endfacet
  facet normal -1 0 -0
    outer loop
      vertex -0.955165 5.06627 11.9566
      vertex -0.955165 5.60997 12.1781
      vertex -0.955165 4.83278 11.4019
    endloop
  endfacet
  facet normal -1 0 0
    outer loop
      vertex -0.955165 4.7679 11.1327
      vertex -0.955165 5.66664 3.80116
      vertex -0.955165 4.7679 3.92948
    endloop
  endfacet
  facet normal -1 0 0
    outer loop
      vertex -0.955165 7.82172 12.1775
      vertex -0.955165 4.7679 11.1327
      vertex -0.955165 4.77336 11.14
    endloop
  endfacet
  facet normal -1 0 0
    outer loop
      vertex -0.955165 4.84949 11.5586
      vertex -0.955165 4.83278 11.4019
      vertex -0.955165 4.83171 11.3998
    endloop
  endfacet
  facet normal -1 0 0
    outer loop
      vertex -0.955165 4.48042 -2.04834
      vertex -0.955165 4.48061 2.75869
      vertex -0.955165 4.48061 -2.04848
    endloop
  endfacet
  facet normal -1 0 0
    outer loop
      vertex -0.955165 4.33997 -1.98062
      vertex -0.955165 4.48061 2.75869
      vertex -0.955165 4.48042 -2.04834
    endloop
  endfacet
  facet normal -1 0 0
    outer loop
      vertex -0.955165 3.54544 2.36971
      vertex -0.955165 4.33997 -1.98062
      vertex -0.955165 4.18292 -1.94279
    endloop
  endfacet
  facet normal -1 0 0
    outer loop
      vertex -0.955165 3.54544 2.36971
      vertex -0.955165 4.18292 -1.94279
      vertex -0.955165 4.01216 -1.93826
    endloop
  endfacet
  facet normal -1 0 0
    outer loop
      vertex -0.955165 4.33997 -1.98062
      vertex -0.955165 3.54544 2.36971
      vertex -0.955165 4.48061 2.75869
    endloop
  endfacet
  facet normal -1 0 0
    outer loop
      vertex -0.955165 4.01216 -1.93826
      vertex -0.955165 2.24399 1.82839
      vertex -0.955165 3.54544 2.36971
    endloop
  endfacet
  facet normal -1 0 0
    outer loop
      vertex -0.955165 4.01216 -1.93826
      vertex -0.955165 1.93082 1.78472
      vertex -0.955165 2.24399 1.82839
    endloop
  endfacet
  facet normal -1 0 0
    outer loop
      vertex -0.955165 0.784439 -1.93932
      vertex -0.955165 1.93082 1.78472
      vertex -0.955165 4.01216 -1.93826
    endloop
  endfacet
  facet normal -1 0 0
    outer loop
      vertex -0.955165 0.00567627 -1.11818
      vertex -0.955165 0.784439 -1.93932
      vertex -0.955165 0.487762 -1.85724
    endloop
  endfacet
  facet normal -1 0 0
    outer loop
      vertex -0.955165 0.00567627 -1.11818
      vertex -0.955165 0.487762 -1.85724
      vertex -0.955165 0.241013 -1.67749
    endloop
  endfacet
  facet normal -1 0 0
    outer loop
      vertex -0.955165 0.00567627 -1.11818
      vertex -0.955165 0.241013 -1.67749
      vertex -0.955165 0.0712738 -1.42339
    endloop
  endfacet
  facet normal -1 0 0
    outer loop
      vertex -0.955165 0.00567627 -1.11818
      vertex -0.955165 0.0712738 -1.42339
      vertex -0.955165 0.0237732 -1.27571
    endloop
  endfacet
  facet normal -1 0 0
    outer loop
      vertex -0.955165 0.784439 -1.93932
      vertex -0.955165 0.00567627 -1.11818
      vertex -0.955165 0.000898299 0.228951
    endloop
  endfacet
  facet normal -1 0 0
    outer loop
      vertex -0.955165 0.784439 -1.93932
      vertex -0.955165 0.000898299 0.228951
      vertex -0.955165 1.93082 1.78472
    endloop
  endfacet
  facet normal -1 0 0
    outer loop
      vertex -0.955165 1.93082 1.78472
      vertex -0.955165 0.00503788 1.51276
      vertex -0.955165 0.00504895 1.51619
    endloop
  endfacet
  facet normal -1 0 0
    outer loop
      vertex -0.955165 1.93082 1.78472
      vertex -0.955165 0.000898299 0.228951
      vertex -0.955165 0.00503788 1.51276
    endloop
  endfacet
  facet normal 0 -0.310821 -0.950469
    outer loop
      vertex -0.955165 12.5082 -8.62758
      vertex 0.955165 12.7262 -8.69887
      vertex 0.955165 12.5082 -8.62758
    endloop
  endfacet
  facet normal -0 -0.310821 -0.950469
    outer loop
      vertex 0.955165 12.7262 -8.69887
      vertex -0.955165 12.5082 -8.62758
      vertex -0.955165 12.7262 -8.69887
    endloop
  endfacet
  facet normal 0 -0.477249 -0.878768
    outer loop
      vertex -0.955165 12.3107 -8.52032
      vertex 0.955165 12.5082 -8.62758
      vertex 0.955165 12.3107 -8.52032
    endloop
  endfacet
  facet normal -0 -0.477249 -0.878768
    outer loop
      vertex 0.955165 12.5082 -8.62758
      vertex -0.955165 12.3107 -8.52032
      vertex -0.955165 12.5082 -8.62758
    endloop
  endfacet
  facet normal 0 -0.62381 -0.781576
    outer loop
      vertex -0.955165 12.1384 -8.3828
      vertex 0.955165 12.3107 -8.52032
      vertex 0.955165 12.1384 -8.3828
    endloop
  endfacet
  facet normal -0 -0.62381 -0.781576
    outer loop
      vertex 0.955165 12.3107 -8.52032
      vertex -0.955165 12.1384 -8.3828
      vertex -0.955165 12.3107 -8.52032
    endloop
  endfacet
  facet normal 0 -0.751634 -0.65958
    outer loop
      vertex -0.955165 12.1384 -8.3828
      vertex 0.955165 11.9961 -8.22064
      vertex -0.955165 11.9961 -8.22064
    endloop
  endfacet
  facet normal 0 -0.751634 -0.65958
    outer loop
      vertex 0.955165 11.9961 -8.22064
      vertex -0.955165 12.1384 -8.3828
      vertex 0.955165 12.1384 -8.3828
    endloop
  endfacet
  facet normal 0 -0.859876 -0.510503
    outer loop
      vertex -0.955165 11.9961 -8.22064
      vertex 0.955165 11.8886 -8.03957
      vertex -0.955165 11.8886 -8.03957
    endloop
  endfacet
  facet normal 0 -0.859876 -0.510503
    outer loop
      vertex 0.955165 11.8886 -8.03957
      vertex -0.955165 11.9961 -8.22064
      vertex 0.955165 11.9961 -8.22064
    endloop
  endfacet
  facet normal 0 -0.943209 -0.332199
    outer loop
      vertex -0.955165 11.8886 -8.03957
      vertex -0.855165 11.8858 -8.03162
      vertex -0.955165 11.8858 -8.03162
    endloop
  endfacet
  facet normal 0 -0.943209 -0.332199
    outer loop
      vertex -0.855165 11.8858 -8.03162
      vertex -0.955165 11.8886 -8.03957
      vertex 0.855165 11.8858 -8.03162
    endloop
  endfacet
  facet normal -0 -0.943209 -0.332199
    outer loop
      vertex 0.955165 11.8886 -8.03957
      vertex 0.855165 11.8858 -8.03162
      vertex -0.955165 11.8886 -8.03957
    endloop
  endfacet
  facet normal 0 -0.943209 -0.332199
    outer loop
      vertex 0.855165 11.8858 -8.03162
      vertex 0.955165 11.8886 -8.03957
      vertex 0.955165 11.8858 -8.03162
    endloop
  endfacet
  facet normal 0 -0.944074 -0.329734
    outer loop
      vertex -0.855165 11.8858 -8.03162
      vertex 0.855165 11.8207 -7.84523
      vertex -0.855165 11.8207 -7.84523
    endloop
  endfacet
  facet normal 0 -0.944074 -0.329734
    outer loop
      vertex 0.855165 11.8207 -7.84523
      vertex -0.855165 11.8858 -8.03162
      vertex 0.855165 11.8858 -8.03162
    endloop
  endfacet
  facet normal 0 -0.993296 -0.115602
    outer loop
      vertex -0.855165 11.8207 -7.84523
      vertex 0.855165 11.7972 -7.64331
      vertex -0.855165 11.7972 -7.64331
    endloop
  endfacet
  facet normal 0 -0.993296 -0.115602
    outer loop
      vertex 0.855165 11.7972 -7.64331
      vertex -0.855165 11.8207 -7.84523
      vertex 0.855165 11.8207 -7.84523
    endloop
  endfacet
  facet normal 0 -0.977454 -0.211148
    outer loop
      vertex -0.855165 11.7972 -7.64331
      vertex 0.855165 11.7541 -7.44379
      vertex -0.855165 11.7541 -7.44379
    endloop
  endfacet
  facet normal 0 -0.977454 -0.211148
    outer loop
      vertex 0.855165 11.7541 -7.44379
      vertex -0.855165 11.7972 -7.64331
      vertex 0.855165 11.7972 -7.64331
    endloop
  endfacet
  facet normal 0 -0.841479 -0.54029
    outer loop
      vertex -0.855165 11.7541 -7.44379
      vertex 0.855165 11.6314 -7.25269
      vertex -0.855165 11.6314 -7.25269
    endloop
  endfacet
  facet normal 0 -0.841479 -0.54029
    outer loop
      vertex 0.855165 11.6314 -7.25269
      vertex -0.855165 11.7541 -7.44379
      vertex 0.855165 11.7541 -7.44379
    endloop
  endfacet
  facet normal 0 -0.625087 -0.780555
    outer loop
      vertex 0.955165 11.4405 -7.09982
      vertex 0.855165 11.5985 -7.22635
      vertex 0.955165 11.5985 -7.22635
    endloop
  endfacet
  facet normal -0 -0.624984 -0.780637
    outer loop
      vertex 0.855165 11.5985 -7.22635
      vertex -0.855165 11.5985 -7.22635
      vertex 0.855165 11.6314 -7.25269
    endloop
  endfacet
  facet normal 0 -0.625087 -0.780555
    outer loop
      vertex 0.955165 11.4405 -7.09982
      vertex -0.855165 11.5985 -7.22635
      vertex 0.855165 11.5985 -7.22635
    endloop
  endfacet
  facet normal 0 -0.625087 -0.780555
    outer loop
      vertex -0.955165 11.4405 -7.09982
      vertex -0.855165 11.5985 -7.22635
      vertex 0.955165 11.4405 -7.09982
    endloop
  endfacet
  facet normal -0 -0.625087 -0.780555
    outer loop
      vertex -0.855165 11.5985 -7.22635
      vertex -0.955165 11.4405 -7.09982
      vertex -0.955165 11.5985 -7.22635
    endloop
  endfacet
  facet normal -0 -0.624984 -0.780637
    outer loop
      vertex 0.855165 11.6314 -7.25269
      vertex -0.855165 11.5985 -7.22635
      vertex -0.855165 11.6314 -7.25269
    endloop
  endfacet
  facet normal 0 -0.324002 -0.946056
    outer loop
      vertex -0.955165 11.1926 -7.01492
      vertex 0.955165 11.4405 -7.09982
      vertex 0.955165 11.1926 -7.01492
    endloop
  endfacet
  facet normal -0 -0.324002 -0.946056
    outer loop
      vertex 0.955165 11.4405 -7.09982
      vertex -0.955165 11.1926 -7.01492
      vertex -0.955165 11.4405 -7.09982
    endloop
  endfacet
  facet normal 0 -0.318729 -0.947846
    outer loop
      vertex -0.955165 10.7823 -6.87695
      vertex 0.955165 11.1926 -7.01492
      vertex 0.955165 10.7823 -6.87695
    endloop
  endfacet
  facet normal -0 -0.318729 -0.947846
    outer loop
      vertex 0.955165 11.1926 -7.01492
      vertex -0.955165 10.7823 -6.87695
      vertex -0.955165 11.1926 -7.01492
    endloop
  endfacet
  facet normal 0 -0.451263 -0.892391
    outer loop
      vertex -0.955165 10.5604 -6.76474
      vertex 0.955165 10.7823 -6.87695
      vertex 0.955165 10.5604 -6.76474
    endloop
  endfacet
  facet normal -0 -0.451263 -0.892391
    outer loop
      vertex 0.955165 10.7823 -6.87695
      vertex -0.955165 10.5604 -6.76474
      vertex -0.955165 10.7823 -6.87695
    endloop
  endfacet
  facet normal 0 -0.697316 -0.716763
    outer loop
      vertex -0.955165 10.3798 -6.58904
      vertex 0.955165 10.5604 -6.76474
      vertex 0.955165 10.3798 -6.58904
    endloop
  endfacet
  facet normal -0 -0.697316 -0.716763
    outer loop
      vertex 0.955165 10.5604 -6.76474
      vertex -0.955165 10.3798 -6.58904
      vertex -0.955165 10.5604 -6.76474
    endloop
  endfacet
  facet normal 0 -0.868755 -0.495243
    outer loop
      vertex -0.955165 10.3798 -6.58904
      vertex -0.855165 10.3298 -6.50133
      vertex -0.955165 10.3298 -6.50133
    endloop
  endfacet
  facet normal 0 -0.868755 -0.495243
    outer loop
      vertex -0.855165 10.3298 -6.50133
      vertex -0.955165 10.3798 -6.58904
      vertex 0.855165 10.3298 -6.50133
    endloop
  endfacet
  facet normal -0 -0.868755 -0.495243
    outer loop
      vertex 0.955165 10.3798 -6.58904
      vertex 0.855165 10.3298 -6.50133
      vertex -0.955165 10.3798 -6.58904
    endloop
  endfacet
  facet normal 0 -0.868755 -0.495243
    outer loop
      vertex 0.855165 10.3298 -6.50133
      vertex 0.955165 10.3798 -6.58904
      vertex 0.955165 10.3298 -6.50133
    endloop
  endfacet
  facet normal 0 -0.868663 -0.495403
    outer loop
      vertex -0.855165 10.3298 -6.50133
      vertex 0.855165 10.2529 -6.36649
      vertex -0.855165 10.2529 -6.36649
    endloop
  endfacet
  facet normal 0 -0.868663 -0.495403
    outer loop
      vertex 0.855165 10.2529 -6.36649
      vertex -0.855165 10.3298 -6.50133
      vertex 0.855165 10.3298 -6.50133
    endloop
  endfacet
  facet normal 0 -0.972275 -0.233838
    outer loop
      vertex -0.855165 10.2529 -6.36649
      vertex 0.855165 10.1921 -6.11369
      vertex -0.855165 10.1921 -6.11369
    endloop
  endfacet
  facet normal 0 -0.972275 -0.233838
    outer loop
      vertex 0.855165 10.1921 -6.11369
      vertex -0.855165 10.2529 -6.36649
      vertex 0.855165 10.2529 -6.36649
    endloop
  endfacet
  facet normal 0 -1 0
    outer loop
      vertex -0.855165 10.1921 -6.11369
      vertex 0.855165 10.1921 -5.3587
      vertex -0.855165 10.1921 -5.3587
    endloop
  endfacet
  facet normal 0 -1 -0
    outer loop
      vertex 0.855165 10.1921 -5.3587
      vertex -0.855165 10.1921 -6.11369
      vertex 0.855165 10.1921 -6.11369
    endloop
  endfacet
  facet normal 0 -0.995165 -0.0982197
    outer loop
      vertex -0.855165 10.1921 -5.3587
      vertex 0.855165 10.1665 -5.09932
      vertex -0.855165 10.1665 -5.09932
    endloop
  endfacet
  facet normal 0 -0.995165 -0.0982197
    outer loop
      vertex 0.855165 10.1665 -5.09932
      vertex -0.855165 10.1921 -5.3587
      vertex 0.855165 10.1921 -5.3587
    endloop
  endfacet
  facet normal 0 -0.889772 -0.456405
    outer loop
      vertex -0.855165 10.1665 -5.09932
      vertex 0.855165 10.051 -4.87415
      vertex -0.855165 10.051 -4.87415
    endloop
  endfacet
  facet normal 0 -0.889772 -0.456405
    outer loop
      vertex 0.855165 10.051 -4.87415
      vertex -0.855165 10.1665 -5.09932
      vertex 0.855165 10.1665 -5.09932
    endloop
  endfacet
  facet normal 0 -0.670319 -0.742073
    outer loop
      vertex 0.955165 9.85831 -4.70006
      vertex 0.855165 10.0425 -4.86644
      vertex 0.955165 10.0425 -4.86644
    endloop
  endfacet
  facet normal -0 -0.671848 -0.740689
    outer loop
      vertex 0.855165 10.0425 -4.86644
      vertex -0.855165 10.0425 -4.86644
      vertex 0.855165 10.051 -4.87415
    endloop
  endfacet
  facet normal 0 -0.670319 -0.742073
    outer loop
      vertex 0.955165 9.85831 -4.70006
      vertex -0.855165 10.0425 -4.86644
      vertex 0.855165 10.0425 -4.86644
    endloop
  endfacet
  facet normal 0 -0.670319 -0.742073
    outer loop
      vertex -0.955165 9.85831 -4.70006
      vertex -0.855165 10.0425 -4.86644
      vertex 0.955165 9.85831 -4.70006
    endloop
  endfacet
  facet normal -0 -0.670319 -0.742073
    outer loop
      vertex -0.855165 10.0425 -4.86644
      vertex -0.955165 9.85831 -4.70006
      vertex -0.955165 10.0425 -4.86644
    endloop
  endfacet
  facet normal -0 -0.671848 -0.740689
    outer loop
      vertex 0.855165 10.051 -4.87415
      vertex -0.855165 10.0425 -4.86644
      vertex -0.855165 10.051 -4.87415
    endloop
  endfacet
  facet normal 0 -0.381346 -0.924432
    outer loop
      vertex -0.955165 9.60094 -4.59389
      vertex 0.955165 9.85831 -4.70006
      vertex 0.955165 9.60094 -4.59389
    endloop
  endfacet
  facet normal -0 -0.381346 -0.924432
    outer loop
      vertex 0.955165 9.85831 -4.70006
      vertex -0.955165 9.60094 -4.59389
      vertex -0.955165 9.85831 -4.70006
    endloop
  endfacet
  facet normal 0 -0.2515 -0.967857
    outer loop
      vertex -0.955165 9.233 -4.49828
      vertex 0.955165 9.60094 -4.59389
      vertex 0.955165 9.233 -4.49828
    endloop
  endfacet
  facet normal -0 -0.2515 -0.967857
    outer loop
      vertex 0.955165 9.60094 -4.59389
      vertex -0.955165 9.233 -4.49828
      vertex -0.955165 9.60094 -4.59389
    endloop
  endfacet
  facet normal 0 -0.460877 -0.887464
    outer loop
      vertex -0.955165 8.9747 -4.36414
      vertex 0.955165 9.233 -4.49828
      vertex 0.955165 8.9747 -4.36414
    endloop
  endfacet
  facet normal -0 -0.460877 -0.887464
    outer loop
      vertex 0.955165 9.233 -4.49828
      vertex -0.955165 8.9747 -4.36414
      vertex -0.955165 9.233 -4.49828
    endloop
  endfacet
  facet normal -0 -0.664716 -0.747096
    outer loop
      vertex 0.855165 8.75137 -4.16548
      vertex -0.855165 8.75137 -4.16548
      vertex 0.855165 8.77377 -4.18541
    endloop
  endfacet
  facet normal 0 -0.664625 -0.747177
    outer loop
      vertex 0.855165 8.77377 -4.18541
      vertex 0.955165 8.9747 -4.36414
      vertex 0.955165 8.77377 -4.18541
    endloop
  endfacet
  facet normal 0 -0.664716 -0.747096
    outer loop
      vertex -0.855165 8.77377 -4.18541
      vertex 0.855165 8.77377 -4.18541
      vertex -0.855165 8.75137 -4.16548
    endloop
  endfacet
  facet normal -0 -0.664625 -0.747177
    outer loop
      vertex 0.855165 8.77377 -4.18541
      vertex -0.855165 8.77377 -4.18541
      vertex 0.955165 8.9747 -4.36414
    endloop
  endfacet
  facet normal 0 -0.664625 -0.747177
    outer loop
      vertex -0.955165 8.9747 -4.36414
      vertex -0.855165 8.77377 -4.18541
      vertex -0.955165 8.77377 -4.18541
    endloop
  endfacet
  facet normal 0 -0.664625 -0.747177
    outer loop
      vertex -0.855165 8.77377 -4.18541
      vertex -0.955165 8.9747 -4.36414
      vertex 0.955165 8.9747 -4.36414
    endloop
  endfacet
  facet normal 0 -0.818045 -0.575154
    outer loop
      vertex -0.855165 8.75137 -4.16548
      vertex 0.855165 8.49196 -3.79652
      vertex -0.855165 8.49196 -3.79652
    endloop
  endfacet
  facet normal 0 -0.818045 -0.575154
    outer loop
      vertex 0.855165 8.49196 -3.79652
      vertex -0.855165 8.75137 -4.16548
      vertex 0.855165 8.75137 -4.16548
    endloop
  endfacet
  facet normal 0 -0.832361 -0.554233
    outer loop
      vertex -0.855165 8.49196 -3.79652
      vertex 0.855165 8.48648 -3.78829
      vertex -0.855165 8.48648 -3.78829
    endloop
  endfacet
  facet normal 0 -0.832361 -0.554233
    outer loop
      vertex 0.855165 8.48648 -3.78829
      vertex -0.855165 8.49196 -3.79652
      vertex 0.855165 8.49196 -3.79652
    endloop
  endfacet
  facet normal -0 -0.832722 -0.553691
    outer loop
      vertex -0.855165 8.48648 -3.78829
      vertex -0.955165 8.3775 -3.62439
      vertex -0.955165 8.48648 -3.78829
    endloop
  endfacet
  facet normal 0 -0.832722 -0.553691
    outer loop
      vertex -0.955165 8.3775 -3.62439
      vertex -0.855165 8.48648 -3.78829
      vertex 0.955165 8.3775 -3.62439
    endloop
  endfacet
  facet normal -0 -0.832722 -0.553691
    outer loop
      vertex 0.855165 8.48648 -3.78829
      vertex 0.955165 8.3775 -3.62439
      vertex -0.855165 8.48648 -3.78829
    endloop
  endfacet
  facet normal 0 -0.832722 -0.553691
    outer loop
      vertex 0.955165 8.3775 -3.62439
      vertex 0.855165 8.48648 -3.78829
      vertex 0.955165 8.48648 -3.78829
    endloop
  endfacet
  facet normal 0 -0.622878 -0.782319
    outer loop
      vertex -0.955165 8.22299 -3.50137
      vertex 0.955165 8.3775 -3.62439
      vertex 0.955165 8.22299 -3.50137
    endloop
  endfacet
  facet normal -0 -0.622878 -0.782319
    outer loop
      vertex 0.955165 8.3775 -3.62439
      vertex -0.955165 8.22299 -3.50137
      vertex -0.955165 8.3775 -3.62439
    endloop
  endfacet
  facet normal 0 -0.362329 -0.93205
    outer loop
      vertex -0.955165 8.03554 -3.4285
      vertex 0.955165 8.22299 -3.50137
      vertex 0.955165 8.03554 -3.4285
    endloop
  endfacet
  facet normal -0 -0.362329 -0.93205
    outer loop
      vertex 0.955165 8.22299 -3.50137
      vertex -0.955165 8.03554 -3.4285
      vertex -0.955165 8.22299 -3.50137
    endloop
  endfacet
  facet normal 0 -0.100843 -0.994902
    outer loop
      vertex -0.955165 7.82224 -3.40688
      vertex 0.955165 8.03554 -3.4285
      vertex 0.955165 7.82224 -3.40688
    endloop
  endfacet
  facet normal -0 -0.100843 -0.994902
    outer loop
      vertex 0.955165 8.03554 -3.4285
      vertex -0.955165 7.82224 -3.40688
      vertex -0.955165 8.03554 -3.4285
    endloop
  endfacet
  facet normal 0 0.000474733 -1
    outer loop
      vertex -0.955165 5.61047 -3.40793
      vertex 0.955165 7.82224 -3.40688
      vertex 0.955165 5.61047 -3.40793
    endloop
  endfacet
  facet normal 0 0.000474733 -1
    outer loop
      vertex 0.955165 7.82224 -3.40688
      vertex -0.955165 5.61047 -3.40793
      vertex -0.955165 7.82224 -3.40688
    endloop
  endfacet
  facet normal 0 -0.115105 -0.993353
    outer loop
      vertex -0.955165 5.45746 -3.3902
      vertex 0.955165 5.61047 -3.40793
      vertex 0.955165 5.45746 -3.3902
    endloop
  endfacet
  facet normal -0 -0.115105 -0.993353
    outer loop
      vertex 0.955165 5.61047 -3.40793
      vertex -0.955165 5.45746 -3.3902
      vertex -0.955165 5.61047 -3.40793
    endloop
  endfacet
  facet normal 0 -0.311749 -0.950164
    outer loop
      vertex -0.955165 5.31351 -3.34297
      vertex 0.955165 5.45746 -3.3902
      vertex 0.955165 5.31351 -3.34297
    endloop
  endfacet
  facet normal -0 -0.311749 -0.950164
    outer loop
      vertex 0.955165 5.45746 -3.3902
      vertex -0.955165 5.31351 -3.34297
      vertex -0.955165 5.45746 -3.3902
    endloop
  endfacet
  facet normal 0 -0.565549 -0.824715
    outer loop
      vertex -0.955165 5.06654 -3.17361
      vertex 0.955165 5.31351 -3.34297
      vertex 0.955165 5.06654 -3.17361
    endloop
  endfacet
  facet normal -0 -0.565549 -0.824715
    outer loop
      vertex 0.955165 5.31351 -3.34297
      vertex -0.955165 5.06654 -3.17361
      vertex -0.955165 5.31351 -3.34297
    endloop
  endfacet
  facet normal 0 -0.823976 -0.566625
    outer loop
      vertex -0.955165 5.06654 -3.17361
      vertex 0.955165 4.89685 -2.92685
      vertex -0.955165 4.89685 -2.92685
    endloop
  endfacet
  facet normal 0 -0.823976 -0.566625
    outer loop
      vertex 0.955165 4.89685 -2.92685
      vertex -0.955165 5.06654 -3.17361
      vertex 0.955165 5.06654 -3.17361
    endloop
  endfacet
  facet normal 0 -0.949943 -0.312425
    outer loop
      vertex -0.955165 4.89685 -2.92685
      vertex 0.955165 4.8495 -2.78288
      vertex -0.955165 4.8495 -2.78288
    endloop
  endfacet
  facet normal 0 -0.949943 -0.312425
    outer loop
      vertex 0.955165 4.8495 -2.78288
      vertex -0.955165 4.89685 -2.92685
      vertex 0.955165 4.89685 -2.92685
    endloop
  endfacet
  facet normal 0 -0.993325 -0.115348
    outer loop
      vertex -0.955165 4.8495 -2.78288
      vertex 0.955165 4.83171 -2.62968
      vertex -0.955165 4.83171 -2.62968
    endloop
  endfacet
  facet normal 0 -0.993325 -0.115348
    outer loop
      vertex 0.955165 4.83171 -2.62968
      vertex -0.955165 4.8495 -2.78288
      vertex 0.955165 4.8495 -2.78288
    endloop
  endfacet
  facet normal 0 0.999924 0.012322
    outer loop
      vertex 0.955165 4.83278 -2.71651
      vertex -0.955165 4.83171 -2.62968
      vertex 0.955165 4.83171 -2.62968
    endloop
  endfacet
  facet normal 0 0.999924 0.012322
    outer loop
      vertex -0.955165 4.83171 -2.62968
      vertex 0.955165 4.83278 -2.71651
      vertex -0.955165 4.83278 -2.71651
    endloop
  endfacet
  facet normal 0 -0.996363 -0.0852074
    outer loop
      vertex -0.955165 4.83278 -2.71651
      vertex 0.955165 4.81856 -2.55023
      vertex -0.955165 4.81856 -2.55023
    endloop
  endfacet
  facet normal 0 -0.996363 -0.0852074
    outer loop
      vertex 0.955165 4.81856 -2.55023
      vertex -0.955165 4.83278 -2.71651
      vertex 0.955165 4.83278 -2.71651
    endloop
  endfacet
  facet normal 0 -0.95915 -0.282898
    outer loop
      vertex -0.955165 4.81856 -2.55023
      vertex 0.955165 4.77333 -2.39688
      vertex -0.955165 4.77333 -2.39688
    endloop
  endfacet
  facet normal 0 -0.95915 -0.282898
    outer loop
      vertex 0.955165 4.77333 -2.39688
      vertex -0.955165 4.81856 -2.55023
      vertex 0.955165 4.81856 -2.55023
    endloop
  endfacet
  facet normal 0 -0.881751 -0.471715
    outer loop
      vertex -0.955165 4.77333 -2.39688
      vertex -0.855165 4.7679 -2.38673
      vertex -0.955165 4.7679 -2.38673
    endloop
  endfacet
  facet normal 0 -0.881751 -0.471715
    outer loop
      vertex -0.855165 4.7679 -2.38673
      vertex -0.955165 4.77333 -2.39688
      vertex 0.855165 4.7679 -2.38673
    endloop
  endfacet
  facet normal -0 -0.881751 -0.471715
    outer loop
      vertex 0.955165 4.77333 -2.39688
      vertex 0.855165 4.7679 -2.38673
      vertex -0.955165 4.77333 -2.39688
    endloop
  endfacet
  facet normal 0 -0.881751 -0.471715
    outer loop
      vertex 0.855165 4.7679 -2.38673
      vertex 0.955165 4.77333 -2.39688
      vertex 0.955165 4.7679 -2.38673
    endloop
  endfacet
  facet normal 0 -0.881613 -0.471973
    outer loop
      vertex -0.855165 4.7679 -2.38673
      vertex 0.855165 4.69998 -2.25986
      vertex -0.855165 4.69998 -2.25986
    endloop
  endfacet
  facet normal 0 -0.881613 -0.471973
    outer loop
      vertex 0.855165 4.69998 -2.25986
      vertex -0.855165 4.7679 -2.38673
      vertex 0.855165 4.7679 -2.38673
    endloop
  endfacet
  facet normal 0 -0.765513 -0.64342
    outer loop
      vertex -0.855165 4.69998 -2.25986
      vertex 0.855165 4.60138 -2.14255
      vertex -0.855165 4.60138 -2.14255
    endloop
  endfacet
  facet normal 0 -0.765513 -0.64342
    outer loop
      vertex 0.855165 4.60138 -2.14255
      vertex -0.855165 4.69998 -2.25986
      vertex 0.855165 4.69998 -2.25986
    endloop
  endfacet
  facet normal 0 -0.593199 -0.805056
    outer loop
      vertex 0.955165 4.48042 -2.04834
      vertex 0.855165 4.48061 -2.04848
      vertex 0.955165 4.48061 -2.04848
    endloop
  endfacet
  facet normal -0 -0.614501 -0.788916
    outer loop
      vertex 0.855165 4.48061 -2.04848
      vertex -0.855165 4.48061 -2.04848
      vertex 0.855165 4.60138 -2.14255
    endloop
  endfacet
  facet normal 0 -0.593199 -0.805056
    outer loop
      vertex 0.955165 4.48042 -2.04834
      vertex -0.855165 4.48061 -2.04848
      vertex 0.855165 4.48061 -2.04848
    endloop
  endfacet
  facet normal 0 -0.593199 -0.805056
    outer loop
      vertex -0.955165 4.48042 -2.04834
      vertex -0.855165 4.48061 -2.04848
      vertex 0.955165 4.48042 -2.04834
    endloop
  endfacet
  facet normal -0 -0.593199 -0.805056
    outer loop
      vertex -0.855165 4.48061 -2.04848
      vertex -0.955165 4.48042 -2.04834
      vertex -0.955165 4.48061 -2.04848
    endloop
  endfacet
  facet normal -0 -0.614501 -0.788916
    outer loop
      vertex 0.855165 4.60138 -2.14255
      vertex -0.855165 4.48061 -2.04848
      vertex -0.855165 4.60138 -2.14255
    endloop
  endfacet
  facet normal 0 -0.434315 -0.900761
    outer loop
      vertex -0.955165 4.33997 -1.98062
      vertex 0.955165 4.48042 -2.04834
      vertex 0.955165 4.33997 -1.98062
    endloop
  endfacet
  facet normal -0 -0.434315 -0.900761
    outer loop
      vertex 0.955165 4.48042 -2.04834
      vertex -0.955165 4.33997 -1.98062
      vertex -0.955165 4.48042 -2.04834
    endloop
  endfacet
  facet normal 0 -0.234181 -0.972193
    outer loop
      vertex -0.955165 4.18292 -1.94279
      vertex 0.955165 4.33997 -1.98062
      vertex 0.955165 4.18292 -1.94279
    endloop
  endfacet
  facet normal -0 -0.234181 -0.972193
    outer loop
      vertex 0.955165 4.33997 -1.98062
      vertex -0.955165 4.18292 -1.94279
      vertex -0.955165 4.33997 -1.98062
    endloop
  endfacet
  facet normal 0 -0.0265191 -0.999648
    outer loop
      vertex -0.955165 4.01216 -1.93826
      vertex 0.955165 4.18292 -1.94279
      vertex 0.955165 4.01216 -1.93826
    endloop
  endfacet
  facet normal -0 -0.0265191 -0.999648
    outer loop
      vertex 0.955165 4.18292 -1.94279
      vertex -0.955165 4.01216 -1.93826
      vertex -0.955165 4.18292 -1.94279
    endloop
  endfacet
  facet normal 0 0.000328405 -1
    outer loop
      vertex -0.955165 0.784439 -1.93932
      vertex 0.955165 4.01216 -1.93826
      vertex 0.955165 0.784439 -1.93932
    endloop
  endfacet
  facet normal 0 0.000328405 -1
    outer loop
      vertex 0.955165 4.01216 -1.93826
      vertex -0.955165 0.784439 -1.93932
      vertex -0.955165 4.01216 -1.93826
    endloop
  endfacet
  facet normal 0 -0.266648 -0.963794
    outer loop
      vertex -0.955165 0.487762 -1.85724
      vertex 0.955165 0.784439 -1.93932
      vertex 0.955165 0.487762 -1.85724
    endloop
  endfacet
  facet normal -0 -0.266648 -0.963794
    outer loop
      vertex 0.955165 0.784439 -1.93932
      vertex -0.955165 0.487762 -1.85724
      vertex -0.955165 0.784439 -1.93932
    endloop
  endfacet
  facet normal 0 -0.588806 -0.808274
    outer loop
      vertex -0.955165 0.241013 -1.67749
      vertex 0.955165 0.487762 -1.85724
      vertex 0.955165 0.241013 -1.67749
    endloop
  endfacet
  facet normal -0 -0.588806 -0.808274
    outer loop
      vertex 0.955165 0.487762 -1.85724
      vertex -0.955165 0.241013 -1.67749
      vertex -0.955165 0.487762 -1.85724
    endloop
  endfacet
  facet normal 0 -0.831538 -0.555468
    outer loop
      vertex -0.955165 0.241013 -1.67749
      vertex 0.955165 0.0712738 -1.42339
      vertex -0.955165 0.0712738 -1.42339
    endloop
  endfacet
  facet normal 0 -0.831538 -0.555468
    outer loop
      vertex 0.955165 0.0712738 -1.42339
      vertex -0.955165 0.241013 -1.67749
      vertex 0.955165 0.241013 -1.67749
    endloop
  endfacet
  facet normal 0 -0.951968 -0.306196
    outer loop
      vertex -0.955165 0.0712738 -1.42339
      vertex 0.955165 0.0237732 -1.27571
      vertex -0.955165 0.0237732 -1.27571
    endloop
  endfacet
  facet normal 0 -0.951968 -0.306196
    outer loop
      vertex 0.955165 0.0237732 -1.27571
      vertex -0.955165 0.0712738 -1.42339
      vertex 0.955165 0.0712738 -1.42339
    endloop
  endfacet
  facet normal 0 -0.993466 -0.114129
    outer loop
      vertex -0.955165 0.0237732 -1.27571
      vertex 0.955165 0.00567627 -1.11818
      vertex -0.955165 0.00567627 -1.11818
    endloop
  endfacet
  facet normal 0 -0.993466 -0.114129
    outer loop
      vertex 0.955165 0.00567627 -1.11818
      vertex -0.955165 0.0237732 -1.27571
      vertex 0.955165 0.0237732 -1.27571
    endloop
  endfacet
  facet normal 0 -0.999994 -0.00354674
    outer loop
      vertex -0.955165 0.000898299 0.228951
      vertex 0.955093 0 0.482224
      vertex -0.955052 0 0.482224
    endloop
  endfacet
  facet normal 2.25686e-09 -0.999994 -0.00354676
    outer loop
      vertex -0.955165 0.000898299 0.228951
      vertex 0.955165 0.00109128 0.174542
      vertex 0.955093 0 0.482224
    endloop
  endfacet
  facet normal 2.3561e-09 -0.999994 -0.00354675
    outer loop
      vertex -0.955165 0.00567627 -1.11818
      vertex 0.955165 0.00109128 0.174542
      vertex -0.955165 0.000898299 0.228951
    endloop
  endfacet
  facet normal 0 -0.999994 -0.00354675
    outer loop
      vertex 0.955165 0.00109128 0.174542
      vertex -0.955165 0.00567627 -1.11818
      vertex 0.955165 0.00567627 -1.11818
    endloop
  endfacet
  facet normal 0 -0.000336817 -1
    outer loop
      vertex -0.955052 -1.58543 0.482758
      vertex 0.955093 0 0.482224
      vertex 0.955093 -1.58543 0.482758
    endloop
  endfacet
  facet normal 3.0046e-11 -0.000336817 -1
    outer loop
      vertex -0.955052 -1.70396e-07 0.482224
      vertex 0.955093 0 0.482224
      vertex -0.955052 -1.58543 0.482758
    endloop
  endfacet
  facet normal -0 0 -1
    outer loop
      vertex 0.955093 0 0.482224
      vertex -0.955052 -1.70396e-07 0.482224
      vertex -0.955052 0 0.482224
    endloop
  endfacet
  facet normal 0 0.786586 -0.617481
    outer loop
      vertex 0.955093 -1.73613 0.290787
      vertex -0.955052 -1.58543 0.482758
      vertex 0.955093 -1.58543 0.482758
    endloop
  endfacet
  facet normal 0 0.786586 -0.617481
    outer loop
      vertex -0.955052 -1.58543 0.482758
      vertex 0.955093 -1.73613 0.290787
      vertex -0.955093 -1.73613 0.290787
    endloop
  endfacet
  facet normal 0 0.594306 -0.804239
    outer loop
      vertex 0.955093 -1.9344 0.144272
      vertex -0.955093 -1.73613 0.290787
      vertex 0.955093 -1.73613 0.290787
    endloop
  endfacet
  facet normal 0 0.594306 -0.804239
    outer loop
      vertex -0.955093 -1.73613 0.290787
      vertex 0.955093 -1.9344 0.144272
      vertex -0.955124 -1.9344 0.144272
    endloop
  endfacet
  facet normal -1.04074e-05 0.383882 -0.923382
    outer loop
      vertex 0.828841 -2.15076 0.0543251
      vertex 0.955093 -1.9344 0.144272
      vertex 0.955093 -2.09035 0.0794382
    endloop
  endfacet
  facet normal 1.82048e-05 0.383868 -0.923388
    outer loop
      vertex 0.706328 -2.17007 0.0462952
      vertex 0.955093 -1.9344 0.144272
      vertex 0.828841 -2.15076 0.0543251
    endloop
  endfacet
  facet normal 0 0.383884 -0.923381
    outer loop
      vertex -0.706328 -2.17007 0.0462952
      vertex 0.955093 -1.9344 0.144272
      vertex 0.706328 -2.17007 0.0462952
    endloop
  endfacet
  facet normal -1.82052e-05 0.383868 -0.923388
    outer loop
      vertex -0.955124 -1.9344 0.144272
      vertex -0.706328 -2.17007 0.0462952
      vertex -0.828841 -2.15076 0.0543251
    endloop
  endfacet
  facet normal 0 0.383884 -0.923381
    outer loop
      vertex -0.706328 -2.17007 0.0462952
      vertex -0.955124 -1.9344 0.144272
      vertex 0.955093 -1.9344 0.144272
    endloop
  endfacet
  facet normal 5.48014e-06 0.383879 -0.923383
    outer loop
      vertex -0.955124 -1.9344 0.144272
      vertex -0.828841 -2.15076 0.0543251
      vertex -0.955138 -2.09033 0.079447
    endloop
  endfacet
  facet normal 0.000213958 0.172898 -0.98494
    outer loop
      vertex -0.00233366 -2.43205 0.000152956
      vertex 0.706328 -2.17007 0.0462952
      vertex 0.00232231 -2.43206 0.000152212
    endloop
  endfacet
  facet normal 0 0.173459 -0.984841
    outer loop
      vertex 0.706328 -2.17007 0.0462952
      vertex -0.00233366 -2.43205 0.000152956
      vertex -0.706328 -2.17007 0.0462952
    endloop
  endfacet
  facet normal -1.39833e-05 -0.711629 -0.702556
    outer loop
      vertex 0.0684967 -25.8142 1.431
      vertex -0.757819 -26.3116 1.93484
      vertex -0.954834 -25.8978 1.5157
    endloop
  endfacet
  facet normal 0 -0.71164 -0.702544
    outer loop
      vertex -0.757819 -26.3116 1.93484
      vertex 0.0684967 -25.8142 1.431
      vertex 0.308336 -26.3116 1.93484
    endloop
  endfacet
  facet normal 2.59023e-06 -0.711729 -0.702454
    outer loop
      vertex -0.954834 -25.8978 1.5157
      vertex 0.0684967 -25.5635 1.17699
      vertex 0.0684967 -25.8142 1.431
    endloop
  endfacet
  facet normal -4.18421e-05 -0.711662 -0.702522
    outer loop
      vertex -0.828841 -24.4552 0.0543251
      vertex 0.0684967 -25.5635 1.17699
      vertex -0.954834 -25.8978 1.5157
    endloop
  endfacet
  facet normal 4.88265e-06 -0.711664 -0.70252
    outer loop
      vertex -0.828841 -24.4552 0.0543251
      vertex -0.954834 -25.8978 1.5157
      vertex -0.955138 -24.48 0.079447
    endloop
  endfacet
  facet normal -6.46308e-05 -0.711671 -0.702513
    outer loop
      vertex 0.0684967 -25.5635 1.17699
      vertex -0.828841 -24.4552 0.0543251
      vertex -0.00233366 -24.4018 0.000152956
    endloop
  endfacet
  facet normal -0.000112258 -0.711672 -0.702512
    outer loop
      vertex 0.00232231 -24.4018 0.000152212
      vertex 0.0684967 -25.5635 1.17699
      vertex -0.00233366 -24.4018 0.000152956
    endloop
  endfacet
  facet normal 1.95853e-06 -0.711669 -0.702515
    outer loop
      vertex 0.0684967 -25.5635 1.17699
      vertex 0.00232231 -24.4018 0.000152212
      vertex 0.955093 -25.1456 0.753647
    endloop
  endfacet
  facet normal 7.12324e-05 -0.711625 -0.702559
    outer loop
      vertex 0.828841 -24.4552 0.0543251
      vertex 0.955093 -25.1456 0.753647
      vertex 0.00232231 -24.4018 0.000152212
    endloop
  endfacet
  facet normal -4.26285e-05 -0.711636 -0.702549
    outer loop
      vertex 0.955093 -25.1456 0.753647
      vertex 0.828841 -24.4552 0.0543251
      vertex 0.955093 -24.48 0.0794382
    endloop
  endfacet
  facet normal -0 -0.799639 -0.600481
    outer loop
      vertex 0.308336 -26.3116 1.93484
      vertex -0.641585 -26.4973 2.18213
      vertex -0.757819 -26.3116 1.93484
    endloop
  endfacet
  facet normal 0 -0.799639 -0.600481
    outer loop
      vertex -0.641585 -26.4973 2.18213
      vertex 0.308336 -26.3116 1.93484
      vertex 0.426048 -26.4973 2.18213
    endloop
  endfacet
  facet normal -0 -0.892175 -0.451689
    outer loop
      vertex 0.426048 -26.4973 2.18213
      vertex -0.512441 -26.6364 2.45688
      vertex -0.641585 -26.4973 2.18213
    endloop
  endfacet
  facet normal 0 -0.892175 -0.451689
    outer loop
      vertex -0.512441 -26.6364 2.45688
      vertex 0.426048 -26.4973 2.18213
      vertex 0.556834 -26.6364 2.45688
    endloop
  endfacet
  facet normal -0 -0.958956 -0.283555
    outer loop
      vertex 0.556834 -26.6364 2.45688
      vertex -0.373665 -26.7237 2.75212
      vertex -0.512441 -26.6364 2.45688
    endloop
  endfacet
  facet normal 0 -0.958956 -0.283555
    outer loop
      vertex -0.373665 -26.7237 2.75212
      vertex 0.556834 -26.6364 2.45688
      vertex 0.697374 -26.7237 2.75212
    endloop
  endfacet
  facet normal -0 -0.995251 -0.0973461
    outer loop
      vertex 0.697374 -26.7237 2.75212
      vertex -0.228534 -26.7539 3.06088
      vertex -0.373665 -26.7237 2.75212
    endloop
  endfacet
  facet normal 0 -0.995251 -0.0973461
    outer loop
      vertex -0.228534 -26.7539 3.06088
      vertex 0.697374 -26.7237 2.75212
      vertex 0.84435 -26.7539 3.06088
    endloop
  endfacet
  facet normal 0 -0.995233 0.0975213
    outer loop
      vertex 0.84435 -26.7539 3.06088
      vertex 0.955151 -26.7237 3.36908
      vertex -0.0836687 -26.7237 3.36908
    endloop
  endfacet
  facet normal 0 -0.995233 0.0975213
    outer loop
      vertex 0.84435 -26.7539 3.06088
      vertex -0.0836687 -26.7237 3.36908
      vertex -0.228534 -26.7539 3.06088
    endloop
  endfacet
  facet normal -0.000356766 -0.995221 0.0976483
    outer loop
      vertex 0.955151 -26.7237 3.36908
      vertex 0.84435 -26.7539 3.06088
      vertex 0.955154 -26.7311 3.29366
    endloop
  endfacet
  facet normal 0 -0.957744 0.287621
    outer loop
      vertex 0.000289917 -26.6702 3.5477
      vertex 0.955137 -26.6364 3.66025
      vertex 0.000289917 -26.6364 3.66025
    endloop
  endfacet
  facet normal 0 -0.957953 0.286925
    outer loop
      vertex 0.955151 -26.7237 3.36908
      vertex 0.000289917 -26.6702 3.5477
      vertex -0.0836687 -26.7237 3.36908
    endloop
  endfacet
  facet normal 5.48868e-05 -0.957872 0.287194
    outer loop
      vertex 0.000289917 -26.6702 3.5477
      vertex 0.955151 -26.7237 3.36908
      vertex 0.955137 -26.6364 3.66025
    endloop
  endfacet
  facet normal 0 -0.8841 0.467298
    outer loop
      vertex 0.000289917 -26.5618 3.80165
      vertex 0.955124 -26.4973 3.92368
      vertex -0.275017 -26.4973 3.92368
    endloop
  endfacet
  facet normal 0 -0.884456 0.466623
    outer loop
      vertex 0.955137 -26.6364 3.66025
      vertex 0.000289917 -26.5618 3.80165
      vertex 0.000289917 -26.6364 3.66025
    endloop
  endfacet
  facet normal 5.928e-05 -0.884291 0.466936
    outer loop
      vertex 0.000289917 -26.5618 3.80165
      vertex 0.955137 -26.6364 3.66025
      vertex 0.955124 -26.4973 3.92368
    endloop
  endfacet
  facet normal 0 -0.771233 0.636553
    outer loop
      vertex -0.275017 -26.4973 3.92368
      vertex 0.955113 -26.3116 4.14867
      vertex -0.782634 -26.3116 4.14867
    endloop
  endfacet
  facet normal 0 -0.771233 0.636553
    outer loop
      vertex 0.955113 -26.3116 4.14867
      vertex -0.275017 -26.4973 3.92368
      vertex 0.955124 -26.4973 3.92368
    endloop
  endfacet
  facet normal 0 -0.707902 0.706311
    outer loop
      vertex -0.954597 -23.0731 7.39448
      vertex 0.000289917 -25.3907 5.07166
      vertex 0.000289917 -23.0731 7.39448
    endloop
  endfacet
  facet normal -3.65613e-05 -0.707909 0.706303
    outer loop
      vertex -0.954834 -26.2354 4.22499
      vertex 0.000289917 -25.3907 5.07166
      vertex -0.954597 -23.0731 7.39448
    endloop
  endfacet
  facet normal -0.000157789 -0.707841 0.706372
    outer loop
      vertex -0.782634 -26.3116 4.14867
      vertex 0.000289917 -25.3907 5.07166
      vertex -0.954834 -26.2354 4.22499
    endloop
  endfacet
  facet normal 0 -0.707908 0.706305
    outer loop
      vertex 0.955113 -26.3116 4.14867
      vertex 0.000289917 -25.3907 5.07166
      vertex -0.782634 -26.3116 4.14867
    endloop
  endfacet
  facet normal 6.58491e-05 -0.707874 0.706339
    outer loop
      vertex 0.000289917 -25.3907 5.07166
      vertex 0.955113 -26.3116 4.14867
      vertex 0.955093 -25.8974 4.56377
    endloop
  endfacet
  facet normal 0 0 1
    outer loop
      vertex -0.954498 -1.7055e-11 8.71219
      vertex 0.000289917 0 8.71219
      vertex -0.954498 0 8.71219
    endloop
  endfacet
  facet normal 0 0 1
    outer loop
      vertex 0.000356925 0.00102234 8.71219
      vertex -0.954498 0 8.71219
      vertex 0.000289917 0 8.71219
    endloop
  endfacet
  facet normal 0 0 1
    outer loop
      vertex 0.000356925 0.00102234 8.71219
      vertex -0.954503 6.80853e-05 8.71219
      vertex -0.954498 0 8.71219
    endloop
  endfacet
  facet normal 0 -0 1
    outer loop
      vertex -0.954503 6.80853e-05 8.71219
      vertex 0.000356925 0.00102234 8.71219
      vertex -0.954565 0.00102234 8.71219
    endloop
  endfacet
  facet normal 1.86943e-16 -1.04656e-05 1
    outer loop
      vertex 0.000289917 0 8.71219
      vertex -0.954498 -1.7055e-11 8.71219
      vertex 0.000289917 -4.77755 8.71214
    endloop
  endfacet
  facet normal 0 -1.04656e-05 1
    outer loop
      vertex 0.000289917 -4.77755 8.71214
      vertex -0.954498 -1.7055e-11 8.71219
      vertex -0.954498 -4.77755 8.71214
    endloop
  endfacet
  facet normal 0 -7.49749e-06 1
    outer loop
      vertex -0.954498 -6.95723 8.71212
      vertex 0.000289917 -8.29101 8.71211
      vertex 0.000289917 -6.95723 8.71212
    endloop
  endfacet
  facet normal 0 -7.49749e-06 1
    outer loop
      vertex 0.000289917 -8.29101 8.71211
      vertex -0.954498 -6.95723 8.71212
      vertex -0.954498 -8.29101 8.71211
    endloop
  endfacet
  facet normal -0 0 1
    outer loop
      vertex -0.954498 -11.3787 8.71208
      vertex 0.000289917 -11.8045 8.71208
      vertex 0.000289917 -11.3787 8.71208
    endloop
  endfacet
  facet normal 0 0 1
    outer loop
      vertex 0.000289917 -11.8045 8.71208
      vertex -0.954498 -11.3787 8.71208
      vertex -0.954498 -11.8045 8.71208
    endloop
  endfacet
  facet normal 0 -0.999993 0.00385711
    outer loop
      vertex -0.954565 0.00102234 8.71219
      vertex 0.00035696 0.00102288 8.71233
      vertex -0.954565 0.00102288 8.71233
    endloop
  endfacet
  facet normal 0 -0.999993 0.00385711
    outer loop
      vertex 0.00035696 0.00102288 8.71233
      vertex -0.954565 0.00102234 8.71219
      vertex 0.000356925 0.00102234 8.71219
    endloop
  endfacet
  facet normal 0 -0.999992 0.0039568
    outer loop
      vertex -0.954565 0.00102288 8.71233
      vertex -0.955165 0.00567627 9.88837
      vertex -0.955165 0.00102288 8.71233
    endloop
  endfacet
  facet normal 0 -0.999992 0.0039568
    outer loop
      vertex 0.00035696 0.00102288 8.71233
      vertex -0.955165 0.00567627 9.88837
      vertex -0.954565 0.00102288 8.71233
    endloop
  endfacet
  facet normal 0 -0.999992 0.0039568
    outer loop
      vertex -0.955165 0.00567627 9.88837
      vertex 0.00035696 0.00102288 8.71233
      vertex 0.955165 0.00567627 9.88837
    endloop
  endfacet
  facet normal 0 -0.999992 0.0039568
    outer loop
      vertex 0.955165 0.00567627 9.88837
      vertex 0.00035696 0.00102288 8.71233
      vertex 0.955165 0.00102288 8.71233
    endloop
  endfacet
  facet normal 0 -0.993895 0.110326
    outer loop
      vertex -0.955165 0.00567627 9.88837
      vertex 0.955165 0.0237732 10.0514
      vertex -0.955165 0.0237732 10.0514
    endloop
  endfacet
  facet normal 0 -0.993895 0.110326
    outer loop
      vertex 0.955165 0.0237732 10.0514
      vertex -0.955165 0.00567627 9.88837
      vertex 0.955165 0.00567627 9.88837
    endloop
  endfacet
  facet normal 0 -0.953887 0.300164
    outer loop
      vertex -0.955165 0.0237732 10.0514
      vertex 0.955165 0.0712891 10.2024
      vertex -0.955165 0.0712891 10.2024
    endloop
  endfacet
  facet normal 0 -0.953887 0.300164
    outer loop
      vertex 0.955165 0.0712891 10.2024
      vertex -0.955165 0.0237732 10.0514
      vertex 0.955165 0.0237732 10.0514
    endloop
  endfacet
  facet normal 0 -0.830139 0.557556
    outer loop
      vertex -0.955165 0.0712891 10.2024
      vertex 0.955165 0.241013 10.4551
      vertex -0.955165 0.241013 10.4551
    endloop
  endfacet
  facet normal 0 -0.830139 0.557556
    outer loop
      vertex 0.955165 0.241013 10.4551
      vertex -0.955165 0.0712891 10.2024
      vertex 0.955165 0.0712891 10.2024
    endloop
  endfacet
  facet normal 0 -0.63461 0.772832
    outer loop
      vertex -0.955165 0.356461 10.5499
      vertex 0.955165 0.241013 10.4551
      vertex 0.955165 0.356461 10.5499
    endloop
  endfacet
  facet normal 0 -0.63461 0.772832
    outer loop
      vertex 0.955165 0.241013 10.4551
      vertex -0.955165 0.356461 10.5499
      vertex -0.955165 0.241013 10.4551
    endloop
  endfacet
  facet normal 0 -0.466243 0.884656
    outer loop
      vertex -0.955165 0.487762 10.6191
      vertex 0.955165 0.356461 10.5499
      vertex 0.955165 0.487762 10.6191
    endloop
  endfacet
  facet normal 0 -0.466243 0.884656
    outer loop
      vertex 0.955165 0.356461 10.5499
      vertex -0.955165 0.487762 10.6191
      vertex -0.955165 0.356461 10.5499
    endloop
  endfacet
  facet normal 0 -0.269234 0.963075
    outer loop
      vertex -0.955165 0.631561 10.6593
      vertex 0.955165 0.487762 10.6191
      vertex 0.955165 0.631561 10.6593
    endloop
  endfacet
  facet normal 0 -0.269234 0.963075
    outer loop
      vertex 0.955165 0.487762 10.6191
      vertex -0.955165 0.631561 10.6593
      vertex -0.955165 0.487762 10.6191
    endloop
  endfacet
  facet normal 0 -0.0509548 0.998701
    outer loop
      vertex -0.955165 0.784439 10.6671
      vertex 0.955165 0.631561 10.6593
      vertex 0.955165 0.784439 10.6671
    endloop
  endfacet
  facet normal 0 -0.0509548 0.998701
    outer loop
      vertex 0.955165 0.631561 10.6593
      vertex -0.955165 0.784439 10.6671
      vertex -0.955165 0.631561 10.6593
    endloop
  endfacet
  facet normal -0 0.000309816 1
    outer loop
      vertex -0.955165 4.01216 10.6661
      vertex 0.955165 0.784439 10.6671
      vertex 0.955165 4.01216 10.6661
    endloop
  endfacet
  facet normal 0 0.000309816 1
    outer loop
      vertex 0.955165 0.784439 10.6671
      vertex -0.955165 4.01216 10.6661
      vertex -0.955165 0.784439 10.6671
    endloop
  endfacet
  facet normal 0 -0.138564 0.990354
    outer loop
      vertex -0.955165 4.18298 10.69
      vertex 0.955165 4.01216 10.6661
      vertex 0.955165 4.18298 10.69
    endloop
  endfacet
  facet normal 0 -0.138564 0.990354
    outer loop
      vertex 0.955165 4.01216 10.6661
      vertex -0.955165 4.18298 10.69
      vertex -0.955165 4.01216 10.6661
    endloop
  endfacet
  facet normal 0 -0.309354 0.950947
    outer loop
      vertex -0.955165 4.34006 10.7411
      vertex 0.955165 4.18298 10.69
      vertex 0.955165 4.34006 10.7411
    endloop
  endfacet
  facet normal 0 -0.309354 0.950947
    outer loop
      vertex 0.955165 4.18298 10.69
      vertex -0.955165 4.34006 10.7411
      vertex -0.955165 4.18298 10.69
    endloop
  endfacet
  facet normal 0 -0.541303 0.840828
    outer loop
      vertex 0.855165 4.60146 10.9094
      vertex -0.855165 4.60146 10.9094
      vertex 0.855165 4.48061 10.8316
    endloop
  endfacet
  facet normal 0 -0.541377 0.84078
    outer loop
      vertex 0.855165 4.48061 10.8316
      vertex 0.955165 4.34006 10.7411
      vertex 0.955165 4.48061 10.8316
    endloop
  endfacet
  facet normal 0 -0.541303 0.840828
    outer loop
      vertex -0.855165 4.48061 10.8316
      vertex 0.855165 4.48061 10.8316
      vertex -0.855165 4.60146 10.9094
    endloop
  endfacet
  facet normal 0 -0.541377 0.84078
    outer loop
      vertex 0.855165 4.48061 10.8316
      vertex -0.855165 4.48061 10.8316
      vertex 0.955165 4.34006 10.7411
    endloop
  endfacet
  facet normal 0 -0.541377 0.84078
    outer loop
      vertex -0.955165 4.34006 10.7411
      vertex -0.855165 4.48061 10.8316
      vertex -0.955165 4.48061 10.8316
    endloop
  endfacet
  facet normal 0 -0.541377 0.84078
    outer loop
      vertex -0.855165 4.48061 10.8316
      vertex -0.955165 4.34006 10.7411
      vertex 0.955165 4.34006 10.7411
    endloop
  endfacet
  facet normal 0 -0.80178 0.597619
    outer loop
      vertex -0.855165 4.60146 10.9094
      vertex 0.855165 4.7679 11.1327
      vertex -0.855165 4.7679 11.1327
    endloop
  endfacet
  facet normal 0 -0.80178 0.597619
    outer loop
      vertex 0.855165 4.7679 11.1327
      vertex -0.855165 4.60146 10.9094
      vertex 0.855165 4.60146 10.9094
    endloop
  endfacet
  facet normal 0 -0.800789 0.598946
    outer loop
      vertex -0.855165 4.7679 11.1327
      vertex -0.955165 4.77336 11.14
      vertex -0.955165 4.7679 11.1327
    endloop
  endfacet
  facet normal 0 -0.800789 0.598946
    outer loop
      vertex -0.955165 4.77336 11.14
      vertex -0.855165 4.7679 11.1327
      vertex 0.955165 4.77336 11.14
    endloop
  endfacet
  facet normal 0 -0.800789 0.598946
    outer loop
      vertex 0.855165 4.7679 11.1327
      vertex 0.955165 4.77336 11.14
      vertex -0.855165 4.7679 11.1327
    endloop
  endfacet
  facet normal 0 -0.800789 0.598946
    outer loop
      vertex 0.955165 4.77336 11.14
      vertex 0.855165 4.7679 11.1327
      vertex 0.955165 4.7679 11.1327
    endloop
  endfacet
  facet normal 0 -0.943721 0.330741
    outer loop
      vertex -0.955165 4.77336 11.14
      vertex 0.955165 4.81857 11.269
      vertex -0.955165 4.81857 11.269
    endloop
  endfacet
  facet normal 0 -0.943721 0.330741
    outer loop
      vertex 0.955165 4.81857 11.269
      vertex -0.955165 4.77336 11.14
      vertex 0.955165 4.77336 11.14
    endloop
  endfacet
  facet normal 0 -0.994332 0.106316
    outer loop
      vertex -0.955165 4.81857 11.269
      vertex 0.955165 4.83278 11.4019
      vertex -0.955165 4.83278 11.4019
    endloop
  endfacet
  facet normal 0 -0.994332 0.106316
    outer loop
      vertex 0.955165 4.83278 11.4019
      vertex -0.955165 4.81857 11.269
      vertex 0.955165 4.81857 11.269
    endloop
  endfacet
  facet normal 0 0.891007 -0.453989
    outer loop
      vertex 0.955165 4.83171 11.3998
      vertex -0.955165 4.83278 11.4019
      vertex 0.955165 4.83278 11.4019
    endloop
  endfacet
  facet normal 0 0.891007 -0.453989
    outer loop
      vertex -0.955165 4.83278 11.4019
      vertex 0.955165 4.83171 11.3998
      vertex -0.955165 4.83171 11.3998
    endloop
  endfacet
  facet normal 0 -0.99379 0.111269
    outer loop
      vertex -0.955165 4.83171 11.3998
      vertex 0.955165 4.84949 11.5586
      vertex -0.955165 4.84949 11.5586
    endloop
  endfacet
  facet normal 0 -0.99379 0.111269
    outer loop
      vertex 0.955165 4.84949 11.5586
      vertex -0.955165 4.83171 11.3998
      vertex 0.955165 4.83171 11.3998
    endloop
  endfacet
  facet normal 0 -0.952592 0.30425
    outer loop
      vertex -0.955165 4.84949 11.5586
      vertex 0.955165 4.89676 11.7066
      vertex -0.955165 4.89676 11.7066
    endloop
  endfacet
  facet normal 0 -0.952592 0.30425
    outer loop
      vertex 0.955165 4.89676 11.7066
      vertex -0.955165 4.84949 11.5586
      vertex 0.955165 4.84949 11.5586
    endloop
  endfacet
  facet normal 0 -0.82768 0.5612
    outer loop
      vertex -0.955165 4.89676 11.7066
      vertex 0.955165 5.06627 11.9566
      vertex -0.955165 5.06627 11.9566
    endloop
  endfacet
  facet normal 0 -0.82768 0.5612
    outer loop
      vertex 0.955165 5.06627 11.9566
      vertex -0.955165 4.89676 11.7066
      vertex 0.955165 4.89676 11.7066
    endloop
  endfacet
  facet normal 0 -0.558588 0.829446
    outer loop
      vertex -0.955165 5.31306 12.1228
      vertex 0.955165 5.06627 11.9566
      vertex 0.955165 5.31306 12.1228
    endloop
  endfacet
  facet normal 0 -0.558588 0.829446
    outer loop
      vertex 0.955165 5.06627 11.9566
      vertex -0.955165 5.31306 12.1228
      vertex -0.955165 5.06627 11.9566
    endloop
  endfacet
  facet normal 0 -0.287549 0.957766
    outer loop
      vertex -0.955165 5.45695 12.166
      vertex 0.955165 5.31306 12.1228
      vertex 0.955165 5.45695 12.166
    endloop
  endfacet
  facet normal 0 -0.287549 0.957766
    outer loop
      vertex 0.955165 5.31306 12.1228
      vertex -0.955165 5.45695 12.166
      vertex -0.955165 5.31306 12.1228
    endloop
  endfacet
  facet normal 0 -0.0788286 0.996888
    outer loop
      vertex -0.955165 5.60997 12.1781
      vertex 0.955165 5.45695 12.166
      vertex 0.955165 5.60997 12.1781
    endloop
  endfacet
  facet normal 0 -0.0788286 0.996888
    outer loop
      vertex 0.955165 5.45695 12.166
      vertex -0.955165 5.60997 12.1781
      vertex -0.955165 5.45695 12.166
    endloop
  endfacet
  facet normal -0 0.000271278 1
    outer loop
      vertex -0.955165 7.82172 12.1775
      vertex 0.955165 5.60997 12.1781
      vertex 0.955165 7.82172 12.1775
    endloop
  endfacet
  facet normal 0 0.000271278 1
    outer loop
      vertex 0.955165 5.60997 12.1781
      vertex -0.955165 7.82172 12.1775
      vertex -0.955165 5.60997 12.1781
    endloop
  endfacet
  facet normal 0 -0.141058 0.990001
    outer loop
      vertex -0.955165 8.03508 12.2079
      vertex 0.955165 7.82172 12.1775
      vertex 0.955165 8.03508 12.2079
    endloop
  endfacet
  facet normal 0 -0.141058 0.990001
    outer loop
      vertex 0.955165 7.82172 12.1775
      vertex -0.955165 8.03508 12.2079
      vertex -0.955165 7.82172 12.1775
    endloop
  endfacet
  facet normal 0 -0.354752 0.93496
    outer loop
      vertex -0.955165 8.22273 12.2791
      vertex 0.955165 8.03508 12.2079
      vertex 0.955165 8.22273 12.2791
    endloop
  endfacet
  facet normal 0 -0.354752 0.93496
    outer loop
      vertex 0.955165 8.03508 12.2079
      vertex -0.955165 8.22273 12.2791
      vertex -0.955165 8.03508 12.2079
    endloop
  endfacet
  facet normal 0 -0.56921 0.822192
    outer loop
      vertex -0.955165 8.37743 12.3862
      vertex 0.955165 8.22273 12.2791
      vertex 0.955165 8.37743 12.3862
    endloop
  endfacet
  facet normal 0 -0.56921 0.822192
    outer loop
      vertex 0.955165 8.22273 12.2791
      vertex -0.955165 8.37743 12.3862
      vertex -0.955165 8.22273 12.2791
    endloop
  endfacet
  facet normal 0 -0.769754 0.63834
    outer loop
      vertex -0.955165 8.37743 12.3862
      vertex -0.855165 8.48648 12.5177
      vertex -0.955165 8.48648 12.5177
    endloop
  endfacet
  facet normal 0 -0.769754 0.63834
    outer loop
      vertex -0.855165 8.48648 12.5177
      vertex -0.955165 8.37743 12.3862
      vertex 0.855165 8.48648 12.5177
    endloop
  endfacet
  facet normal 0 -0.769754 0.63834
    outer loop
      vertex 0.955165 8.37743 12.3862
      vertex 0.855165 8.48648 12.5177
      vertex -0.955165 8.37743 12.3862
    endloop
  endfacet
  facet normal 0 -0.769754 0.63834
    outer loop
      vertex 0.855165 8.48648 12.5177
      vertex 0.955165 8.37743 12.3862
      vertex 0.955165 8.48648 12.5177
    endloop
  endfacet
  facet normal 0 -0.769367 0.638807
    outer loop
      vertex -0.855165 8.48648 12.5177
      vertex 0.855165 8.49196 12.5243
      vertex -0.855165 8.49196 12.5243
    endloop
  endfacet
  facet normal 0 -0.769367 0.638807
    outer loop
      vertex 0.855165 8.49196 12.5243
      vertex -0.855165 8.48648 12.5177
      vertex 0.855165 8.48648 12.5177
    endloop
  endfacet
  facet normal 0 -0.846304 0.5327
    outer loop
      vertex -0.855165 8.49196 12.5243
      vertex 0.855165 8.75085 12.9356
      vertex -0.855165 8.75085 12.9356
    endloop
  endfacet
  facet normal 0 -0.846304 0.5327
    outer loop
      vertex 0.855165 8.75085 12.9356
      vertex -0.855165 8.49196 12.5243
      vertex 0.855165 8.49196 12.5243
    endloop
  endfacet
  facet normal 0 -0.687435 0.726246
    outer loop
      vertex 0.955165 8.97418 13.147
      vertex 0.855165 8.77377 12.9573
      vertex 0.955165 8.77377 12.9573
    endloop
  endfacet
  facet normal 0 -0.687516 0.726169
    outer loop
      vertex 0.855165 8.77377 12.9573
      vertex -0.855165 8.77377 12.9573
      vertex 0.855165 8.75085 12.9356
    endloop
  endfacet
  facet normal 0 -0.687435 0.726246
    outer loop
      vertex 0.955165 8.97418 13.147
      vertex -0.855165 8.77377 12.9573
      vertex 0.855165 8.77377 12.9573
    endloop
  endfacet
  facet normal 0 -0.687435 0.726246
    outer loop
      vertex -0.955165 8.97418 13.147
      vertex -0.855165 8.77377 12.9573
      vertex 0.955165 8.97418 13.147
    endloop
  endfacet
  facet normal 0 -0.687435 0.726246
    outer loop
      vertex -0.855165 8.77377 12.9573
      vertex -0.955165 8.97418 13.147
      vertex -0.955165 8.77377 12.9573
    endloop
  endfacet
  facet normal 0 -0.687516 0.726169
    outer loop
      vertex 0.855165 8.75085 12.9356
      vertex -0.855165 8.77377 12.9573
      vertex -0.855165 8.75085 12.9356
    endloop
  endfacet
  facet normal 0 -0.425358 0.905025
    outer loop
      vertex -0.955165 9.23248 13.2684
      vertex 0.955165 8.97418 13.147
      vertex 0.955165 9.23248 13.2684
    endloop
  endfacet
  facet normal 0 -0.425358 0.905025
    outer loop
      vertex 0.955165 8.97418 13.147
      vertex -0.955165 9.23248 13.2684
      vertex -0.955165 8.97418 13.147
    endloop
  endfacet
  facet normal 0 -0.251143 0.96795
    outer loop
      vertex -0.955165 9.60094 13.364
      vertex 0.955165 9.23248 13.2684
      vertex 0.955165 9.60094 13.364
    endloop
  endfacet
  facet normal 0 -0.251143 0.96795
    outer loop
      vertex 0.955165 9.23248 13.2684
      vertex -0.955165 9.60094 13.364
      vertex -0.955165 9.23248 13.2684
    endloop
  endfacet
  facet normal 0 -0.410021 0.912076
    outer loop
      vertex -0.955165 9.85831 13.4797
      vertex 0.955165 9.60094 13.364
      vertex 0.955165 9.85831 13.4797
    endloop
  endfacet
  facet normal 0 -0.410021 0.912076
    outer loop
      vertex 0.955165 9.60094 13.364
      vertex -0.955165 9.85831 13.4797
      vertex -0.955165 9.60094 13.364
    endloop
  endfacet
  facet normal 0 -0.676117 0.736794
    outer loop
      vertex 0.855165 10.051 13.657
      vertex -0.855165 10.051 13.657
      vertex 0.855165 10.0425 13.6492
    endloop
  endfacet
  facet normal 0 -0.677154 0.735841
    outer loop
      vertex 0.855165 10.0425 13.6492
      vertex 0.955165 9.85831 13.4797
      vertex 0.955165 10.0425 13.6492
    endloop
  endfacet
  facet normal 0 -0.676117 0.736794
    outer loop
      vertex -0.855165 10.0425 13.6492
      vertex 0.855165 10.0425 13.6492
      vertex -0.855165 10.051 13.657
    endloop
  endfacet
  facet normal 0 -0.677154 0.735841
    outer loop
      vertex 0.855165 10.0425 13.6492
      vertex -0.855165 10.0425 13.6492
      vertex 0.955165 9.85831 13.4797
    endloop
  endfacet
  facet normal 0 -0.677154 0.735841
    outer loop
      vertex -0.955165 9.85831 13.4797
      vertex -0.855165 10.0425 13.6492
      vertex -0.955165 10.0425 13.6492
    endloop
  endfacet
  facet normal 0 -0.677154 0.735841
    outer loop
      vertex -0.855165 10.0425 13.6492
      vertex -0.955165 9.85831 13.4797
      vertex 0.955165 9.85831 13.4797
    endloop
  endfacet
  facet normal 0 -0.887119 0.461541
    outer loop
      vertex -0.855165 10.051 13.657
      vertex 0.855165 10.1665 13.879
      vertex -0.855165 10.1665 13.879
    endloop
  endfacet
  facet normal 0 -0.887119 0.461541
    outer loop
      vertex 0.855165 10.1665 13.879
      vertex -0.855165 10.051 13.657
      vertex 0.855165 10.051 13.657
    endloop
  endfacet
  facet normal 0 -0.99479 0.101948
    outer loop
      vertex -0.855165 10.1665 13.879
      vertex 0.855165 10.1921 14.1288
      vertex -0.855165 10.1921 14.1288
    endloop
  endfacet
  facet normal 0 -0.99479 0.101948
    outer loop
      vertex 0.855165 10.1921 14.1288
      vertex -0.855165 10.1665 13.879
      vertex 0.855165 10.1665 13.879
    endloop
  endfacet
  facet normal 0 -0.999999 -0.0013245
    outer loop
      vertex -0.855165 10.1921 14.1288
      vertex 0.855165 10.1911 14.8838
      vertex -0.855165 10.1911 14.8838
    endloop
  endfacet
  facet normal 0 -0.999999 -0.0013245
    outer loop
      vertex 0.855165 10.1911 14.8838
      vertex -0.855165 10.1921 14.1288
      vertex 0.855165 10.1921 14.1288
    endloop
  endfacet
  facet normal 0 -0.974907 0.222614
    outer loop
      vertex -0.855165 10.1911 14.8838
      vertex 0.855165 10.2512 15.147
      vertex -0.855165 10.2512 15.147
    endloop
  endfacet
  facet normal 0 -0.974907 0.222614
    outer loop
      vertex 0.855165 10.2512 15.147
      vertex -0.855165 10.1911 14.8838
      vertex 0.855165 10.1911 14.8838
    endloop
  endfacet
  facet normal 0 -0.87257 0.48849
    outer loop
      vertex -0.855165 10.2512 15.147
      vertex 0.855165 10.3298 15.2874
      vertex -0.855165 10.3298 15.2874
    endloop
  endfacet
  facet normal 0 -0.87257 0.48849
    outer loop
      vertex 0.855165 10.3298 15.2874
      vertex -0.855165 10.2512 15.147
      vertex 0.855165 10.2512 15.147
    endloop
  endfacet
  facet normal 0 -0.872333 0.488912
    outer loop
      vertex -0.855165 10.3298 15.2874
      vertex -0.955165 10.378 15.3734
      vertex -0.955165 10.3298 15.2874
    endloop
  endfacet
  facet normal 0 -0.872333 0.488912
    outer loop
      vertex -0.955165 10.378 15.3734
      vertex -0.855165 10.3298 15.2874
      vertex 0.955165 10.378 15.3734
    endloop
  endfacet
  facet normal 0 -0.872333 0.488912
    outer loop
      vertex 0.855165 10.3298 15.2874
      vertex 0.955165 10.378 15.3734
      vertex -0.855165 10.3298 15.2874
    endloop
  endfacet
  facet normal 0 -0.872333 0.488912
    outer loop
      vertex 0.955165 10.378 15.3734
      vertex 0.855165 10.3298 15.2874
      vertex 0.955165 10.3298 15.2874
    endloop
  endfacet
  facet normal 0 -0.690533 0.723301
    outer loop
      vertex -0.955165 10.559 15.5462
      vertex 0.955165 10.378 15.3734
      vertex 0.955165 10.559 15.5462
    endloop
  endfacet
  facet normal 0 -0.690533 0.723301
    outer loop
      vertex 0.955165 10.378 15.3734
      vertex -0.955165 10.559 15.5462
      vertex -0.955165 10.378 15.3734
    endloop
  endfacet
  facet normal 0 -0.417764 0.908555
    outer loop
      vertex -0.955165 10.7817 15.6486
      vertex 0.955165 10.559 15.5462
      vertex 0.955165 10.7817 15.6486
    endloop
  endfacet
  facet normal 0 -0.417764 0.908555
    outer loop
      vertex 0.955165 10.559 15.5462
      vertex -0.955165 10.7817 15.6486
      vertex -0.955165 10.559 15.5462
    endloop
  endfacet
  facet normal 0 -0.224098 0.974567
    outer loop
      vertex -0.955165 11.1931 15.7432
      vertex 0.955165 10.7817 15.6486
      vertex 0.955165 11.1931 15.7432
    endloop
  endfacet
  facet normal 0 -0.224098 0.974567
    outer loop
      vertex 0.955165 10.7817 15.6486
      vertex -0.955165 11.1931 15.7432
      vertex -0.955165 10.7817 15.6486
    endloop
  endfacet
  facet normal 0 -0.43305 0.90137
    outer loop
      vertex -0.955165 11.441 15.8623
      vertex 0.955165 11.1931 15.7432
      vertex 0.955165 11.441 15.8623
    endloop
  endfacet
  facet normal 0 -0.43305 0.90137
    outer loop
      vertex 0.955165 11.1931 15.7432
      vertex -0.955165 11.441 15.8623
      vertex -0.955165 11.1931 15.7432
    endloop
  endfacet
  facet normal 0 -0.664641 0.747163
    outer loop
      vertex 0.855165 11.632 16.0327
      vertex -0.855165 11.632 16.0327
      vertex 0.855165 11.5985 16.0029
    endloop
  endfacet
  facet normal 0 -0.66595 0.745996
    outer loop
      vertex 0.855165 11.5985 16.0029
      vertex 0.955165 11.441 15.8623
      vertex 0.955165 11.5985 16.0029
    endloop
  endfacet
  facet normal 0 -0.664641 0.747163
    outer loop
      vertex -0.855165 11.5985 16.0029
      vertex 0.855165 11.5985 16.0029
      vertex -0.855165 11.632 16.0327
    endloop
  endfacet
  facet normal 0 -0.66595 0.745996
    outer loop
      vertex 0.855165 11.5985 16.0029
      vertex -0.855165 11.5985 16.0029
      vertex 0.955165 11.441 15.8623
    endloop
  endfacet
  facet normal 0 -0.66595 0.745996
    outer loop
      vertex -0.955165 11.441 15.8623
      vertex -0.855165 11.5985 16.0029
      vertex -0.955165 11.5985 16.0029
    endloop
  endfacet
  facet normal 0 -0.66595 0.745996
    outer loop
      vertex -0.855165 11.5985 16.0029
      vertex -0.955165 11.441 15.8623
      vertex 0.955165 11.441 15.8623
    endloop
  endfacet
  facet normal 0 -0.849494 0.527599
    outer loop
      vertex -0.855165 11.632 16.0327
      vertex 0.855165 11.7546 16.2301
      vertex -0.855165 11.7546 16.2301
    endloop
  endfacet
  facet normal 0 -0.849494 0.527599
    outer loop
      vertex 0.855165 11.7546 16.2301
      vertex -0.855165 11.632 16.0327
      vertex 0.855165 11.632 16.0327
    endloop
  endfacet
  facet normal 0 -0.977645 0.210262
    outer loop
      vertex -0.855165 11.7546 16.2301
      vertex 0.855165 11.7977 16.4305
      vertex -0.855165 11.7977 16.4305
    endloop
  endfacet
  facet normal 0 -0.977645 0.210262
    outer loop
      vertex 0.855165 11.7977 16.4305
      vertex -0.855165 11.7546 16.2301
      vertex 0.855165 11.7546 16.2301
    endloop
  endfacet
  facet normal 0 -0.993288 0.11567
    outer loop
      vertex -0.855165 11.7977 16.4305
      vertex 0.855165 11.8212 16.6323
      vertex -0.855165 11.8212 16.6323
    endloop
  endfacet
  facet normal 0 -0.993288 0.11567
    outer loop
      vertex 0.855165 11.8212 16.6323
      vertex -0.855165 11.7977 16.4305
      vertex 0.855165 11.7977 16.4305
    endloop
  endfacet
  facet normal 0 -0.943651 0.330944
    outer loop
      vertex -0.855165 11.8212 16.6323
      vertex 0.855165 11.8858 16.8165
      vertex -0.855165 11.8858 16.8165
    endloop
  endfacet
  facet normal 0 -0.943651 0.330944
    outer loop
      vertex 0.855165 11.8858 16.8165
      vertex -0.855165 11.8212 16.6323
      vertex 0.855165 11.8212 16.6323
    endloop
  endfacet
  facet normal 0 -0.942428 0.33441
    outer loop
      vertex -0.855165 11.8858 16.8165
      vertex -0.955165 11.8891 16.8258
      vertex -0.955165 11.8858 16.8165
    endloop
  endfacet
  facet normal 0 -0.942428 0.33441
    outer loop
      vertex -0.955165 11.8891 16.8258
      vertex -0.855165 11.8858 16.8165
      vertex 0.955165 11.8891 16.8258
    endloop
  endfacet
  facet normal 0 -0.942428 0.33441
    outer loop
      vertex 0.855165 11.8858 16.8165
      vertex 0.955165 11.8891 16.8258
      vertex -0.855165 11.8858 16.8165
    endloop
  endfacet
  facet normal 0 -0.942428 0.33441
    outer loop
      vertex 0.955165 11.8891 16.8258
      vertex 0.855165 11.8858 16.8165
      vertex 0.955165 11.8858 16.8165
    endloop
  endfacet
  facet normal 0 -0.857366 0.514707
    outer loop
      vertex -0.955165 11.8891 16.8258
      vertex 0.955165 11.9965 17.0047
      vertex -0.955165 11.9965 17.0047
    endloop
  endfacet
  facet normal 0 -0.857366 0.514707
    outer loop
      vertex 0.955165 11.9965 17.0047
      vertex -0.955165 11.8891 16.8258
      vertex 0.955165 11.8891 16.8258
    endloop
  endfacet
  facet normal 0 -0.742873 0.669433
    outer loop
      vertex -0.955165 11.9965 17.0047
      vertex 0.955165 12.1387 17.1625
      vertex -0.955165 12.1387 17.1625
    endloop
  endfacet
  facet normal 0 -0.742873 0.669433
    outer loop
      vertex 0.955165 12.1387 17.1625
      vertex -0.955165 11.9965 17.0047
      vertex 0.955165 11.9965 17.0047
    endloop
  endfacet
  facet normal 0 -0.603991 0.796991
    outer loop
      vertex -0.955165 12.3109 17.293
      vertex 0.955165 12.1387 17.1625
      vertex 0.955165 12.3109 17.293
    endloop
  endfacet
  facet normal 0 -0.603991 0.796991
    outer loop
      vertex 0.955165 12.1387 17.1625
      vertex -0.955165 12.3109 17.293
      vertex -0.955165 12.1387 17.1625
    endloop
  endfacet
  facet normal 0 -0.439553 0.898217
    outer loop
      vertex -0.955165 12.5083 17.3896
      vertex 0.955165 12.3109 17.293
      vertex 0.955165 12.5083 17.3896
    endloop
  endfacet
  facet normal 0 -0.439553 0.898217
    outer loop
      vertex 0.955165 12.3109 17.293
      vertex -0.955165 12.5083 17.3896
      vertex -0.955165 12.3109 17.293
    endloop
  endfacet
  facet normal 0 -0.251409 0.967881
    outer loop
      vertex -0.955165 12.7262 17.4462
      vertex 0.955165 12.5083 17.3896
      vertex 0.955165 12.7262 17.4462
    endloop
  endfacet
  facet normal 0 -0.251409 0.967881
    outer loop
      vertex 0.955165 12.5083 17.3896
      vertex -0.955165 12.7262 17.4462
      vertex -0.955165 12.5083 17.3896
    endloop
  endfacet
  facet normal 0 -0.0431775 0.999067
    outer loop
      vertex -0.955165 12.9599 17.4563
      vertex 0.955165 12.7262 17.4462
      vertex 0.955165 12.9599 17.4563
    endloop
  endfacet
  facet normal 0 -0.0431775 0.999067
    outer loop
      vertex 0.955165 12.7262 17.4462
      vertex -0.955165 12.9599 17.4563
      vertex -0.955165 12.7262 17.4462
    endloop
  endfacet
  facet normal -0 0 1
    outer loop
      vertex -0.955165 14.9918 17.4563
      vertex 0.955165 12.9599 17.4563
      vertex 0.955165 14.9918 17.4563
    endloop
  endfacet
  facet normal 0 0 1
    outer loop
      vertex 0.955165 12.9599 17.4563
      vertex -0.955165 14.9918 17.4563
      vertex -0.955165 12.9599 17.4563
    endloop
  endfacet
  facet normal -0 0.0425774 0.999093
    outer loop
      vertex -0.955165 15.2288 17.4462
      vertex 0.955165 14.9918 17.4563
      vertex 0.955165 15.2288 17.4462
    endloop
  endfacet
  facet normal 0 0.0425774 0.999093
    outer loop
      vertex 0.955165 14.9918 17.4563
      vertex -0.955165 15.2288 17.4462
      vertex -0.955165 14.9918 17.4563
    endloop
  endfacet
  facet normal -0 0.248735 0.968572
    outer loop
      vertex -0.955165 15.4492 17.3896
      vertex 0.955165 15.2288 17.4462
      vertex 0.955165 15.4492 17.3896
    endloop
  endfacet
  facet normal 0 0.248735 0.968572
    outer loop
      vertex 0.955165 15.2288 17.4462
      vertex -0.955165 15.4492 17.3896
      vertex -0.955165 15.2288 17.4462
    endloop
  endfacet
  facet normal -0 0.436163 0.899868
    outer loop
      vertex -0.955165 15.6485 17.293
      vertex 0.955165 15.4492 17.3896
      vertex 0.955165 15.6485 17.293
    endloop
  endfacet
  facet normal 0 0.436163 0.899868
    outer loop
      vertex 0.955165 15.4492 17.3896
      vertex -0.955165 15.6485 17.293
      vertex -0.955165 15.4492 17.3896
    endloop
  endfacet
  facet normal -0 0.601105 0.79917
    outer loop
      vertex -0.955165 15.822 17.1625
      vertex 0.955165 15.6485 17.293
      vertex 0.955165 15.822 17.1625
    endloop
  endfacet
  facet normal 0 0.601105 0.79917
    outer loop
      vertex 0.955165 15.6485 17.293
      vertex -0.955165 15.822 17.1625
      vertex -0.955165 15.6485 17.293
    endloop
  endfacet
  facet normal 0 0.741002 0.671503
    outer loop
      vertex 0.955165 15.965 17.0047
      vertex -0.955165 15.822 17.1625
      vertex 0.955165 15.822 17.1625
    endloop
  endfacet
  facet normal 0 0.741002 0.671503
    outer loop
      vertex -0.955165 15.822 17.1625
      vertex 0.955165 15.965 17.0047
      vertex -0.955165 15.965 17.0047
    endloop
  endfacet
  facet normal 0 0.85652 0.516114
    outer loop
      vertex 0.955165 16.0728 16.8258
      vertex -0.955165 15.965 17.0047
      vertex 0.955165 15.965 17.0047
    endloop
  endfacet
  facet normal 0 0.85652 0.516114
    outer loop
      vertex -0.955165 15.965 17.0047
      vertex 0.955165 16.0728 16.8258
      vertex -0.955165 16.0728 16.8258
    endloop
  endfacet
  facet normal 0 0.943359 0.331774
    outer loop
      vertex 0.855165 16.1408 16.6323
      vertex -0.855165 16.1325 16.6559
      vertex 0.855165 16.1325 16.6559
    endloop
  endfacet
  facet normal 0 0.943359 0.331774
    outer loop
      vertex -0.855165 16.1325 16.6559
      vertex 0.855165 16.1408 16.6323
      vertex -0.855165 16.1408 16.6323
    endloop
  endfacet
  facet normal -0 0.943451 0.331513
    outer loop
      vertex 0.855165 16.1325 16.6559
      vertex 0.955165 16.0728 16.8258
      vertex 0.955165 16.1325 16.6559
    endloop
  endfacet
  facet normal 0 0.943451 0.331513
    outer loop
      vertex 0.955165 16.0728 16.8258
      vertex 0.855165 16.1325 16.6559
      vertex -0.955165 16.0728 16.8258
    endloop
  endfacet
  facet normal -0 0.943451 0.331513
    outer loop
      vertex -0.855165 16.1325 16.6559
      vertex -0.955165 16.0728 16.8258
      vertex 0.855165 16.1325 16.6559
    endloop
  endfacet
  facet normal 0 0.943451 0.331513
    outer loop
      vertex -0.955165 16.0728 16.8258
      vertex -0.855165 16.1325 16.6559
      vertex -0.955165 16.1325 16.6559
    endloop
  endfacet
  facet normal 0 0.993288 0.11567
    outer loop
      vertex 0.855165 16.1643 16.4305
      vertex -0.855165 16.1408 16.6323
      vertex 0.855165 16.1408 16.6323
    endloop
  endfacet
  facet normal 0 0.993288 0.11567
    outer loop
      vertex -0.855165 16.1408 16.6323
      vertex 0.855165 16.1643 16.4305
      vertex -0.855165 16.1643 16.4305
    endloop
  endfacet
  facet normal 0 0.978342 0.206995
    outer loop
      vertex 0.855165 16.2067 16.2301
      vertex -0.855165 16.1643 16.4305
      vertex 0.855165 16.1643 16.4305
    endloop
  endfacet
  facet normal 0 0.978342 0.206995
    outer loop
      vertex -0.855165 16.1643 16.4305
      vertex 0.855165 16.2067 16.2301
      vertex -0.855165 16.2067 16.2301
    endloop
  endfacet
  facet normal 0 0.860249 0.509874
    outer loop
      vertex 0.855165 16.3237 16.0327
      vertex -0.855165 16.2067 16.2301
      vertex 0.855165 16.2067 16.2301
    endloop
  endfacet
  facet normal 0 0.860249 0.509874
    outer loop
      vertex -0.855165 16.2067 16.2301
      vertex 0.855165 16.3237 16.0327
      vertex -0.855165 16.3237 16.0327
    endloop
  endfacet
  facet normal 0 0.696626 0.717434
    outer loop
      vertex 0.955165 16.4991 15.8623
      vertex 0.855165 16.4198 15.9393
      vertex 0.955165 16.4198 15.9393
    endloop
  endfacet
  facet normal 0 0.696961 0.717109
    outer loop
      vertex 0.855165 16.4198 15.9393
      vertex -0.855165 16.4198 15.9393
      vertex 0.855165 16.3237 16.0327
    endloop
  endfacet
  facet normal 0 0.696626 0.717434
    outer loop
      vertex 0.955165 16.4991 15.8623
      vertex -0.855165 16.4198 15.9393
      vertex 0.855165 16.4198 15.9393
    endloop
  endfacet
  facet normal -0 0.696626 0.717434
    outer loop
      vertex -0.955165 16.4991 15.8623
      vertex -0.855165 16.4198 15.9393
      vertex 0.955165 16.4991 15.8623
    endloop
  endfacet
  facet normal 0 0.696626 0.717434
    outer loop
      vertex -0.855165 16.4198 15.9393
      vertex -0.955165 16.4991 15.8623
      vertex -0.955165 16.4198 15.9393
    endloop
  endfacet
  facet normal 0 0.696961 0.717109
    outer loop
      vertex 0.855165 16.3237 16.0327
      vertex -0.855165 16.4198 15.9393
      vertex -0.855165 16.3237 16.0327
    endloop
  endfacet
  facet normal -0 0.479953 0.877294
    outer loop
      vertex -0.955165 16.7168 15.7432
      vertex 0.955165 16.4991 15.8623
      vertex 0.955165 16.7168 15.7432
    endloop
  endfacet
  facet normal 0 0.479953 0.877294
    outer loop
      vertex 0.955165 16.4991 15.8623
      vertex -0.955165 16.7168 15.7432
      vertex -0.955165 16.4991 15.8623
    endloop
  endfacet
  facet normal -0 0.224409 0.974495
    outer loop
      vertex -0.955165 17.1276 15.6486
      vertex 0.955165 16.7168 15.7432
      vertex 0.955165 17.1276 15.6486
    endloop
  endfacet
  facet normal 0 0.224409 0.974495
    outer loop
      vertex 0.955165 16.7168 15.7432
      vertex -0.955165 17.1276 15.6486
      vertex -0.955165 16.7168 15.7432
    endloop
  endfacet
  facet normal -0 0.3762 0.926539
    outer loop
      vertex -0.955165 17.3798 15.5462
      vertex 0.955165 17.1276 15.6486
      vertex 0.955165 17.3798 15.5462
    endloop
  endfacet
  facet normal 0 0.3762 0.926539
    outer loop
      vertex 0.955165 17.1276 15.6486
      vertex -0.955165 17.3798 15.5462
      vertex -0.955165 17.1276 15.6486
    endloop
  endfacet
  facet normal -0 0.671279 0.741204
    outer loop
      vertex -0.955165 17.5706 15.3734
      vertex 0.955165 17.3798 15.5462
      vertex 0.955165 17.5706 15.3734
    endloop
  endfacet
  facet normal 0 0.671279 0.741204
    outer loop
      vertex 0.955165 17.3798 15.5462
      vertex -0.955165 17.5706 15.3734
      vertex -0.955165 17.3798 15.5462
    endloop
  endfacet
  facet normal 0 0.888383 0.459103
    outer loop
      vertex 0.955165 17.6876 15.147
      vertex -0.955165 17.5706 15.3734
      vertex 0.955165 17.5706 15.3734
    endloop
  endfacet
  facet normal 0 0.888383 0.459103
    outer loop
      vertex -0.955165 17.5706 15.3734
      vertex 0.955165 17.6876 15.147
      vertex -0.955165 17.6876 15.147
    endloop
  endfacet
  facet normal 0 0.993309 0.115484
    outer loop
      vertex 0.955165 17.7182 14.8838
      vertex -0.955165 17.6876 15.147
      vertex 0.955165 17.6876 15.147
    endloop
  endfacet
  facet normal 0 0.993309 0.115484
    outer loop
      vertex -0.955165 17.6876 15.147
      vertex 0.955165 17.7182 14.8838
      vertex -0.955165 17.7182 14.8838
    endloop
  endfacet
  facet normal 0 1 -0
    outer loop
      vertex 0.955165 17.7182 14.1288
      vertex -0.955165 17.7182 14.8838
      vertex 0.955165 17.7182 14.8838
    endloop
  endfacet
  facet normal 0 1 0
    outer loop
      vertex -0.955165 17.7182 14.8838
      vertex 0.955165 17.7182 14.1288
      vertex -0.955165 17.7182 14.1288
    endloop
  endfacet
  facet normal 0 0.975882 0.2183
    outer loop
      vertex 0.955165 17.7739 13.8798
      vertex -0.955165 17.7182 14.1288
      vertex 0.955165 17.7182 14.1288
    endloop
  endfacet
  facet normal 0 0.975882 0.2183
    outer loop
      vertex -0.955165 17.7182 14.1288
      vertex 0.955165 17.7739 13.8798
      vertex -0.955165 17.7739 13.8798
    endloop
  endfacet
  facet normal 0 0.870603 0.491986
    outer loop
      vertex 0.855165 17.8991 13.6585
      vertex -0.855165 17.8084 13.819
      vertex 0.855165 17.8084 13.819
    endloop
  endfacet
  facet normal 0 0.870603 0.491986
    outer loop
      vertex -0.855165 17.8084 13.819
      vertex 0.855165 17.8991 13.6585
      vertex -0.855165 17.8991 13.6585
    endloop
  endfacet
  facet normal -0 0.869736 0.493518
    outer loop
      vertex 0.855165 17.8084 13.819
      vertex 0.955165 17.7739 13.8798
      vertex 0.955165 17.8084 13.819
    endloop
  endfacet
  facet normal 0 0.869736 0.493518
    outer loop
      vertex 0.955165 17.7739 13.8798
      vertex 0.855165 17.8084 13.819
      vertex -0.955165 17.7739 13.8798
    endloop
  endfacet
  facet normal -0 0.869736 0.493518
    outer loop
      vertex -0.855165 17.8084 13.819
      vertex -0.955165 17.7739 13.8798
      vertex 0.855165 17.8084 13.819
    endloop
  endfacet
  facet normal 0 0.869736 0.493518
    outer loop
      vertex -0.955165 17.7739 13.8798
      vertex -0.855165 17.8084 13.819
      vertex -0.955165 17.8084 13.819
    endloop
  endfacet
  facet normal -0 0.696201 0.717847
    outer loop
      vertex -0.855165 18.0815 13.4816
      vertex 0.855165 17.8991 13.6585
      vertex 0.855165 18.0815 13.4816
    endloop
  endfacet
  facet normal 0 0.696201 0.717847
    outer loop
      vertex 0.855165 17.8991 13.6585
      vertex -0.855165 18.0815 13.4816
      vertex -0.855165 17.8991 13.6585
    endloop
  endfacet
  facet normal 0 0.455067 0.890457
    outer loop
      vertex 0.955165 18.3084 13.3656
      vertex 0.855165 18.0957 13.4743
      vertex 0.955165 18.0957 13.4743
    endloop
  endfacet
  facet normal 0 0.457206 0.889361
    outer loop
      vertex 0.855165 18.0957 13.4743
      vertex -0.855165 18.0957 13.4743
      vertex 0.855165 18.0815 13.4816
    endloop
  endfacet
  facet normal 0 0.455067 0.890457
    outer loop
      vertex 0.955165 18.3084 13.3656
      vertex -0.855165 18.0957 13.4743
      vertex 0.855165 18.0957 13.4743
    endloop
  endfacet
  facet normal -0 0.455067 0.890457
    outer loop
      vertex -0.955165 18.3084 13.3656
      vertex -0.855165 18.0957 13.4743
      vertex 0.955165 18.3084 13.3656
    endloop
  endfacet
  facet normal 0 0.455067 0.890457
    outer loop
      vertex -0.855165 18.0957 13.4743
      vertex -0.955165 18.3084 13.3656
      vertex -0.955165 18.0957 13.4743
    endloop
  endfacet
  facet normal 0 0.457206 0.889361
    outer loop
      vertex 0.855165 18.0815 13.4816
      vertex -0.855165 18.0957 13.4743
      vertex -0.855165 18.0815 13.4816
    endloop
  endfacet
  facet normal -0 0.227784 0.973712
    outer loop
      vertex -0.955165 18.7192 13.2695
      vertex 0.955165 18.3084 13.3656
      vertex 0.955165 18.7192 13.2695
    endloop
  endfacet
  facet normal 0 0.227784 0.973712
    outer loop
      vertex 0.955165 18.3084 13.3656
      vertex -0.955165 18.7192 13.2695
      vertex -0.955165 18.3084 13.3656
    endloop
  endfacet
  facet normal -0 0.405754 0.913982
    outer loop
      vertex -0.955165 18.9618 13.1618
      vertex 0.955165 18.7192 13.2695
      vertex 0.955165 18.9618 13.1618
    endloop
  endfacet
  facet normal 0 0.405754 0.913982
    outer loop
      vertex 0.955165 18.7192 13.2695
      vertex -0.955165 18.9618 13.1618
      vertex -0.955165 18.7192 13.2695
    endloop
  endfacet
  facet normal -0 0.690329 0.723496
    outer loop
      vertex -0.955165 19.1494 12.9828
      vertex 0.955165 18.9618 13.1618
      vertex 0.955165 19.1494 12.9828
    endloop
  endfacet
  facet normal 0 0.690329 0.723496
    outer loop
      vertex 0.955165 18.9618 13.1618
      vertex -0.955165 19.1494 12.9828
      vertex -0.955165 18.9618 13.1618
    endloop
  endfacet
  facet normal 0 0.892389 0.451267
    outer loop
      vertex 0.955165 19.2695 12.7453
      vertex -0.955165 19.1494 12.9828
      vertex 0.955165 19.1494 12.9828
    endloop
  endfacet
  facet normal 0 0.892389 0.451267
    outer loop
      vertex -0.955165 19.1494 12.9828
      vertex 0.955165 19.2695 12.7453
      vertex -0.955165 19.2695 12.7453
    endloop
  endfacet
  facet normal 0 0.989963 0.141323
    outer loop
      vertex 0.955165 19.3099 12.4623
      vertex -0.955165 19.2695 12.7453
      vertex 0.955165 19.2695 12.7453
    endloop
  endfacet
  facet normal 0 0.989963 0.141323
    outer loop
      vertex -0.955165 19.2695 12.7453
      vertex 0.955165 19.3099 12.4623
      vertex -0.955165 19.3099 12.4623
    endloop
  endfacet
  facet normal 0 0.999997 -0.00246744
    outer loop
      vertex 0.955165 19.3052 10.5575
      vertex -0.955165 19.3099 12.4623
      vertex 0.955165 19.3099 12.4623
    endloop
  endfacet
  facet normal 0 0.999997 -0.00246744
    outer loop
      vertex -0.955165 19.3099 12.4623
      vertex 0.955165 19.3052 10.5575
      vertex -0.955165 19.3052 10.5575
    endloop
  endfacet
  facet normal -0 0 1
    outer loop
      vertex -0.955165 20.3212 10.5575
      vertex 0.955165 19.3052 10.5575
      vertex 0.955165 20.3212 10.5575
    endloop
  endfacet
  facet normal 0 0 1
    outer loop
      vertex 0.955165 19.3052 10.5575
      vertex -0.955165 20.3212 10.5575
      vertex -0.955165 19.3052 10.5575
    endloop
  endfacet
  facet normal -0 0.489413 0.872052
    outer loop
      vertex -0.955165 24.8423 8.02017
      vertex 0.955165 20.3212 10.5575
      vertex 0.955165 24.8423 8.02017
    endloop
  endfacet
  facet normal 0 0.489413 0.872052
    outer loop
      vertex 0.955165 20.3212 10.5575
      vertex -0.955165 24.8423 8.02017
      vertex -0.955165 20.3212 10.5575
    endloop
  endfacet
  facet normal -0 0.543983 0.839096
    outer loop
      vertex -0.955165 25.0272 7.9003
      vertex 0.955165 24.8423 8.02017
      vertex 0.955165 25.0272 7.9003
    endloop
  endfacet
  facet normal 0 0.543983 0.839096
    outer loop
      vertex 0.955165 24.8423 8.02017
      vertex -0.955165 25.0272 7.9003
      vertex -0.955165 24.8423 8.02017
    endloop
  endfacet
  facet normal 0 0.714506 0.69963
    outer loop
      vertex 0.955165 25.1904 7.73363
      vertex -0.955165 25.0272 7.9003
      vertex 0.955165 25.0272 7.9003
    endloop
  endfacet
  facet normal 0 0.714506 0.69963
    outer loop
      vertex -0.955165 25.0272 7.9003
      vertex 0.955165 25.1904 7.73363
      vertex -0.955165 25.1904 7.73363
    endloop
  endfacet
  facet normal 0 0.860544 0.509376
    outer loop
      vertex 0.955165 25.3311 7.49593
      vertex -0.955165 25.1904 7.73363
      vertex 0.955165 25.1904 7.73363
    endloop
  endfacet
  facet normal 0 0.860544 0.509376
    outer loop
      vertex -0.955165 25.1904 7.73363
      vertex 0.955165 25.3311 7.49593
      vertex -0.955165 25.3311 7.49593
    endloop
  endfacet
  facet normal 0 0.943277 0.332008
    outer loop
      vertex 0.955165 25.4483 7.16295
      vertex -0.955165 25.3311 7.49593
      vertex 0.955165 25.3311 7.49593
    endloop
  endfacet
  facet normal 0 0.943277 0.332008
    outer loop
      vertex -0.955165 25.3311 7.49593
      vertex 0.955165 25.4483 7.16295
      vertex -0.955165 25.4483 7.16295
    endloop
  endfacet
  facet normal 0 0.979649 0.200719
    outer loop
      vertex 0.955165 25.541 6.71051
      vertex -0.955165 25.4483 7.16295
      vertex 0.955165 25.4483 7.16295
    endloop
  endfacet
  facet normal 0 0.979649 0.200719
    outer loop
      vertex -0.955165 25.4483 7.16295
      vertex 0.955165 25.541 6.71051
      vertex -0.955165 25.541 6.71051
    endloop
  endfacet
  facet normal 0 0.99367 0.112341
    outer loop
      vertex 0.955165 25.6084 6.11435
      vertex -0.955165 25.541 6.71051
      vertex 0.955165 25.541 6.71051
    endloop
  endfacet
  facet normal 0 0.99367 0.112341
    outer loop
      vertex -0.955165 25.541 6.71051
      vertex 0.955165 25.6084 6.11435
      vertex -0.955165 25.6084 6.11435
    endloop
  endfacet
  facet normal 0 0.998549 0.0538428
    outer loop
      vertex 0.955165 25.6496 5.35027
      vertex -0.955165 25.6084 6.11435
      vertex 0.955165 25.6084 6.11435
    endloop
  endfacet
  facet normal 0 0.998549 0.0538428
    outer loop
      vertex -0.955165 25.6084 6.11435
      vertex 0.955165 25.6496 5.35027
      vertex -0.955165 25.6496 5.35027
    endloop
  endfacet
  facet normal 0 0.999894 0.0145368
    outer loop
      vertex 0.955165 25.6635 4.39418
      vertex -0.955165 25.6496 5.35027
      vertex 0.955165 25.6496 5.35027
    endloop
  endfacet
  facet normal 0 0.999894 0.0145368
    outer loop
      vertex -0.955165 25.6496 5.35027
      vertex 0.955165 25.6635 4.39418
      vertex -0.955165 25.6635 4.39418
    endloop
  endfacet
  facet normal 0 0.999894 -0.014534
    outer loop
      vertex 0.955165 25.6496 3.4379
      vertex -0.955165 25.6635 4.39418
      vertex 0.955165 25.6635 4.39418
    endloop
  endfacet
  facet normal 0 0.999894 -0.014534
    outer loop
      vertex -0.955165 25.6635 4.39418
      vertex 0.955165 25.6496 3.4379
      vertex -0.955165 25.6496 3.4379
    endloop
  endfacet
  facet normal 0 0.99855 -0.0538253
    outer loop
      vertex 0.955165 25.6084 2.67357
      vertex -0.955165 25.6496 3.4379
      vertex 0.955165 25.6496 3.4379
    endloop
  endfacet
  facet normal 0 0.99855 -0.0538253
    outer loop
      vertex -0.955165 25.6496 3.4379
      vertex 0.955165 25.6084 2.67357
      vertex -0.955165 25.6084 2.67357
    endloop
  endfacet
  facet normal 0 0.993683 -0.112222
    outer loop
      vertex 0.955165 25.541 2.07677
      vertex -0.955165 25.6084 2.67357
      vertex 0.955165 25.6084 2.67357
    endloop
  endfacet
  facet normal 0 0.993683 -0.112222
    outer loop
      vertex -0.955165 25.6084 2.67357
      vertex 0.955165 25.541 2.07677
      vertex -0.955165 25.541 2.07677
    endloop
  endfacet
  facet normal 0 0.979757 -0.200188
    outer loop
      vertex 0.955165 25.4483 1.62308
      vertex -0.955165 25.541 2.07677
      vertex 0.955165 25.541 2.07677
    endloop
  endfacet
  facet normal 0 0.979757 -0.200188
    outer loop
      vertex -0.955165 25.541 2.07677
      vertex 0.955165 25.4483 1.62308
      vertex -0.955165 25.4483 1.62308
    endloop
  endfacet
  facet normal 0 0.943905 -0.330216
    outer loop
      vertex 0.955165 25.3311 1.28807
      vertex -0.955165 25.4483 1.62308
      vertex 0.955165 25.4483 1.62308
    endloop
  endfacet
  facet normal 0 0.943905 -0.330216
    outer loop
      vertex -0.955165 25.4483 1.62308
      vertex 0.955165 25.3311 1.28807
      vertex -0.955165 25.3311 1.28807
    endloop
  endfacet
  facet normal 0 0.86336 -0.504589
    outer loop
      vertex 0.955165 25.1904 1.04733
      vertex -0.955165 25.3311 1.28807
      vertex 0.955165 25.3311 1.28807
    endloop
  endfacet
  facet normal 0 0.86336 -0.504589
    outer loop
      vertex -0.955165 25.3311 1.28807
      vertex 0.955165 25.1904 1.04733
      vertex -0.955165 25.1904 1.04733
    endloop
  endfacet
  facet normal 0 0.723171 -0.690669
    outer loop
      vertex 0.955165 25.0272 0.87645
      vertex -0.955165 25.1904 1.04733
      vertex 0.955165 25.1904 1.04733
    endloop
  endfacet
  facet normal 0 0.723171 -0.690669
    outer loop
      vertex -0.955165 25.1904 1.04733
      vertex 0.955165 25.0272 0.87645
      vertex -0.955165 25.0272 0.87645
    endloop
  endfacet
  facet normal 0 0.561471 -0.827496
    outer loop
      vertex -0.955165 24.8423 0.750992
      vertex 0.955165 25.0272 0.87645
      vertex 0.955165 24.8423 0.750992
    endloop
  endfacet
  facet normal 0 0.561471 -0.827496
    outer loop
      vertex 0.955165 25.0272 0.87645
      vertex -0.955165 24.8423 0.750992
      vertex -0.955165 25.0272 0.87645
    endloop
  endfacet
  facet normal 0 0.504127 -0.86363
    outer loop
      vertex -0.955165 20.3212 -1.88811
      vertex 0.955165 24.8423 0.750992
      vertex 0.955165 20.3212 -1.88811
    endloop
  endfacet
  facet normal 0 0.504127 -0.86363
    outer loop
      vertex 0.955165 24.8423 0.750992
      vertex -0.955165 20.3212 -1.88811
      vertex -0.955165 24.8423 0.750992
    endloop
  endfacet
  facet normal 0 0 -1
    outer loop
      vertex -0.955165 19.3052 -1.88811
      vertex 0.955165 20.3212 -1.88811
      vertex 0.955165 19.3052 -1.88811
    endloop
  endfacet
  facet normal -0 0 -1
    outer loop
      vertex 0.955165 20.3212 -1.88811
      vertex -0.955165 19.3052 -1.88811
      vertex -0.955165 20.3212 -1.88811
    endloop
  endfacet
  facet normal 0 0.999998 0.00195029
    outer loop
      vertex 0.955165 19.3088 -3.73399
      vertex -0.955165 19.3052 -1.88811
      vertex 0.955165 19.3052 -1.88811
    endloop
  endfacet
  facet normal 0 0.999998 0.00195029
    outer loop
      vertex -0.955165 19.3052 -1.88811
      vertex 0.955165 19.3088 -3.73399
      vertex -0.955165 19.3088 -3.73399
    endloop
  endfacet
  facet normal 0 0.986827 -0.161781
    outer loop
      vertex 0.955165 19.2681 -3.98225
      vertex -0.955165 19.3088 -3.73399
      vertex 0.955165 19.3088 -3.73399
    endloop
  endfacet
  facet normal 0 0.986827 -0.161781
    outer loop
      vertex -0.955165 19.3088 -3.73399
      vertex 0.955165 19.2681 -3.98225
      vertex -0.955165 19.2681 -3.98225
    endloop
  endfacet
  facet normal 0 0.878653 -0.47746
    outer loop
      vertex 0.955165 19.1479 -4.20345
      vertex -0.955165 19.2681 -3.98225
      vertex 0.955165 19.2681 -3.98225
    endloop
  endfacet
  facet normal 0 0.878653 -0.47746
    outer loop
      vertex -0.955165 19.2681 -3.98225
      vertex 0.955165 19.1479 -4.20345
      vertex -0.955165 19.1479 -4.20345
    endloop
  endfacet
  facet normal 0 0.688219 -0.725503
    outer loop
      vertex -0.955165 18.9609 -4.38084
      vertex 0.955165 19.1479 -4.20345
      vertex 0.955165 18.9609 -4.38084
    endloop
  endfacet
  facet normal 0 0.688219 -0.725503
    outer loop
      vertex 0.955165 19.1479 -4.20345
      vertex -0.955165 18.9609 -4.38084
      vertex -0.955165 19.1479 -4.20345
    endloop
  endfacet
  facet normal 0 0.435496 -0.900191
    outer loop
      vertex -0.955165 18.7192 -4.49777
      vertex 0.955165 18.9609 -4.38084
      vertex 0.955165 18.7192 -4.49777
    endloop
  endfacet
  facet normal 0 0.435496 -0.900191
    outer loop
      vertex 0.955165 18.9609 -4.38084
      vertex -0.955165 18.7192 -4.49777
      vertex -0.955165 18.9609 -4.38084
    endloop
  endfacet
  facet normal 0 0.22666 -0.973974
    outer loop
      vertex -0.955165 18.3084 -4.59337
      vertex 0.955165 18.7192 -4.49777
      vertex 0.955165 18.3084 -4.59337
    endloop
  endfacet
  facet normal 0 0.22666 -0.973974
    outer loop
      vertex 0.955165 18.7192 -4.49777
      vertex -0.955165 18.3084 -4.59337
      vertex -0.955165 18.7192 -4.49777
    endloop
  endfacet
  facet normal 0 0.420761 -0.907172
    outer loop
      vertex 0.855165 18.0805 -4.69952
      vertex -0.855165 18.0805 -4.69952
      vertex 0.855165 18.0957 -4.69247
    endloop
  endfacet
  facet normal 0 0.422325 -0.906444
    outer loop
      vertex 0.855165 18.0957 -4.69247
      vertex 0.955165 18.3084 -4.59337
      vertex 0.955165 18.0957 -4.69247
    endloop
  endfacet
  facet normal 0 0.420761 -0.907172
    outer loop
      vertex -0.855165 18.0957 -4.69247
      vertex 0.855165 18.0957 -4.69247
      vertex -0.855165 18.0805 -4.69952
    endloop
  endfacet
  facet normal 0 0.422325 -0.906444
    outer loop
      vertex 0.855165 18.0957 -4.69247
      vertex -0.855165 18.0957 -4.69247
      vertex 0.955165 18.3084 -4.59337
    endloop
  endfacet
  facet normal 0 0.422325 -0.906444
    outer loop
      vertex -0.955165 18.3084 -4.59337
      vertex -0.855165 18.0957 -4.69247
      vertex -0.955165 18.0957 -4.69247
    endloop
  endfacet
  facet normal 0 0.422325 -0.906444
    outer loop
      vertex -0.855165 18.0957 -4.69247
      vertex -0.955165 18.3084 -4.59337
      vertex 0.955165 18.3084 -4.59337
    endloop
  endfacet
  facet normal 0 0.689426 -0.724356
    outer loop
      vertex -0.855165 17.8976 -4.8736
      vertex 0.855165 18.0805 -4.69952
      vertex 0.855165 17.8976 -4.8736
    endloop
  endfacet
  facet normal 0 0.689426 -0.724356
    outer loop
      vertex 0.855165 18.0805 -4.69952
      vertex -0.855165 17.8976 -4.8736
      vertex -0.855165 18.0805 -4.69952
    endloop
  endfacet
  facet normal 0 0.873301 -0.487181
    outer loop
      vertex 0.955165 17.7721 -5.09877
      vertex 0.855165 17.8084 -5.0337
      vertex 0.955165 17.8084 -5.0337
    endloop
  endfacet
  facet normal 0 0.873301 -0.487181
    outer loop
      vertex 0.855165 17.8084 -5.0337
      vertex 0.955165 17.7721 -5.09877
      vertex -0.855165 17.8084 -5.0337
    endloop
  endfacet
  facet normal 0 0.873301 -0.487181
    outer loop
      vertex -0.955165 17.7721 -5.09877
      vertex -0.855165 17.8084 -5.0337
      vertex 0.955165 17.7721 -5.09877
    endloop
  endfacet
  facet normal 0 0.873301 -0.487181
    outer loop
      vertex -0.855165 17.8084 -5.0337
      vertex -0.955165 17.7721 -5.09877
      vertex -0.955165 17.8084 -5.0337
    endloop
  endfacet
  facet normal 0 0.873565 -0.486708
    outer loop
      vertex 0.855165 17.8084 -5.0337
      vertex -0.855165 17.8976 -4.8736
      vertex 0.855165 17.8976 -4.8736
    endloop
  endfacet
  facet normal 0 0.873565 -0.486708
    outer loop
      vertex -0.855165 17.8976 -4.8736
      vertex 0.855165 17.8084 -5.0337
      vertex -0.855165 17.8084 -5.0337
    endloop
  endfacet
  facet normal 0 0.977947 -0.208852
    outer loop
      vertex 0.955165 17.7167 -5.35818
      vertex -0.955165 17.7721 -5.09877
      vertex 0.955165 17.7721 -5.09877
    endloop
  endfacet
  facet normal 0 0.977947 -0.208852
    outer loop
      vertex -0.955165 17.7721 -5.09877
      vertex 0.955165 17.7167 -5.35818
      vertex -0.955165 17.7167 -5.35818
    endloop
  endfacet
  facet normal 0 0.999999 0.00145697
    outer loop
      vertex 0.955165 17.7178 -6.11317
      vertex -0.955165 17.7167 -5.35818
      vertex 0.955165 17.7167 -5.35818
    endloop
  endfacet
  facet normal 0 0.999999 0.00145697
    outer loop
      vertex -0.955165 17.7167 -5.35818
      vertex 0.955165 17.7178 -6.11317
      vertex -0.955165 17.7178 -6.11317
    endloop
  endfacet
  facet normal 0 0.992905 -0.118906
    outer loop
      vertex 0.955165 17.6874 -6.36702
      vertex -0.955165 17.7178 -6.11317
      vertex 0.955165 17.7178 -6.11317
    endloop
  endfacet
  facet normal 0 0.992905 -0.118906
    outer loop
      vertex -0.955165 17.7178 -6.11317
      vertex 0.955165 17.6874 -6.36702
      vertex -0.955165 17.6874 -6.36702
    endloop
  endfacet
  facet normal 0 0.886026 -0.463636
    outer loop
      vertex 0.955165 17.5705 -6.59042
      vertex -0.955165 17.6874 -6.36702
      vertex 0.955165 17.6874 -6.36702
    endloop
  endfacet
  facet normal 0 0.886026 -0.463636
    outer loop
      vertex -0.955165 17.6874 -6.36702
      vertex 0.955165 17.5705 -6.59042
      vertex -0.955165 17.5705 -6.59042
    endloop
  endfacet
  facet normal 0 0.678466 -0.734632
    outer loop
      vertex -0.955165 17.3798 -6.76654
      vertex 0.955165 17.5705 -6.59042
      vertex 0.955165 17.3798 -6.76654
    endloop
  endfacet
  facet normal 0 0.678466 -0.734632
    outer loop
      vertex 0.955165 17.5705 -6.59042
      vertex -0.955165 17.3798 -6.76654
      vertex -0.955165 17.5705 -6.59042
    endloop
  endfacet
  facet normal 0 0.405718 -0.913998
    outer loop
      vertex -0.955165 17.1276 -6.87849
      vertex 0.955165 17.3798 -6.76654
      vertex 0.955165 17.1276 -6.87849
    endloop
  endfacet
  facet normal 0 0.405718 -0.913998
    outer loop
      vertex 0.955165 17.3798 -6.76654
      vertex -0.955165 17.1276 -6.87849
      vertex -0.955165 17.3798 -6.76654
    endloop
  endfacet
  facet normal 0 0.314836 -0.949146
    outer loop
      vertex -0.955165 16.7163 -7.01492
      vertex 0.955165 17.1276 -6.87849
      vertex 0.955165 16.7163 -7.01492
    endloop
  endfacet
  facet normal 0 0.314836 -0.949146
    outer loop
      vertex 0.955165 17.1276 -6.87849
      vertex -0.955165 16.7163 -7.01492
      vertex -0.955165 17.1276 -6.87849
    endloop
  endfacet
  facet normal 0 0.363442 -0.931617
    outer loop
      vertex -0.955165 16.4987 -7.09981
      vertex 0.955165 16.7163 -7.01492
      vertex 0.955165 16.4987 -7.09981
    endloop
  endfacet
  facet normal 0 0.363442 -0.931617
    outer loop
      vertex 0.955165 16.7163 -7.01492
      vertex -0.955165 16.4987 -7.09981
      vertex -0.955165 16.7163 -7.01492
    endloop
  endfacet
  facet normal 0 0.657264 -0.753661
    outer loop
      vertex 0.855165 16.3234 -7.25269
      vertex -0.855165 16.3234 -7.25269
      vertex 0.855165 16.4198 -7.16862
    endloop
  endfacet
  facet normal 0 0.657273 -0.753653
    outer loop
      vertex 0.855165 16.4198 -7.16862
      vertex 0.955165 16.4987 -7.09981
      vertex 0.955165 16.4198 -7.16862
    endloop
  endfacet
  facet normal 0 0.657264 -0.753661
    outer loop
      vertex -0.855165 16.4198 -7.16862
      vertex 0.855165 16.4198 -7.16862
      vertex -0.855165 16.3234 -7.25269
    endloop
  endfacet
  facet normal 0 0.657273 -0.753653
    outer loop
      vertex 0.855165 16.4198 -7.16862
      vertex -0.855165 16.4198 -7.16862
      vertex 0.955165 16.4987 -7.09981
    endloop
  endfacet
  facet normal 0 0.657273 -0.753653
    outer loop
      vertex -0.955165 16.4987 -7.09981
      vertex -0.855165 16.4198 -7.16862
      vertex -0.955165 16.4198 -7.16862
    endloop
  endfacet
  facet normal 0 0.657273 -0.753653
    outer loop
      vertex -0.855165 16.4198 -7.16862
      vertex -0.955165 16.4987 -7.09981
      vertex 0.955165 16.4987 -7.09981
    endloop
  endfacet
  facet normal 0 0.853224 -0.521544
    outer loop
      vertex 0.855165 16.2066 -7.44377
      vertex -0.855165 16.3234 -7.25269
      vertex 0.855165 16.3234 -7.25269
    endloop
  endfacet
  facet normal 0 0.853224 -0.521544
    outer loop
      vertex -0.855165 16.3234 -7.25269
      vertex 0.855165 16.2066 -7.44377
      vertex -0.855165 16.2066 -7.44377
    endloop
  endfacet
  facet normal 0 0.97836 -0.20691
    outer loop
      vertex 0.855165 16.1644 -7.64331
      vertex -0.855165 16.2066 -7.44377
      vertex 0.855165 16.2066 -7.44377
    endloop
  endfacet
  facet normal 0 0.97836 -0.20691
    outer loop
      vertex -0.855165 16.2066 -7.44377
      vertex 0.855165 16.1644 -7.64331
      vertex -0.855165 16.1644 -7.64331
    endloop
  endfacet
  facet normal 0 0.993239 -0.116088
    outer loop
      vertex 0.855165 16.1408 -7.84523
      vertex -0.855165 16.1644 -7.64331
      vertex 0.855165 16.1644 -7.64331
    endloop
  endfacet
  facet normal 0 0.993239 -0.116088
    outer loop
      vertex -0.855165 16.1644 -7.64331
      vertex 0.855165 16.1408 -7.84523
      vertex -0.855165 16.1408 -7.84523
    endloop
  endfacet
  facet normal 0 0.943918 -0.33018
    outer loop
      vertex 0.955165 16.0728 -8.03957
      vertex 0.855165 16.1325 -7.8689
      vertex 0.955165 16.1325 -7.8689
    endloop
  endfacet
  facet normal 0 0.943918 -0.33018
    outer loop
      vertex 0.855165 16.1325 -7.8689
      vertex 0.955165 16.0728 -8.03957
      vertex -0.855165 16.1325 -7.8689
    endloop
  endfacet
  facet normal 0 0.943918 -0.33018
    outer loop
      vertex -0.955165 16.0728 -8.03957
      vertex -0.855165 16.1325 -7.8689
      vertex 0.955165 16.0728 -8.03957
    endloop
  endfacet
  facet normal 0 0.943918 -0.33018
    outer loop
      vertex -0.855165 16.1325 -7.8689
      vertex -0.955165 16.0728 -8.03957
      vertex -0.955165 16.1325 -7.8689
    endloop
  endfacet
  facet normal 0 0.943666 -0.330901
    outer loop
      vertex 0.855165 16.1325 -7.8689
      vertex -0.855165 16.1408 -7.84523
      vertex 0.855165 16.1408 -7.84523
    endloop
  endfacet
  facet normal 0 0.943666 -0.330901
    outer loop
      vertex -0.855165 16.1408 -7.84523
      vertex 0.855165 16.1325 -7.8689
      vertex -0.855165 16.1325 -7.8689
    endloop
  endfacet
  facet normal 0 0.859042 -0.511905
    outer loop
      vertex 0.955165 15.9649 -8.22064
      vertex -0.955165 16.0728 -8.03957
      vertex 0.955165 16.0728 -8.03957
    endloop
  endfacet
  facet normal 0 0.859042 -0.511905
    outer loop
      vertex -0.955165 16.0728 -8.03957
      vertex 0.955165 15.9649 -8.22064
      vertex -0.955165 15.9649 -8.22064
    endloop
  endfacet
  facet normal 0 0.750216 -0.661193
    outer loop
      vertex 0.955165 15.822 -8.38278
      vertex -0.955165 15.9649 -8.22064
      vertex 0.955165 15.9649 -8.22064
    endloop
  endfacet
  facet normal 0 0.750216 -0.661193
    outer loop
      vertex -0.955165 15.9649 -8.22064
      vertex 0.955165 15.822 -8.38278
      vertex -0.955165 15.822 -8.38278
    endloop
  endfacet
  facet normal 0 0.621219 -0.783637
    outer loop
      vertex -0.955165 15.6485 -8.52032
      vertex 0.955165 15.822 -8.38278
      vertex 0.955165 15.6485 -8.52032
    endloop
  endfacet
  facet normal 0 0.621219 -0.783637
    outer loop
      vertex 0.955165 15.822 -8.38278
      vertex -0.955165 15.6485 -8.52032
      vertex -0.955165 15.822 -8.38278
    endloop
  endfacet
  facet normal 0 0.47391 -0.880573
    outer loop
      vertex -0.955165 15.4492 -8.62758
      vertex 0.955165 15.6485 -8.52032
      vertex 0.955165 15.4492 -8.62758
    endloop
  endfacet
  facet normal 0 0.47391 -0.880573
    outer loop
      vertex 0.955165 15.6485 -8.52032
      vertex -0.955165 15.4492 -8.62758
      vertex -0.955165 15.6485 -8.52032
    endloop
  endfacet
  facet normal 0 0.307758 -0.951465
    outer loop
      vertex -0.955165 15.2288 -8.69887
      vertex 0.955165 15.4492 -8.62758
      vertex 0.955165 15.2288 -8.69887
    endloop
  endfacet
  facet normal 0 0.307758 -0.951465
    outer loop
      vertex 0.955165 15.4492 -8.62758
      vertex -0.955165 15.2288 -8.69887
      vertex -0.955165 15.4492 -8.62758
    endloop
  endfacet
  facet normal 0 0.124138 -0.992265
    outer loop
      vertex -0.955165 14.9918 -8.72852
      vertex 0.955165 15.2288 -8.69887
      vertex 0.955165 14.9918 -8.72852
    endloop
  endfacet
  facet normal 0 0.124138 -0.992265
    outer loop
      vertex 0.955165 15.2288 -8.69887
      vertex -0.955165 14.9918 -8.72852
      vertex -0.955165 15.2288 -8.69887
    endloop
  endfacet
  facet normal 0 0 -1
    outer loop
      vertex -0.955165 12.9599 -8.72852
      vertex 0.955165 14.9918 -8.72852
      vertex 0.955165 12.9599 -8.72852
    endloop
  endfacet
  facet normal -0 0 -1
    outer loop
      vertex 0.955165 14.9918 -8.72852
      vertex -0.955165 12.9599 -8.72852
      vertex -0.955165 14.9918 -8.72852
    endloop
  endfacet
  facet normal 0 -0.125863 -0.992048
    outer loop
      vertex -0.955165 12.7262 -8.69887
      vertex 0.955165 12.9599 -8.72852
      vertex 0.955165 12.7262 -8.69887
    endloop
  endfacet
  facet normal -0 -0.125863 -0.992048
    outer loop
      vertex 0.955165 12.9599 -8.72852
      vertex -0.955165 12.7262 -8.69887
      vertex -0.955165 12.9599 -8.72852
    endloop
  endfacet
  facet normal 0 -0.692082 0.721819
    outer loop
      vertex -0.955165 23.0423 2.45018
      vertex 0.955165 22.8719 2.2868
      vertex 0.955165 23.0423 2.45018
    endloop
  endfacet
  facet normal 0 -0.692082 0.721819
    outer loop
      vertex 0.955165 22.8719 2.2868
      vertex -0.955165 23.0423 2.45018
      vertex -0.955165 22.8719 2.2868
    endloop
  endfacet
  facet normal 0 -0.888054 0.459739
    outer loop
      vertex -0.955165 23.0423 2.45018
      vertex 0.955165 23.1115 2.58385
      vertex -0.955165 23.1115 2.58385
    endloop
  endfacet
  facet normal 0 -0.888054 0.459739
    outer loop
      vertex 0.955165 23.1115 2.58385
      vertex -0.955165 23.0423 2.45018
      vertex 0.955165 23.0423 2.45018
    endloop
  endfacet
  facet normal 0 -0.956302 0.292379
    outer loop
      vertex -0.955165 23.1115 2.58385
      vertex 0.955165 23.1693 2.7729
      vertex -0.955165 23.1693 2.7729
    endloop
  endfacet
  facet normal 0 -0.956302 0.292379
    outer loop
      vertex 0.955165 23.1693 2.7729
      vertex -0.955165 23.1115 2.58385
      vertex 0.955165 23.1115 2.58385
    endloop
  endfacet
  facet normal 0 -0.99154 0.129801
    outer loop
      vertex -0.955165 23.1693 2.7729
      vertex 0.955165 23.2487 3.37943
      vertex -0.955165 23.2487 3.37943
    endloop
  endfacet
  facet normal 0 -0.99154 0.129801
    outer loop
      vertex 0.955165 23.2487 3.37943
      vertex -0.955165 23.1693 2.7729
      vertex 0.955165 23.1693 2.7729
    endloop
  endfacet
  facet normal 0 -0.999638 0.0268934
    outer loop
      vertex -0.955165 23.2487 3.37943
      vertex 0.955165 23.276 4.39418
      vertex -0.955165 23.276 4.39418
    endloop
  endfacet
  facet normal 0 -0.999638 0.0268934
    outer loop
      vertex 0.955165 23.276 4.39418
      vertex -0.955165 23.2487 3.37943
      vertex 0.955165 23.2487 3.37943
    endloop
  endfacet
  facet normal 0 -0.999635 -0.0270166
    outer loop
      vertex -0.955165 23.276 4.39418
      vertex 0.955165 23.2486 5.408
      vertex -0.955165 23.2486 5.408
    endloop
  endfacet
  facet normal 0 -0.999635 -0.0270166
    outer loop
      vertex 0.955165 23.2486 5.408
      vertex -0.955165 23.276 4.39418
      vertex 0.955165 23.276 4.39418
    endloop
  endfacet
  facet normal 0 -0.991378 -0.131034
    outer loop
      vertex -0.955165 23.2486 5.408
      vertex 0.955165 23.1693 6.00797
      vertex -0.955165 23.1693 6.00797
    endloop
  endfacet
  facet normal 0 -0.991378 -0.131034
    outer loop
      vertex 0.955165 23.1693 6.00797
      vertex -0.955165 23.2486 5.408
      vertex 0.955165 23.2486 5.408
    endloop
  endfacet
  facet normal 0 -0.953072 -0.302745
    outer loop
      vertex -0.955165 23.1693 6.00797
      vertex 0.955165 23.1115 6.18993
      vertex -0.955165 23.1115 6.18993
    endloop
  endfacet
  facet normal 0 -0.953072 -0.302745
    outer loop
      vertex 0.955165 23.1115 6.18993
      vertex -0.955165 23.1693 6.00797
      vertex 0.955165 23.1693 6.00797
    endloop
  endfacet
  facet normal 0 -0.871691 -0.490056
    outer loop
      vertex -0.955165 23.1115 6.18993
      vertex 0.955165 23.0423 6.31302
      vertex -0.955165 23.0423 6.31302
    endloop
  endfacet
  facet normal 0 -0.871691 -0.490056
    outer loop
      vertex 0.955165 23.0423 6.31302
      vertex -0.955165 23.1115 6.18993
      vertex 0.955165 23.1115 6.18993
    endloop
  endfacet
  facet normal 0 -0.703185 -0.711007
    outer loop
      vertex -0.955165 22.9623 6.39214
      vertex 0.955165 23.0423 6.31302
      vertex 0.955165 22.9623 6.39214
    endloop
  endfacet
  facet normal -0 -0.703185 -0.711007
    outer loop
      vertex 0.955165 23.0423 6.31302
      vertex -0.955165 22.9623 6.39214
      vertex -0.955165 23.0423 6.31302
    endloop
  endfacet
  facet normal 0 -0.48385 -0.875151
    outer loop
      vertex -0.955165 22.8719 6.44212
      vertex 0.955165 22.9623 6.39214
      vertex 0.955165 22.8719 6.44212
    endloop
  endfacet
  facet normal -0 -0.48385 -0.875151
    outer loop
      vertex 0.955165 22.9623 6.39214
      vertex -0.955165 22.8719 6.44212
      vertex -0.955165 22.9623 6.39214
    endloop
  endfacet
  facet normal 0 -0.504616 -0.863344
    outer loop
      vertex -0.955165 20.3212 7.93298
      vertex 0.955165 22.8719 6.44212
      vertex 0.955165 20.3212 7.93298
    endloop
  endfacet
  facet normal -0 -0.504616 -0.863344
    outer loop
      vertex 0.955165 22.8719 6.44212
      vertex -0.955165 20.3212 7.93298
      vertex -0.955165 22.8719 6.44212
    endloop
  endfacet
  facet normal 0 -0.00573921 -0.999984
    outer loop
      vertex -0.955165 18.882 7.94124
      vertex 0.955165 20.3212 7.93298
      vertex 0.955165 18.882 7.94124
    endloop
  endfacet
  facet normal -0 -0.00573921 -0.999984
    outer loop
      vertex 0.955165 20.3212 7.93298
      vertex -0.955165 18.882 7.94124
      vertex -0.955165 20.3212 7.93298
    endloop
  endfacet
  facet normal 0 0.992511 -0.122156
    outer loop
      vertex 0.955165 18.7773 7.09056
      vertex -0.955165 18.882 7.94124
      vertex 0.955165 18.882 7.94124
    endloop
  endfacet
  facet normal 0 0.992511 -0.122156
    outer loop
      vertex -0.955165 18.882 7.94124
      vertex 0.955165 18.7773 7.09056
      vertex -0.955165 18.7773 7.09056
    endloop
  endfacet
  facet normal 0 0.996186 -0.0872495
    outer loop
      vertex 0.955165 18.7015 6.2251
      vertex -0.955165 18.7773 7.09056
      vertex 0.955165 18.7773 7.09056
    endloop
  endfacet
  facet normal 0 0.996186 -0.0872495
    outer loop
      vertex -0.955165 18.7773 7.09056
      vertex 0.955165 18.7015 6.2251
      vertex -0.955165 18.7015 6.2251
    endloop
  endfacet
  facet normal 0 0.998607 -0.0527552
    outer loop
      vertex 0.955165 18.6551 5.34679
      vertex -0.955165 18.7015 6.2251
      vertex 0.955165 18.7015 6.2251
    endloop
  endfacet
  facet normal 0 0.998607 -0.0527552
    outer loop
      vertex -0.955165 18.7015 6.2251
      vertex 0.955165 18.6551 5.34679
      vertex -0.955165 18.6551 5.34679
    endloop
  endfacet
  facet normal 0 0.999826 -0.0186644
    outer loop
      vertex 0.955165 18.6385 4.45755
      vertex -0.955165 18.6551 5.34679
      vertex 0.955165 18.6551 5.34679
    endloop
  endfacet
  facet normal 0 0.999826 -0.0186644
    outer loop
      vertex -0.955165 18.6551 5.34679
      vertex 0.955165 18.6385 4.45755
      vertex -0.955165 18.6385 4.45755
    endloop
  endfacet
  facet normal 0 0.99988 0.0154729
    outer loop
      vertex 0.955165 18.6524 3.55931
      vertex -0.955165 18.6385 4.45755
      vertex 0.955165 18.6385 4.45755
    endloop
  endfacet
  facet normal 0 0.99988 0.0154729
    outer loop
      vertex -0.955165 18.6385 4.45755
      vertex 0.955165 18.6524 3.55931
      vertex -0.955165 18.6524 3.55931
    endloop
  endfacet
  facet normal 0 0.998772 0.0495376
    outer loop
      vertex 0.955165 18.6973 2.65404
      vertex -0.955165 18.6524 3.55931
      vertex 0.955165 18.6524 3.55931
    endloop
  endfacet
  facet normal 0 0.998772 0.0495376
    outer loop
      vertex -0.955165 18.6524 3.55931
      vertex 0.955165 18.6973 2.65404
      vertex -0.955165 18.6973 2.65404
    endloop
  endfacet
  facet normal 0 0.996506 0.0835165
    outer loop
      vertex 0.955165 18.7736 1.74364
      vertex -0.955165 18.6973 2.65404
      vertex 0.955165 18.6973 2.65404
    endloop
  endfacet
  facet normal 0 0.996506 0.0835165
    outer loop
      vertex -0.955165 18.6973 2.65404
      vertex 0.955165 18.7736 1.74364
      vertex -0.955165 18.7736 1.74364
    endloop
  endfacet
  facet normal 0 0.993034 0.117826
    outer loop
      vertex 0.955165 18.882 0.830048
      vertex -0.955165 18.7736 1.74364
      vertex 0.955165 18.7736 1.74364
    endloop
  endfacet
  facet normal 0 0.993034 0.117826
    outer loop
      vertex -0.955165 18.7736 1.74364
      vertex 0.955165 18.882 0.830048
      vertex -0.955165 18.882 0.830048
    endloop
  endfacet
  facet normal -0 0.00610675 0.999981
    outer loop
      vertex -0.955165 20.3212 0.821259
      vertex 0.955165 18.882 0.830048
      vertex 0.955165 20.3212 0.821259
    endloop
  endfacet
  facet normal 0 0.00610675 0.999981
    outer loop
      vertex 0.955165 18.882 0.830048
      vertex -0.955165 20.3212 0.821259
      vertex -0.955165 18.882 0.830048
    endloop
  endfacet
  facet normal 0 -0.498187 0.86707
    outer loop
      vertex -0.955165 22.8719 2.2868
      vertex 0.955165 20.3212 0.821259
      vertex 0.955165 22.8719 2.2868
    endloop
  endfacet
  facet normal 0 -0.498187 0.86707
    outer loop
      vertex 0.955165 20.3212 0.821259
      vertex -0.955165 22.8719 2.2868
      vertex -0.955165 20.3212 0.821259
    endloop
  endfacet
  facet normal 0.430713 -0.0282304 0.902047
    outer loop
      vertex 0.221903 2.34053 1.17747
      vertex 0.0684967 0 1.17747
      vertex 0.955093 0 0.754135
    endloop
  endfacet
  facet normal 0.430712 -0.0282306 0.902048
    outer loop
      vertex 0.221903 2.34053 1.17747
      vertex 0.955165 0.00109128 0.754135
      vertex 0.955165 2.24399 0.824329
    endloop
  endfacet
  facet normal 0.430309 -0.0283907 0.902235
    outer loop
      vertex 0.955165 0.00109128 0.754135
      vertex 0.221903 2.34053 1.17747
      vertex 0.955093 0 0.754135
    endloop
  endfacet
  facet normal 0.997859 -0.0654031 0
    outer loop
      vertex 0.0684967 0 1.43051
      vertex 0.221903 2.34053 1.17747
      vertex 0.221903 2.34053 1.43051
    endloop
  endfacet
  facet normal 0.997859 -0.0654031 0
    outer loop
      vertex 0.221903 2.34053 1.17747
      vertex 0.0684967 0 1.43051
      vertex 0.0684967 0 1.17747
    endloop
  endfacet
  facet normal 0.901188 -0.0619362 -0.428981
    outer loop
      vertex 0.0684967 0 1.43051
      vertex 0.955165 0.000160053 3.29317
      vertex 0.955154 0 3.29317
    endloop
  endfacet
  facet normal 0.901344 -0.059077 -0.429055
    outer loop
      vertex 0.955165 0.000160053 3.29317
      vertex 0.0684967 0 1.43051
      vertex 0.955165 1.9106 3.03012
    endloop
  endfacet
  facet normal 0.901343 -0.0590839 -0.429056
    outer loop
      vertex 0.955165 1.9106 3.03012
      vertex 0.221903 2.34053 1.43051
      vertex 0.955165 2.24399 2.98421
    endloop
  endfacet
  facet normal 0.901344 -0.0590772 -0.429055
    outer loop
      vertex 0.221903 2.34053 1.43051
      vertex 0.955165 1.9106 3.03012
      vertex 0.0684967 0 1.43051
    endloop
  endfacet
  facet normal 0.997831 -0.0658344 4.86716e-05
    outer loop
      vertex 0.955124 0 3.92871
      vertex 0.955165 0.00109128 4.56425
      vertex 0.955093 0 4.56425
    endloop
  endfacet
  facet normal 0.99786 -0.0653898 4.79062e-05
    outer loop
      vertex 0.955165 0.00109128 4.56425
      vertex 0.955124 0 3.92871
      vertex 0.955165 0.000160121 3.29326
    endloop
  endfacet
  facet normal 0.997657 -0.0684193 4.71297e-05
    outer loop
      vertex 0.955154 0 3.29366
      vertex 0.955165 0.000160121 3.29326
      vertex 0.955124 0 3.92871
    endloop
  endfacet
  facet normal 0.997649 -0.0685365 0
    outer loop
      vertex 0.955165 0.000160121 3.29326
      vertex 0.955154 0 3.29366
      vertex 0.955154 0 3.29317
    endloop
  endfacet
  facet normal 0.997647 -0.0685655 5.1805e-05
    outer loop
      vertex 0.955165 0.000160121 3.29326
      vertex 0.955154 0 3.29317
      vertex 0.955165 0.000160053 3.29317
    endloop
  endfacet
  facet normal 0.469402 -0.0307663 0.882448
    outer loop
      vertex 0.15428 2.34943 5.07214
      vertex 0.000289917 0 5.07214
      vertex 0.955093 0 4.56425
    endloop
  endfacet
  facet normal 0.4694 -0.0307671 0.882449
    outer loop
      vertex 0.15428 2.34943 5.07214
      vertex 0.955165 0.00109128 4.56425
      vertex 0.955165 2.24399 4.64245
    endloop
  endfacet
  facet normal 0.469009 -0.0309441 0.882651
    outer loop
      vertex 0.955165 0.00109128 4.56425
      vertex 0.15428 2.34943 5.07214
      vertex 0.955093 0 4.56425
    endloop
  endfacet
  facet normal 0.997859 -0.0654033 2.80498e-06
    outer loop
      vertex 0.000356925 0.00102234 8.71219
      vertex 0.15428 2.34943 8.71233
      vertex 0.00035696 0.00102288 8.71233
    endloop
  endfacet
  facet normal 0.997859 -0.0654033 0
    outer loop
      vertex 0.15428 2.34943 8.71233
      vertex 0.000356925 0.00102234 8.71219
      vertex 0.15428 2.34943 5.07214
    endloop
  endfacet
  facet normal 0.997859 -0.0654034 0
    outer loop
      vertex 0.000289917 0 5.07214
      vertex 0.000356925 0.00102234 8.71219
      vertex 0.000289917 0 8.71219
    endloop
  endfacet
  facet normal 0.997859 -0.0654033 -4.48038e-11
    outer loop
      vertex 0.000356925 0.00102234 8.71219
      vertex 0.000289917 0 5.07214
      vertex 0.15428 2.34943 5.07214
    endloop
  endfacet
  facet normal 0.997831 -0.0658344 0
    outer loop
      vertex 0.955093 0 0.753647
      vertex 0.955165 0.00109128 0.754135
      vertex 0.955093 0 0.754135
    endloop
  endfacet
  facet normal 0.997831 -0.0658344 0
    outer loop
      vertex 0.955093 0 0.482224
      vertex 0.955165 0.00109128 0.754135
      vertex 0.955093 0 0.753647
    endloop
  endfacet
  facet normal 0.997831 -0.0658344 0
    outer loop
      vertex 0.955165 0.00109128 0.754135
      vertex 0.955093 0 0.482224
      vertex 0.955165 0.00109128 0.174542
    endloop
  endfacet
  facet normal 0.423341 -0.084208 0.902048
    outer loop
      vertex 0.221903 2.34053 1.17747
      vertex 0.955165 3.06046 0.900549
      vertex 0.679498 4.64101 1.17747
    endloop
  endfacet
  facet normal 0.423342 -0.084209 0.902048
    outer loop
      vertex 0.955165 3.06046 0.900549
      vertex 0.221903 2.34053 1.17747
      vertex 0.955165 2.24399 0.824329
    endloop
  endfacet
  facet normal 0.423313 -0.0842125 0.902061
    outer loop
      vertex 0.855165 4.59394 1.09064
      vertex 0.679498 4.64101 1.17747
      vertex 0.855165 4.48061 1.08006
    endloop
  endfacet
  facet normal 0.423407 -0.0842034 0.902018
    outer loop
      vertex 0.855165 4.48061 1.08006
      vertex 0.955165 3.06046 0.900549
      vertex 0.955165 4.48061 1.03312
    endloop
  endfacet
  facet normal 0.42331 -0.0842158 0.902062
    outer loop
      vertex 0.955165 3.06046 0.900549
      vertex 0.855165 4.48061 1.08006
      vertex 0.679498 4.64101 1.17747
    endloop
  endfacet
  facet normal 0.980785 -0.195091 0
    outer loop
      vertex 0.221903 2.34053 1.43051
      vertex 0.679498 4.64101 1.17747
      vertex 0.679498 4.64101 1.43051
    endloop
  endfacet
  facet normal 0.980785 -0.195091 0
    outer loop
      vertex 0.679498 4.64101 1.17747
      vertex 0.221903 2.34053 1.43051
      vertex 0.221903 2.34053 1.17747
    endloop
  endfacet
  facet normal 0.885921 -0.176221 -0.429056
    outer loop
      vertex 0.955165 2.24399 2.98421
      vertex 0.221903 2.34053 1.43051
      vertex 0.955165 3.49619 2.46991
    endloop
  endfacet
  facet normal 0.885921 -0.176218 -0.429059
    outer loop
      vertex 0.955165 4.48061 2.0656
      vertex 0.955165 3.49619 2.46991
      vertex 0.855165 4.48061 1.85912
    endloop
  endfacet
  facet normal 0.885923 -0.176231 -0.429049
    outer loop
      vertex 0.855165 4.48061 1.85912
      vertex 0.679498 4.64101 1.43051
      vertex 0.855165 4.59394 1.81257
    endloop
  endfacet
  facet normal 0.885921 -0.176218 -0.429059
    outer loop
      vertex 0.221903 2.34053 1.43051
      vertex 0.855165 4.48061 1.85912
      vertex 0.955165 3.49619 2.46991
    endloop
  endfacet
  facet normal 0.885926 -0.176222 -0.429047
    outer loop
      vertex 0.855165 4.48061 1.85912
      vertex 0.221903 2.34053 1.43051
      vertex 0.679498 4.64101 1.43051
    endloop
  endfacet
  facet normal 0.461368 -0.0917716 0.88245
    outer loop
      vertex 0.15428 2.34943 5.07214
      vertex 0.955165 2.95276 4.71616
      vertex 0.613615 4.65867 5.07214
    endloop
  endfacet
  facet normal 0.461369 -0.0917721 0.882449
    outer loop
      vertex 0.955165 2.95276 4.71616
      vertex 0.15428 2.34943 5.07214
      vertex 0.955165 2.24399 4.64245
    endloop
  endfacet
  facet normal 0.461379 -0.0917255 0.882449
    outer loop
      vertex 0.855165 4.59394 4.93912
      vertex 0.613615 4.65867 5.07214
      vertex 0.855165 4.48061 4.92734
    endloop
  endfacet
  facet normal 0.461419 -0.0917683 0.882423
    outer loop
      vertex 0.855165 4.48061 4.92734
      vertex 0.955165 2.95276 4.71616
      vertex 0.955165 4.48061 4.87505
    endloop
  endfacet
  facet normal 0.461346 -0.0917782 0.88246
    outer loop
      vertex 0.955165 2.95276 4.71616
      vertex 0.855165 4.48061 4.92734
      vertex 0.613615 4.65867 5.07214
    endloop
  endfacet
  facet normal 0.980785 -0.19509 0
    outer loop
      vertex 0.15428 2.34943 8.71233
      vertex 0.613615 4.65867 5.07214
      vertex 0.613615 4.65867 8.71233
    endloop
  endfacet
  facet normal 0.980785 -0.19509 0
    outer loop
      vertex 0.613615 4.65867 5.07214
      vertex 0.15428 2.34943 8.71233
      vertex 0.15428 2.34943 5.07214
    endloop
  endfacet
  facet normal 0.40872 -0.138744 0.902052
    outer loop
      vertex 0.955165 5.4531 1.17747
      vertex 0.855165 4.7679 1.11739
      vertex 0.955165 4.7679 1.07208
    endloop
  endfacet
  facet normal 0.40871 -0.138711 0.902062
    outer loop
      vertex 0.855165 4.7679 1.11739
      vertex 0.679498 4.64101 1.17747
      vertex 0.855165 4.59394 1.09064
    endloop
  endfacet
  facet normal 0.40873 -0.138745 0.902048
    outer loop
      vertex 0.679498 4.64101 1.17747
      vertex 0.855165 4.7679 1.11739
      vertex 0.955165 5.4531 1.17747
    endloop
  endfacet
  facet normal 0.94693 -0.321439 0
    outer loop
      vertex 0.679498 4.64101 1.43051
      vertex 0.955165 5.4531 1.17747
      vertex 0.955165 5.4531 1.43051
    endloop
  endfacet
  facet normal 0.94693 -0.321439 0
    outer loop
      vertex 0.955165 5.4531 1.17747
      vertex 0.679498 4.64101 1.43051
      vertex 0.679498 4.64101 1.17747
    endloop
  endfacet
  facet normal 0.855339 -0.290343 -0.429064
    outer loop
      vertex 0.855165 4.7679 1.69485
      vertex 0.955165 4.97077 1.75692
      vertex 0.955165 4.7679 1.8942
    endloop
  endfacet
  facet normal 0.855346 -0.290353 -0.429043
    outer loop
      vertex 0.855165 4.7679 1.69485
      vertex 0.679498 4.64101 1.43051
      vertex 0.955165 4.97077 1.75692
    endloop
  endfacet
  facet normal 0.855347 -0.290341 -0.429049
    outer loop
      vertex 0.679498 4.64101 1.43051
      vertex 0.855165 4.7679 1.69485
      vertex 0.855165 4.59394 1.81257
    endloop
  endfacet
  facet normal 0.855346 -0.29035 -0.429045
    outer loop
      vertex 0.955165 4.97077 1.75692
      vertex 0.679498 4.64101 1.43051
      vertex 0.955165 5.4531 1.43051
    endloop
  endfacet
  facet normal 0.445457 -0.151206 0.882443
    outer loop
      vertex 0.955165 5.66484 5.07214
      vertex 0.855165 4.7679 4.96893
      vertex 0.955165 4.7679 4.91845
    endloop
  endfacet
  facet normal 0.445437 -0.151218 0.882451
    outer loop
      vertex 0.855165 4.7679 4.96893
      vertex 0.613615 4.65867 5.07214
      vertex 0.855165 4.59394 4.93912
    endloop
  endfacet
  facet normal 0.445433 -0.151205 0.882455
    outer loop
      vertex 0.613615 4.65867 5.07214
      vertex 0.855165 4.7679 4.96893
      vertex 0.955165 5.66484 5.07214
    endloop
  endfacet
  facet normal 0.94693 -0.321441 0
    outer loop
      vertex 0.613615 4.65867 8.71233
      vertex 0.955165 5.66484 5.07214
      vertex 0.955165 5.66484 8.71233
    endloop
  endfacet
  facet normal 0.94693 -0.321441 0
    outer loop
      vertex 0.955165 5.66484 5.07214
      vertex 0.613615 4.65867 8.71233
      vertex 0.613615 4.65867 5.07214
    endloop
  endfacet
  facet normal 1 0 4.72404e-05
    outer loop
      vertex 0.955154 0 3.29366
      vertex 0.955124 0 3.92871
      vertex 0.955154 -3.57723e-07 3.29366
    endloop
  endfacet
  facet normal 0 0 -1
    outer loop
      vertex 0.15428 2.34943 8.71233
      vertex 0.955165 4.48061 8.71233
      vertex 0.955165 0.00102288 8.71233
    endloop
  endfacet
  facet normal 0 0 -1
    outer loop
      vertex 0.855165 4.48061 8.71233
      vertex 0.613615 4.65867 8.71233
      vertex 0.855165 4.7679 8.71233
    endloop
  endfacet
  facet normal -0 0 -1
    outer loop
      vertex 0.955165 4.48061 8.71233
      vertex 0.15428 2.34943 8.71233
      vertex 0.855165 4.48061 8.71233
    endloop
  endfacet
  facet normal -0 0 -1
    outer loop
      vertex 0.855165 4.48061 8.71233
      vertex 0.15428 2.34943 8.71233
      vertex 0.613615 4.65867 8.71233
    endloop
  endfacet
  facet normal 0 -0 -1
    outer loop
      vertex 0.15428 2.34943 8.71233
      vertex 0.955165 0.00102288 8.71233
      vertex 0.00035696 0.00102288 8.71233
    endloop
  endfacet
  facet normal 0 0 -1
    outer loop
      vertex 0.855165 4.7679 8.71233
      vertex 0.955165 5.66484 8.71233
      vertex 0.955165 4.7679 8.71233
    endloop
  endfacet
  facet normal 0 0 -1
    outer loop
      vertex 0.955165 5.66484 8.71233
      vertex 0.855165 4.7679 8.71233
      vertex 0.613615 4.65867 8.71233
    endloop
  endfacet
  facet normal -1 0 0.000208073
    outer loop
      vertex -0.955052 0 0.482224
      vertex -0.955052 -1.70396e-07 0.482224
      vertex -0.955031 0 0.58315
    endloop
  endfacet
  facet normal -1 0 7.48797e-05
    outer loop
      vertex -0.954834 0 4.22499
      vertex -0.954498 -1.7055e-11 8.71219
      vertex -0.954498 0 8.71219
    endloop
  endfacet
  facet normal -1 0 7.48797e-05
    outer loop
      vertex -0.954498 -1.7055e-11 8.71219
      vertex -0.954834 0 4.22499
      vertex -0.954834 -5.57248e-07 4.22499
    endloop
  endfacet
  facet normal 0 0 -1
    outer loop
      vertex -0.954565 0.00102288 8.71233
      vertex -0.955165 0.00102288 8.71233
      vertex -0.955165 0.0101706 8.71233
    endloop
  endfacet
  facet normal -0.857315 -0.291021 0.424639
    outer loop
      vertex -0.955165 5.66664 3.54819
      vertex -0.955165 5.04785 3.12411
      vertex -0.613054 4.65882 3.54819
    endloop
  endfacet
  facet normal -0.857316 -0.29101 0.424645
    outer loop
      vertex -0.855165 4.7679 3.13415
      vertex -0.955165 5.04785 3.12411
      vertex -0.955165 4.7679 2.93226
    endloop
  endfacet
  facet normal -0.857314 -0.291009 0.424649
    outer loop
      vertex -0.855165 4.7679 3.13415
      vertex -0.613054 4.65882 3.54819
      vertex -0.955165 5.04785 3.12411
    endloop
  endfacet
  facet normal -0.857312 -0.291022 0.424645
    outer loop
      vertex -0.613054 4.65882 3.54819
      vertex -0.855165 4.7679 3.13415
      vertex -0.855165 4.59394 3.01493
    endloop
  endfacet
  facet normal -0.946929 -0.321441 0
    outer loop
      vertex -0.613054 4.65882 3.54819
      vertex -0.955165 5.66664 3.80116
      vertex -0.955165 5.66664 3.54819
    endloop
  endfacet
  facet normal -0.946929 -0.321441 0
    outer loop
      vertex -0.955165 5.66664 3.80116
      vertex -0.613054 4.65882 3.54819
      vertex -0.613054 4.65882 3.80116
    endloop
  endfacet
  facet normal -0.384399 -0.130497 -0.913897
    outer loop
      vertex -0.855165 4.7679 3.88742
      vertex -0.613054 4.65882 3.80116
      vertex -0.855165 4.59394 3.91226
    endloop
  endfacet
  facet normal -0.384396 -0.130486 -0.9139
    outer loop
      vertex -0.855165 4.7679 3.88742
      vertex -0.955165 5.66664 3.80116
      vertex -0.613054 4.65882 3.80116
    endloop
  endfacet
  facet normal -0.384388 -0.130485 -0.913904
    outer loop
      vertex -0.955165 5.66664 3.80116
      vertex -0.855165 4.7679 3.88742
      vertex -0.955165 4.7679 3.92948
    endloop
  endfacet
  facet normal -0.887957 -0.176634 0.424657
    outer loop
      vertex -0.955165 4.48061 2.75869
      vertex -0.955165 3.54544 2.36971
      vertex -0.855165 4.48061 2.96779
    endloop
  endfacet
  facet normal -0.887963 -0.176632 0.424644
    outer loop
      vertex -0.855165 4.48061 2.96779
      vertex -0.613054 4.65882 3.54819
      vertex -0.855165 4.59394 3.01493
    endloop
  endfacet
  facet normal -0.887964 -0.176626 0.424645
    outer loop
      vertex -0.153705 2.34951 3.54819
      vertex -0.855165 4.48061 2.96779
      vertex -0.955165 3.54544 2.36971
    endloop
  endfacet
  facet normal -0.887965 -0.176627 0.424643
    outer loop
      vertex -0.855165 4.48061 2.96779
      vertex -0.153705 2.34951 3.54819
      vertex -0.613054 4.65882 3.54819
    endloop
  endfacet
  facet normal -0.887964 -0.176625 0.424645
    outer loop
      vertex -0.955165 3.54544 2.36971
      vertex -0.955165 2.24399 1.82839
      vertex -0.153705 2.34951 3.54819
    endloop
  endfacet
  facet normal -0.980785 -0.19509 0
    outer loop
      vertex -0.153705 2.34951 3.54819
      vertex -0.613054 4.65882 3.80116
      vertex -0.613054 4.65882 3.54819
    endloop
  endfacet
  facet normal -0.980785 -0.19509 0
    outer loop
      vertex -0.613054 4.65882 3.80116
      vertex -0.153705 2.34951 3.54819
      vertex -0.153705 2.34951 3.80116
    endloop
  endfacet
  facet normal -0.398143 -0.0791968 -0.913898
    outer loop
      vertex -0.955165 2.9511 4.09819
      vertex -0.855165 4.48061 3.92208
      vertex -0.613054 4.65882 3.80116
    endloop
  endfacet
  facet normal -0.398179 -0.0791927 -0.913883
    outer loop
      vertex -0.855165 4.48061 3.92208
      vertex -0.955165 2.9511 4.09819
      vertex -0.955165 4.48061 3.96565
    endloop
  endfacet
  facet normal -0.398149 -0.0791888 -0.913897
    outer loop
      vertex -0.613054 4.65882 3.80116
      vertex -0.855165 4.48061 3.92208
      vertex -0.855165 4.59394 3.91226
    endloop
  endfacet
  facet normal -0.398141 -0.079188 -0.9139
    outer loop
      vertex -0.955165 2.9511 4.09819
      vertex -0.153705 2.34951 3.80116
      vertex -0.955165 2.24399 4.15946
    endloop
  endfacet
  facet normal -0.398146 -0.079196 -0.913897
    outer loop
      vertex -0.153705 2.34951 3.80116
      vertex -0.955165 2.9511 4.09819
      vertex -0.613054 4.65882 3.80116
    endloop
  endfacet
  facet normal -0.997858 -0.0654178 0.00021113
    outer loop
      vertex -0.955165 0.00504895 1.51619
      vertex -0.955165 0.00503788 1.51276
      vertex -0.954834 0 1.51619
    endloop
  endfacet
  facet normal -0.997836 -0.065748 0.000212001
    outer loop
      vertex -0.955052 0 0.482224
      vertex -0.955165 0.00503788 1.51276
      vertex -0.955165 0.000898299 0.228951
    endloop
  endfacet
  facet normal -0.997895 -0.0648562 0.000207635
    outer loop
      vertex -0.955031 0 0.58315
      vertex -0.955165 0.00503788 1.51276
      vertex -0.955052 0 0.482224
    endloop
  endfacet
  facet normal -0.997858 -0.0654181 0.000210686
    outer loop
      vertex -0.955165 0.00503788 1.51276
      vertex -0.955031 0 0.58315
      vertex -0.954834 0 1.51619
    endloop
  endfacet
  facet normal -0.903421 -0.0592146 0.424645
    outer loop
      vertex -0.955165 1.93082 1.78472
      vertex -0.153705 2.34951 3.54819
      vertex -0.955165 2.24399 1.82839
    endloop
  endfacet
  facet normal -0.903422 -0.0592133 0.424645
    outer loop
      vertex -0.153705 2.34951 3.54819
      vertex -0.955165 1.93082 1.78472
      vertex 0.000289917 0 3.54819
    endloop
  endfacet
  facet normal -0.903421 -0.0592266 0.424645
    outer loop
      vertex 0.000289917 0 3.54819
      vertex -0.955165 0.00504895 1.51619
      vertex -0.954834 0 1.51619
    endloop
  endfacet
  facet normal -0.903421 -0.0592127 0.424645
    outer loop
      vertex -0.955165 0.00504895 1.51619
      vertex 0.000289917 0 3.54819
      vertex -0.955165 1.93082 1.78472
    endloop
  endfacet
  facet normal -0.997859 -0.0654031 0
    outer loop
      vertex 0.000289917 0 3.54819
      vertex -0.153705 2.34951 3.80116
      vertex -0.153705 2.34951 3.54819
    endloop
  endfacet
  facet normal -0.997859 -0.0654031 0
    outer loop
      vertex -0.153705 2.34951 3.80116
      vertex 0.000289917 0 3.54819
      vertex 0.000289917 0 3.80116
    endloop
  endfacet
  facet normal -0.405056 -0.0265548 -0.913906
    outer loop
      vertex -0.955165 0.00504895 4.2245
      vertex -0.153705 2.34951 3.80116
      vertex -0.954834 0 4.2245
    endloop
  endfacet
  facet normal -0.405072 -0.0265483 -0.913899
    outer loop
      vertex -0.153705 2.34951 3.80116
      vertex -0.955165 0.00504895 4.2245
      vertex -0.955165 2.24399 4.15946
    endloop
  endfacet
  facet normal -0.405069 -0.0265496 -0.913901
    outer loop
      vertex 0.000289917 0 3.80116
      vertex -0.954834 0 4.2245
      vertex -0.153705 2.34951 3.80116
    endloop
  endfacet
  facet normal -0.997856 -0.0654468 7.44949e-05
    outer loop
      vertex -0.954565 0.00102234 8.71219
      vertex -0.955165 0.0101706 8.71233
      vertex -0.955165 0.0101473 8.69186
    endloop
  endfacet
  facet normal -0.997856 -0.0654495 0.000252448
    outer loop
      vertex -0.955165 0.0101706 8.71233
      vertex -0.954565 0.00102234 8.71219
      vertex -0.954565 0.00102288 8.71233
    endloop
  endfacet
  facet normal -0.997896 -0.0648355 0.000350051
    outer loop
      vertex -0.954565 0.00102234 8.71219
      vertex -0.955165 0.0101473 8.69186
      vertex -0.954503 6.80853e-05 8.71219
    endloop
  endfacet
  facet normal -0.997858 -0.0654105 7.46494e-05
    outer loop
      vertex -0.954834 0 4.22499
      vertex -0.955165 0.0101473 8.69186
      vertex -0.955165 0.00504895 4.2245
    endloop
  endfacet
  facet normal -0.997858 -0.0654178 -0
    outer loop
      vertex -0.954834 0 4.22499
      vertex -0.955165 0.00504895 4.2245
      vertex -0.954834 0 4.2245
    endloop
  endfacet
  facet normal -0.997856 -0.0654412 7.47191e-05
    outer loop
      vertex -0.954498 0 8.71219
      vertex -0.955165 0.0101473 8.69186
      vertex -0.954834 0 4.22499
    endloop
  endfacet
  facet normal -0.997307 -0.0732395 -0.00383569
    outer loop
      vertex -0.955165 0.0101473 8.69186
      vertex -0.954498 0 8.71219
      vertex -0.954503 6.80853e-05 8.71219
    endloop
  endfacet
  facet normal 1 0 0
    outer loop
      vertex 0.855165 11.7977 16.4305
      vertex 0.855165 11.8858 16.8165
      vertex 0.855165 11.8212 16.6323
    endloop
  endfacet
  facet normal 1 0 0
    outer loop
      vertex 0.855165 11.8858 16.8165
      vertex 0.855165 11.7977 16.4305
      vertex 0.855165 11.8858 -8.03162
    endloop
  endfacet
  facet normal 1 -0 0
    outer loop
      vertex 0.855165 11.7972 -7.64331
      vertex 0.855165 11.8858 -8.03162
      vertex 0.855165 11.7977 16.4305
    endloop
  endfacet
  facet normal 1 0 0
    outer loop
      vertex 0.855165 11.8858 -8.03162
      vertex 0.855165 11.7972 -7.64331
      vertex 0.855165 11.8207 -7.84523
    endloop
  endfacet
  facet normal 1 -0 0
    outer loop
      vertex 0.855165 11.7546 16.2301
      vertex 0.855165 11.7972 -7.64331
      vertex 0.855165 11.7977 16.4305
    endloop
  endfacet
  facet normal 1 0 0
    outer loop
      vertex 0.855165 11.7546 16.2301
      vertex 0.855165 11.7541 -7.44379
      vertex 0.855165 11.7972 -7.64331
    endloop
  endfacet
  facet normal 1 -0 0
    outer loop
      vertex 0.855165 11.632 16.0327
      vertex 0.855165 11.7541 -7.44379
      vertex 0.855165 11.7546 16.2301
    endloop
  endfacet
  facet normal 1 0 0
    outer loop
      vertex 0.855165 11.632 16.0327
      vertex 0.855165 11.6314 -7.25269
      vertex 0.855165 11.7541 -7.44379
    endloop
  endfacet
  facet normal 1 -0 0
    outer loop
      vertex 0.855165 11.5985 16.0029
      vertex 0.855165 11.6314 -7.25269
      vertex 0.855165 11.632 16.0327
    endloop
  endfacet
  facet normal 1 0 0
    outer loop
      vertex 0.855165 11.6314 -7.25269
      vertex 0.855165 11.5985 16.0029
      vertex 0.855165 11.5985 -7.22635
    endloop
  endfacet
  facet normal 1 -0 0
    outer loop
      vertex 0.855165 8.49196 12.5243
      vertex 0.855165 8.77377 -4.18541
      vertex 0.855165 8.77377 12.9573
    endloop
  endfacet
  facet normal 1 0 0
    outer loop
      vertex 0.855165 8.49196 12.5243
      vertex 0.855165 8.77377 12.9573
      vertex 0.855165 8.75085 12.9356
    endloop
  endfacet
  facet normal 1 -0 0
    outer loop
      vertex 0.855165 8.48648 -3.78829
      vertex 0.855165 8.77377 -4.18541
      vertex 0.855165 8.49196 12.5243
    endloop
  endfacet
  facet normal 1 -0 -0
    outer loop
      vertex 0.855165 8.49196 -3.79652
      vertex 0.855165 8.77377 -4.18541
      vertex 0.855165 8.48648 -3.78829
    endloop
  endfacet
  facet normal 1 0 0
    outer loop
      vertex 0.855165 8.48648 -3.78829
      vertex 0.855165 8.49196 12.5243
      vertex 0.855165 8.48648 12.5177
    endloop
  endfacet
  facet normal 1 0 0
    outer loop
      vertex 0.855165 8.77377 -4.18541
      vertex 0.855165 8.49196 -3.79652
      vertex 0.855165 8.75137 -4.16548
    endloop
  endfacet
  facet normal 1 0 0
    outer loop
      vertex 0.855165 16.3234 -7.25269
      vertex 0.855165 16.4198 15.9393
      vertex 0.855165 16.3237 16.0327
    endloop
  endfacet
  facet normal 1 0 0
    outer loop
      vertex 0.855165 16.4198 15.9393
      vertex 0.855165 16.3234 -7.25269
      vertex 0.855165 16.4198 -7.16862
    endloop
  endfacet
  facet normal 1 0 0
    outer loop
      vertex 0.855165 16.2066 -7.44377
      vertex 0.855165 16.3237 16.0327
      vertex 0.855165 16.2067 16.2301
    endloop
  endfacet
  facet normal 1 0 0
    outer loop
      vertex 0.855165 16.3237 16.0327
      vertex 0.855165 16.2066 -7.44377
      vertex 0.855165 16.3234 -7.25269
    endloop
  endfacet
  facet normal 1 0 0
    outer loop
      vertex 0.855165 16.2067 16.2301
      vertex 0.855165 16.1644 -7.64331
      vertex 0.855165 16.2066 -7.44377
    endloop
  endfacet
  facet normal 1 0 0
    outer loop
      vertex 0.855165 16.1643 16.4305
      vertex 0.855165 16.1644 -7.64331
      vertex 0.855165 16.2067 16.2301
    endloop
  endfacet
  facet normal 1 0 0
    outer loop
      vertex 0.855165 16.1325 16.6559
      vertex 0.855165 16.1643 16.4305
      vertex 0.855165 16.1408 16.6323
    endloop
  endfacet
  facet normal 1 0 0
    outer loop
      vertex 0.855165 16.1643 16.4305
      vertex 0.855165 16.1325 16.6559
      vertex 0.855165 16.1644 -7.64331
    endloop
  endfacet
  facet normal 1 0 0
    outer loop
      vertex 0.855165 16.1325 -7.8689
      vertex 0.855165 16.1644 -7.64331
      vertex 0.855165 16.1325 16.6559
    endloop
  endfacet
  facet normal 1 0 0
    outer loop
      vertex 0.855165 16.1644 -7.64331
      vertex 0.855165 16.1325 -7.8689
      vertex 0.855165 16.1408 -7.84523
    endloop
  endfacet
  facet normal 1 0 0
    outer loop
      vertex 0.855165 18.0805 -4.69952
      vertex 0.855165 18.0957 13.4743
      vertex 0.855165 18.0815 13.4816
    endloop
  endfacet
  facet normal 1 0 0
    outer loop
      vertex 0.855165 18.0957 13.4743
      vertex 0.855165 18.0805 -4.69952
      vertex 0.855165 18.0957 -4.69247
    endloop
  endfacet
  facet normal 1 0 0
    outer loop
      vertex 0.855165 17.8991 13.6585
      vertex 0.855165 18.0805 -4.69952
      vertex 0.855165 18.0815 13.4816
    endloop
  endfacet
  facet normal 1 0 0
    outer loop
      vertex 0.855165 17.8991 13.6585
      vertex 0.855165 17.8976 -4.8736
      vertex 0.855165 18.0805 -4.69952
    endloop
  endfacet
  facet normal 1 0 0
    outer loop
      vertex 0.855165 17.8084 13.819
      vertex 0.855165 17.8976 -4.8736
      vertex 0.855165 17.8991 13.6585
    endloop
  endfacet
  facet normal 1 0 0
    outer loop
      vertex 0.855165 17.8976 -4.8736
      vertex 0.855165 17.8084 13.819
      vertex 0.855165 17.8084 -5.0337
    endloop
  endfacet
  facet normal 1 -0 0
    outer loop
      vertex 0.855165 10.1665 13.879
      vertex 0.855165 10.1921 -5.3587
      vertex 0.855165 10.1921 14.1288
    endloop
  endfacet
  facet normal 1 0 0
    outer loop
      vertex 0.855165 10.1665 13.879
      vertex 0.855165 10.1665 -5.09932
      vertex 0.855165 10.1921 -5.3587
    endloop
  endfacet
  facet normal 1 -0 0
    outer loop
      vertex 0.855165 10.051 13.657
      vertex 0.855165 10.1665 -5.09932
      vertex 0.855165 10.1665 13.879
    endloop
  endfacet
  facet normal 1 0 0
    outer loop
      vertex 0.855165 10.051 13.657
      vertex 0.855165 10.051 -4.87415
      vertex 0.855165 10.1665 -5.09932
    endloop
  endfacet
  facet normal 1 -0 0
    outer loop
      vertex 0.855165 10.0425 13.6492
      vertex 0.855165 10.051 -4.87415
      vertex 0.855165 10.051 13.657
    endloop
  endfacet
  facet normal 1 0 0
    outer loop
      vertex 0.855165 10.051 -4.87415
      vertex 0.855165 10.0425 13.6492
      vertex 0.855165 10.0425 -4.86644
    endloop
  endfacet
  facet normal 1 0 0
    outer loop
      vertex 0.855165 10.3298 15.2874
      vertex 0.855165 10.1911 14.8838
      vertex 0.855165 10.1921 14.1288
    endloop
  endfacet
  facet normal 1 -0 0
    outer loop
      vertex 0.855165 10.1921 -5.3587
      vertex 0.855165 10.3298 -6.50133
      vertex 0.855165 10.3298 15.2874
    endloop
  endfacet
  facet normal 1 0 0
    outer loop
      vertex 0.855165 10.1911 14.8838
      vertex 0.855165 10.3298 15.2874
      vertex 0.855165 10.2512 15.147
    endloop
  endfacet
  facet normal 1 0 0
    outer loop
      vertex 0.855165 10.1921 -5.3587
      vertex 0.855165 10.3298 15.2874
      vertex 0.855165 10.1921 14.1288
    endloop
  endfacet
  facet normal 1 -0 0
    outer loop
      vertex 0.855165 10.1921 -6.11369
      vertex 0.855165 10.3298 -6.50133
      vertex 0.855165 10.1921 -5.3587
    endloop
  endfacet
  facet normal 1 0 0
    outer loop
      vertex 0.855165 10.3298 -6.50133
      vertex 0.855165 10.1921 -6.11369
      vertex 0.855165 10.2529 -6.36649
    endloop
  endfacet
  facet normal 1 0 0
    outer loop
      vertex 0.855165 4.7679 1.11739
      vertex 0.855165 4.69998 -2.25986
      vertex 0.855165 4.7679 -2.38673
    endloop
  endfacet
  facet normal 1 0 0
    outer loop
      vertex 0.855165 4.7679 1.11739
      vertex 0.855165 4.60138 -2.14255
      vertex 0.855165 4.69998 -2.25986
    endloop
  endfacet
  facet normal 1 0 0
    outer loop
      vertex 0.855165 4.48061 -2.04848
      vertex 0.855165 4.7679 1.11739
      vertex 0.855165 4.59394 1.09064
    endloop
  endfacet
  facet normal 1 0 0
    outer loop
      vertex 0.855165 4.48061 -2.04848
      vertex 0.855165 4.59394 1.09064
      vertex 0.855165 4.48061 1.08006
    endloop
  endfacet
  facet normal 1 0 0
    outer loop
      vertex 0.855165 4.7679 1.11739
      vertex 0.855165 4.48061 -2.04848
      vertex 0.855165 4.60138 -2.14255
    endloop
  endfacet
  facet normal 1 0 0
    outer loop
      vertex 0.855165 4.48061 1.85912
      vertex 0.855165 4.7679 4.96893
      vertex 0.855165 4.59394 4.93912
    endloop
  endfacet
  facet normal 1 0 0
    outer loop
      vertex 0.855165 4.7679 4.96893
      vertex 0.855165 4.59394 1.81257
      vertex 0.855165 4.7679 1.69485
    endloop
  endfacet
  facet normal 1 0 0
    outer loop
      vertex 0.855165 4.48061 1.85912
      vertex 0.855165 4.59394 4.93912
      vertex 0.855165 4.48061 4.92734
    endloop
  endfacet
  facet normal 1 0 0
    outer loop
      vertex 0.855165 4.7679 4.96893
      vertex 0.855165 4.48061 1.85912
      vertex 0.855165 4.59394 1.81257
    endloop
  endfacet
  facet normal 1 -0 0
    outer loop
      vertex 0.855165 4.60146 10.9094
      vertex 0.855165 4.7679 8.71233
      vertex 0.855165 4.7679 11.1327
    endloop
  endfacet
  facet normal 1 -0 0
    outer loop
      vertex 0.855165 4.48061 10.8316
      vertex 0.855165 4.7679 8.71233
      vertex 0.855165 4.60146 10.9094
    endloop
  endfacet
  facet normal 1 0 0
    outer loop
      vertex 0.855165 4.7679 8.71233
      vertex 0.855165 4.48061 10.8316
      vertex 0.855165 4.48061 8.71233
    endloop
  endfacet
  facet normal 0 -1 0
    outer loop
      vertex 0.855165 11.8858 -8.03162
      vertex 0.955165 11.8858 16.8165
      vertex 0.855165 11.8858 16.8165
    endloop
  endfacet
  facet normal 0 -1 -0
    outer loop
      vertex 0.955165 11.8858 16.8165
      vertex 0.855165 11.8858 -8.03162
      vertex 0.955165 11.8858 -8.03162
    endloop
  endfacet
  facet normal 0 1 -0
    outer loop
      vertex 0.955165 11.5985 -7.22635
      vertex 0.855165 11.5985 16.0029
      vertex 0.955165 11.5985 16.0029
    endloop
  endfacet
  facet normal 0 1 0
    outer loop
      vertex 0.855165 11.5985 16.0029
      vertex 0.955165 11.5985 -7.22635
      vertex 0.855165 11.5985 -7.22635
    endloop
  endfacet
  facet normal 0 -1 0
    outer loop
      vertex 0.855165 16.4198 -7.16862
      vertex 0.955165 16.4198 15.9393
      vertex 0.855165 16.4198 15.9393
    endloop
  endfacet
  facet normal 0 -1 -0
    outer loop
      vertex 0.955165 16.4198 15.9393
      vertex 0.855165 16.4198 -7.16862
      vertex 0.955165 16.4198 -7.16862
    endloop
  endfacet
  facet normal 0 1 -0
    outer loop
      vertex 0.955165 16.1325 -7.8689
      vertex 0.855165 16.1325 16.6559
      vertex 0.955165 16.1325 16.6559
    endloop
  endfacet
  facet normal 0 1 0
    outer loop
      vertex 0.855165 16.1325 16.6559
      vertex 0.955165 16.1325 -7.8689
      vertex 0.855165 16.1325 -7.8689
    endloop
  endfacet
  facet normal 0 -1 0
    outer loop
      vertex 0.855165 18.0957 -4.69247
      vertex 0.955165 18.0957 13.4743
      vertex 0.855165 18.0957 13.4743
    endloop
  endfacet
  facet normal 0 -1 -0
    outer loop
      vertex 0.955165 18.0957 13.4743
      vertex 0.855165 18.0957 -4.69247
      vertex 0.955165 18.0957 -4.69247
    endloop
  endfacet
  facet normal 0 1 -0
    outer loop
      vertex 0.955165 17.8084 -5.0337
      vertex 0.855165 17.8084 13.819
      vertex 0.955165 17.8084 13.819
    endloop
  endfacet
  facet normal 0 1 0
    outer loop
      vertex 0.855165 17.8084 13.819
      vertex 0.955165 17.8084 -5.0337
      vertex 0.855165 17.8084 -5.0337
    endloop
  endfacet
  facet normal 0 -1 0
    outer loop
      vertex 0.855165 8.77377 -4.18541
      vertex 0.955165 8.77377 12.9573
      vertex 0.855165 8.77377 12.9573
    endloop
  endfacet
  facet normal 0 -1 -0
    outer loop
      vertex 0.955165 8.77377 12.9573
      vertex 0.855165 8.77377 -4.18541
      vertex 0.955165 8.77377 -4.18541
    endloop
  endfacet
  facet normal 0 1 -0
    outer loop
      vertex 0.955165 8.48648 -3.78829
      vertex 0.855165 8.48648 12.5177
      vertex 0.955165 8.48648 12.5177
    endloop
  endfacet
  facet normal 0 1 0
    outer loop
      vertex 0.855165 8.48648 12.5177
      vertex 0.955165 8.48648 -3.78829
      vertex 0.855165 8.48648 -3.78829
    endloop
  endfacet
  facet normal 0 -1 0
    outer loop
      vertex 0.855165 10.3298 -6.50133
      vertex 0.955165 10.3298 15.2874
      vertex 0.855165 10.3298 15.2874
    endloop
  endfacet
  facet normal 0 -1 -0
    outer loop
      vertex 0.955165 10.3298 15.2874
      vertex 0.855165 10.3298 -6.50133
      vertex 0.955165 10.3298 -6.50133
    endloop
  endfacet
  facet normal 0 1 -0
    outer loop
      vertex 0.955165 10.0425 -4.86644
      vertex 0.855165 10.0425 13.6492
      vertex 0.955165 10.0425 13.6492
    endloop
  endfacet
  facet normal 0 1 0
    outer loop
      vertex 0.855165 10.0425 13.6492
      vertex 0.955165 10.0425 -4.86644
      vertex 0.855165 10.0425 -4.86644
    endloop
  endfacet
  facet normal 0 -1 0
    outer loop
      vertex 0.855165 4.7679 -2.38673
      vertex 0.955165 4.7679 1.07208
      vertex 0.855165 4.7679 1.11739
    endloop
  endfacet
  facet normal 0 -1 -0
    outer loop
      vertex 0.955165 4.7679 1.07208
      vertex 0.855165 4.7679 -2.38673
      vertex 0.955165 4.7679 -2.38673
    endloop
  endfacet
  facet normal 0 -1 0
    outer loop
      vertex 0.855165 4.7679 4.96893
      vertex 0.955165 4.7679 1.8942
      vertex 0.955165 4.7679 4.91845
    endloop
  endfacet
  facet normal -0 -1 0
    outer loop
      vertex 0.955165 4.7679 1.8942
      vertex 0.855165 4.7679 4.96893
      vertex 0.855165 4.7679 1.69485
    endloop
  endfacet
  facet normal 0 -1 0
    outer loop
      vertex 0.855165 4.7679 8.71233
      vertex 0.955165 4.7679 11.1327
      vertex 0.855165 4.7679 11.1327
    endloop
  endfacet
  facet normal 0 -1 -0
    outer loop
      vertex 0.955165 4.7679 11.1327
      vertex 0.855165 4.7679 8.71233
      vertex 0.955165 4.7679 8.71233
    endloop
  endfacet
  facet normal 0 1 0
    outer loop
      vertex 0.855165 4.48061 -2.04848
      vertex 0.955165 4.48061 1.03312
      vertex 0.955165 4.48061 -2.04848
    endloop
  endfacet
  facet normal 0 1 0
    outer loop
      vertex 0.955165 4.48061 1.03312
      vertex 0.855165 4.48061 -2.04848
      vertex 0.855165 4.48061 1.08006
    endloop
  endfacet
  facet normal 0 1 -0
    outer loop
      vertex 0.955165 4.48061 2.0656
      vertex 0.855165 4.48061 4.92734
      vertex 0.955165 4.48061 4.87505
    endloop
  endfacet
  facet normal 0 1 0
    outer loop
      vertex 0.855165 4.48061 4.92734
      vertex 0.955165 4.48061 2.0656
      vertex 0.855165 4.48061 1.85912
    endloop
  endfacet
  facet normal 0 1 -0
    outer loop
      vertex 0.955165 4.48061 8.71233
      vertex 0.855165 4.48061 10.8316
      vertex 0.955165 4.48061 10.8316
    endloop
  endfacet
  facet normal 0 1 0
    outer loop
      vertex 0.855165 4.48061 10.8316
      vertex 0.955165 4.48061 8.71233
      vertex 0.855165 4.48061 8.71233
    endloop
  endfacet
  facet normal -1 0 0
    outer loop
      vertex -0.855165 11.7977 16.4305
      vertex -0.855165 11.8858 16.8165
      vertex -0.855165 11.8858 -8.03162
    endloop
  endfacet
  facet normal -1 0 0
    outer loop
      vertex -0.855165 11.7972 -7.64331
      vertex -0.855165 11.8858 -8.03162
      vertex -0.855165 11.8207 -7.84523
    endloop
  endfacet
  facet normal -1 0 0
    outer loop
      vertex -0.855165 11.8858 16.8165
      vertex -0.855165 11.7977 16.4305
      vertex -0.855165 11.8212 16.6323
    endloop
  endfacet
  facet normal -1 0 0
    outer loop
      vertex -0.855165 11.8858 -8.03162
      vertex -0.855165 11.7972 -7.64331
      vertex -0.855165 11.7977 16.4305
    endloop
  endfacet
  facet normal -1 0 0
    outer loop
      vertex -0.855165 11.7972 -7.64331
      vertex -0.855165 11.7546 16.2301
      vertex -0.855165 11.7977 16.4305
    endloop
  endfacet
  facet normal -1 0 0
    outer loop
      vertex -0.855165 11.7541 -7.44379
      vertex -0.855165 11.7546 16.2301
      vertex -0.855165 11.7972 -7.64331
    endloop
  endfacet
  facet normal -1 0 0
    outer loop
      vertex -0.855165 11.7541 -7.44379
      vertex -0.855165 11.632 16.0327
      vertex -0.855165 11.7546 16.2301
    endloop
  endfacet
  facet normal -1 0 0
    outer loop
      vertex -0.855165 11.6314 -7.25269
      vertex -0.855165 11.632 16.0327
      vertex -0.855165 11.7541 -7.44379
    endloop
  endfacet
  facet normal -1 0 0
    outer loop
      vertex -0.855165 11.5985 16.0029
      vertex -0.855165 11.6314 -7.25269
      vertex -0.855165 11.5985 -7.22635
    endloop
  endfacet
  facet normal -1 0 0
    outer loop
      vertex -0.855165 11.6314 -7.25269
      vertex -0.855165 11.5985 16.0029
      vertex -0.855165 11.632 16.0327
    endloop
  endfacet
  facet normal -1 0 0
    outer loop
      vertex -0.855165 16.3234 -7.25269
      vertex -0.855165 16.4198 15.9393
      vertex -0.855165 16.4198 -7.16862
    endloop
  endfacet
  facet normal -1 -0 0
    outer loop
      vertex -0.855165 16.4198 15.9393
      vertex -0.855165 16.3234 -7.25269
      vertex -0.855165 16.3237 16.0327
    endloop
  endfacet
  facet normal -1 0 0
    outer loop
      vertex -0.855165 16.2066 -7.44377
      vertex -0.855165 16.3237 16.0327
      vertex -0.855165 16.3234 -7.25269
    endloop
  endfacet
  facet normal -1 -0 0
    outer loop
      vertex -0.855165 16.3237 16.0327
      vertex -0.855165 16.2066 -7.44377
      vertex -0.855165 16.2067 16.2301
    endloop
  endfacet
  facet normal -1 0 0
    outer loop
      vertex -0.855165 16.1644 -7.64331
      vertex -0.855165 16.2067 16.2301
      vertex -0.855165 16.2066 -7.44377
    endloop
  endfacet
  facet normal -1 0 0
    outer loop
      vertex -0.855165 16.1644 -7.64331
      vertex -0.855165 16.1643 16.4305
      vertex -0.855165 16.2067 16.2301
    endloop
  endfacet
  facet normal -1 0 0
    outer loop
      vertex -0.855165 16.1325 16.6559
      vertex -0.855165 16.1643 16.4305
      vertex -0.855165 16.1644 -7.64331
    endloop
  endfacet
  facet normal -1 0 0
    outer loop
      vertex -0.855165 16.1325 -7.8689
      vertex -0.855165 16.1644 -7.64331
      vertex -0.855165 16.1408 -7.84523
    endloop
  endfacet
  facet normal -1 0 0
    outer loop
      vertex -0.855165 16.1325 16.6559
      vertex -0.855165 16.1644 -7.64331
      vertex -0.855165 16.1325 -7.8689
    endloop
  endfacet
  facet normal -1 0 0
    outer loop
      vertex -0.855165 16.1643 16.4305
      vertex -0.855165 16.1325 16.6559
      vertex -0.855165 16.1408 16.6323
    endloop
  endfacet
  facet normal -1 0 0
    outer loop
      vertex -0.855165 18.0805 -4.69952
      vertex -0.855165 18.0957 13.4743
      vertex -0.855165 18.0957 -4.69247
    endloop
  endfacet
  facet normal -1 -0 0
    outer loop
      vertex -0.855165 18.0957 13.4743
      vertex -0.855165 18.0805 -4.69952
      vertex -0.855165 18.0815 13.4816
    endloop
  endfacet
  facet normal -1 0 0
    outer loop
      vertex -0.855165 18.0805 -4.69952
      vertex -0.855165 17.8991 13.6585
      vertex -0.855165 18.0815 13.4816
    endloop
  endfacet
  facet normal -1 0 0
    outer loop
      vertex -0.855165 17.8976 -4.8736
      vertex -0.855165 17.8991 13.6585
      vertex -0.855165 18.0805 -4.69952
    endloop
  endfacet
  facet normal -1 0 0
    outer loop
      vertex -0.855165 17.8084 -5.0337
      vertex -0.855165 17.8991 13.6585
      vertex -0.855165 17.8976 -4.8736
    endloop
  endfacet
  facet normal -1 -0 0
    outer loop
      vertex -0.855165 17.8991 13.6585
      vertex -0.855165 17.8084 -5.0337
      vertex -0.855165 17.8084 13.819
    endloop
  endfacet
  facet normal -1 0 0
    outer loop
      vertex -0.855165 8.49196 -3.79652
      vertex -0.855165 8.77377 -4.18541
      vertex -0.855165 8.75137 -4.16548
    endloop
  endfacet
  facet normal -1 0 0
    outer loop
      vertex -0.855165 8.77377 -4.18541
      vertex -0.855165 8.49196 12.5243
      vertex -0.855165 8.77377 12.9573
    endloop
  endfacet
  facet normal -1 0 0
    outer loop
      vertex -0.855165 8.77377 -4.18541
      vertex -0.855165 8.49196 -3.79652
      vertex -0.855165 8.48648 -3.78829
    endloop
  endfacet
  facet normal -1 0 0
    outer loop
      vertex -0.855165 8.77377 12.9573
      vertex -0.855165 8.49196 12.5243
      vertex -0.855165 8.75085 12.9356
    endloop
  endfacet
  facet normal -1 0 0
    outer loop
      vertex -0.855165 8.77377 -4.18541
      vertex -0.855165 8.48648 -3.78829
      vertex -0.855165 8.49196 12.5243
    endloop
  endfacet
  facet normal -1 0 0
    outer loop
      vertex -0.855165 8.49196 12.5243
      vertex -0.855165 8.48648 -3.78829
      vertex -0.855165 8.48648 12.5177
    endloop
  endfacet
  facet normal -1 0 0
    outer loop
      vertex -0.855165 10.3298 15.2874
      vertex -0.855165 10.1665 -5.09932
      vertex -0.855165 10.1921 14.1288
    endloop
  endfacet
  facet normal -1 0 0
    outer loop
      vertex -0.855165 10.1665 -5.09932
      vertex -0.855165 10.1665 13.879
      vertex -0.855165 10.1921 14.1288
    endloop
  endfacet
  facet normal -1 0 0
    outer loop
      vertex -0.855165 10.051 -4.87415
      vertex -0.855165 10.1665 13.879
      vertex -0.855165 10.1665 -5.09932
    endloop
  endfacet
  facet normal -1 0 0
    outer loop
      vertex -0.855165 10.051 -4.87415
      vertex -0.855165 10.051 13.657
      vertex -0.855165 10.1665 13.879
    endloop
  endfacet
  facet normal -1 0 0
    outer loop
      vertex -0.855165 10.0425 -4.86644
      vertex -0.855165 10.051 13.657
      vertex -0.855165 10.051 -4.87415
    endloop
  endfacet
  facet normal -1 0 0
    outer loop
      vertex -0.855165 10.051 13.657
      vertex -0.855165 10.0425 -4.86644
      vertex -0.855165 10.0425 13.6492
    endloop
  endfacet
  facet normal -1 0 0
    outer loop
      vertex -0.855165 10.1921 -6.11369
      vertex -0.855165 10.3298 -6.50133
      vertex -0.855165 10.2529 -6.36649
    endloop
  endfacet
  facet normal -1 0 0
    outer loop
      vertex -0.855165 10.1665 -5.09932
      vertex -0.855165 10.3298 -6.50133
      vertex -0.855165 10.1921 -5.3587
    endloop
  endfacet
  facet normal -1 0 0
    outer loop
      vertex -0.855165 10.3298 -6.50133
      vertex -0.855165 10.1921 -6.11369
      vertex -0.855165 10.1921 -5.3587
    endloop
  endfacet
  facet normal -1 0 0
    outer loop
      vertex -0.855165 10.3298 -6.50133
      vertex -0.855165 10.1665 -5.09932
      vertex -0.855165 10.3298 15.2874
    endloop
  endfacet
  facet normal -1 0 0
    outer loop
      vertex -0.855165 10.1911 14.8838
      vertex -0.855165 10.3298 15.2874
      vertex -0.855165 10.1921 14.1288
    endloop
  endfacet
  facet normal -1 0 0
    outer loop
      vertex -0.855165 10.3298 15.2874
      vertex -0.855165 10.1911 14.8838
      vertex -0.855165 10.2512 15.147
    endloop
  endfacet
  facet normal -1 0 0
    outer loop
      vertex -0.855165 4.69998 -2.25986
      vertex -0.855165 4.7679 3.13415
      vertex -0.855165 4.7679 -2.38673
    endloop
  endfacet
  facet normal -1 0 0
    outer loop
      vertex -0.855165 4.60138 -2.14255
      vertex -0.855165 4.7679 3.13415
      vertex -0.855165 4.69998 -2.25986
    endloop
  endfacet
  facet normal -1 0 0
    outer loop
      vertex -0.855165 4.60138 -2.14255
      vertex -0.855165 4.59394 3.01493
      vertex -0.855165 4.7679 3.13415
    endloop
  endfacet
  facet normal -1 0 0
    outer loop
      vertex -0.855165 4.48061 -2.04848
      vertex -0.855165 4.59394 3.01493
      vertex -0.855165 4.60138 -2.14255
    endloop
  endfacet
  facet normal -1 0 0
    outer loop
      vertex -0.855165 4.59394 3.01493
      vertex -0.855165 4.48061 -2.04848
      vertex -0.855165 4.48061 2.96779
    endloop
  endfacet
  facet normal -1 0 0
    outer loop
      vertex -0.855165 4.7679 3.88742
      vertex -0.855165 4.60146 10.9094
      vertex -0.855165 4.7679 11.1327
    endloop
  endfacet
  facet normal -1 0 0
    outer loop
      vertex -0.855165 4.48061 10.8316
      vertex -0.855165 4.7679 3.88742
      vertex -0.855165 4.59394 3.91226
    endloop
  endfacet
  facet normal -1 0 0
    outer loop
      vertex -0.855165 4.48061 10.8316
      vertex -0.855165 4.59394 3.91226
      vertex -0.855165 4.48061 3.92208
    endloop
  endfacet
  facet normal -1 0 0
    outer loop
      vertex -0.855165 4.7679 3.88742
      vertex -0.855165 4.48061 10.8316
      vertex -0.855165 4.60146 10.9094
    endloop
  endfacet
  facet normal 0 -1 0
    outer loop
      vertex -0.955165 11.8858 -8.03162
      vertex -0.855165 11.8858 16.8165
      vertex -0.955165 11.8858 16.8165
    endloop
  endfacet
  facet normal 0 -1 -0
    outer loop
      vertex -0.855165 11.8858 16.8165
      vertex -0.955165 11.8858 -8.03162
      vertex -0.855165 11.8858 -8.03162
    endloop
  endfacet
  facet normal 0 1 -0
    outer loop
      vertex -0.855165 11.5985 -7.22635
      vertex -0.955165 11.5985 16.0029
      vertex -0.855165 11.5985 16.0029
    endloop
  endfacet
  facet normal 0 1 0
    outer loop
      vertex -0.955165 11.5985 16.0029
      vertex -0.855165 11.5985 -7.22635
      vertex -0.955165 11.5985 -7.22635
    endloop
  endfacet
  facet normal 0 -1 0
    outer loop
      vertex -0.955165 16.4198 -7.16862
      vertex -0.855165 16.4198 15.9393
      vertex -0.955165 16.4198 15.9393
    endloop
  endfacet
  facet normal 0 -1 -0
    outer loop
      vertex -0.855165 16.4198 15.9393
      vertex -0.955165 16.4198 -7.16862
      vertex -0.855165 16.4198 -7.16862
    endloop
  endfacet
  facet normal 0 1 -0
    outer loop
      vertex -0.855165 16.1325 -7.8689
      vertex -0.955165 16.1325 16.6559
      vertex -0.855165 16.1325 16.6559
    endloop
  endfacet
  facet normal 0 1 0
    outer loop
      vertex -0.955165 16.1325 16.6559
      vertex -0.855165 16.1325 -7.8689
      vertex -0.955165 16.1325 -7.8689
    endloop
  endfacet
  facet normal 0 -1 0
    outer loop
      vertex -0.955165 18.0957 -4.69247
      vertex -0.855165 18.0957 13.4743
      vertex -0.955165 18.0957 13.4743
    endloop
  endfacet
  facet normal 0 -1 -0
    outer loop
      vertex -0.855165 18.0957 13.4743
      vertex -0.955165 18.0957 -4.69247
      vertex -0.855165 18.0957 -4.69247
    endloop
  endfacet
  facet normal 0 1 -0
    outer loop
      vertex -0.855165 17.8084 -5.0337
      vertex -0.955165 17.8084 13.819
      vertex -0.855165 17.8084 13.819
    endloop
  endfacet
  facet normal 0 1 0
    outer loop
      vertex -0.955165 17.8084 13.819
      vertex -0.855165 17.8084 -5.0337
      vertex -0.955165 17.8084 -5.0337
    endloop
  endfacet
  facet normal 0 -1 0
    outer loop
      vertex -0.955165 8.77377 -4.18541
      vertex -0.855165 8.77377 12.9573
      vertex -0.955165 8.77377 12.9573
    endloop
  endfacet
  facet normal 0 -1 -0
    outer loop
      vertex -0.855165 8.77377 12.9573
      vertex -0.955165 8.77377 -4.18541
      vertex -0.855165 8.77377 -4.18541
    endloop
  endfacet
  facet normal 0 1 -0
    outer loop
      vertex -0.855165 8.48648 -3.78829
      vertex -0.955165 8.48648 12.5177
      vertex -0.855165 8.48648 12.5177
    endloop
  endfacet
  facet normal 0 1 0
    outer loop
      vertex -0.955165 8.48648 12.5177
      vertex -0.855165 8.48648 -3.78829
      vertex -0.955165 8.48648 -3.78829
    endloop
  endfacet
  facet normal 0 -1 0
    outer loop
      vertex -0.955165 10.3298 -6.50133
      vertex -0.855165 10.3298 15.2874
      vertex -0.955165 10.3298 15.2874
    endloop
  endfacet
  facet normal 0 -1 -0
    outer loop
      vertex -0.855165 10.3298 15.2874
      vertex -0.955165 10.3298 -6.50133
      vertex -0.855165 10.3298 -6.50133
    endloop
  endfacet
  facet normal 0 1 -0
    outer loop
      vertex -0.855165 10.0425 -4.86644
      vertex -0.955165 10.0425 13.6492
      vertex -0.855165 10.0425 13.6492
    endloop
  endfacet
  facet normal 0 1 0
    outer loop
      vertex -0.955165 10.0425 13.6492
      vertex -0.855165 10.0425 -4.86644
      vertex -0.955165 10.0425 -4.86644
    endloop
  endfacet
  facet normal 0 -1 0
    outer loop
      vertex -0.855165 4.7679 -2.38673
      vertex -0.955165 4.7679 2.93226
      vertex -0.955165 4.7679 -2.38673
    endloop
  endfacet
  facet normal 0 -1 0
    outer loop
      vertex -0.955165 4.7679 2.93226
      vertex -0.855165 4.7679 -2.38673
      vertex -0.855165 4.7679 3.13415
    endloop
  endfacet
  facet normal 0 -1 0
    outer loop
      vertex -0.955165 4.7679 3.92948
      vertex -0.855165 4.7679 11.1327
      vertex -0.955165 4.7679 11.1327
    endloop
  endfacet
  facet normal 0 -1 -0
    outer loop
      vertex -0.855165 4.7679 11.1327
      vertex -0.955165 4.7679 3.92948
      vertex -0.855165 4.7679 3.88742
    endloop
  endfacet
  facet normal 0 1 -0
    outer loop
      vertex -0.855165 4.48061 -2.04848
      vertex -0.955165 4.48061 2.75869
      vertex -0.855165 4.48061 2.96779
    endloop
  endfacet
  facet normal 0 1 0
    outer loop
      vertex -0.955165 4.48061 2.75869
      vertex -0.855165 4.48061 -2.04848
      vertex -0.955165 4.48061 -2.04848
    endloop
  endfacet
  facet normal 0 1 0
    outer loop
      vertex -0.855165 4.48061 10.8316
      vertex -0.955165 4.48061 3.96565
      vertex -0.955165 4.48061 10.8316
    endloop
  endfacet
  facet normal -0 1 0
    outer loop
      vertex -0.955165 4.48061 3.96565
      vertex -0.855165 4.48061 10.8316
      vertex -0.855165 4.48061 3.92208
    endloop
  endfacet
  facet normal 0 0.642781 0.76605
    outer loop
      vertex 0.000289917 -6.26109 8.128
      vertex -0.954498 -6.95723 8.71212
      vertex 0.000289917 -6.95723 8.71212
    endloop
  endfacet
  facet normal 0 0.642781 0.76605
    outer loop
      vertex -0.954498 -6.95723 8.71212
      vertex 0.000289917 -6.26109 8.128
      vertex -0.954542 -6.26109 8.128
    endloop
  endfacet
  facet normal 0 -0.642783 0.766049
    outer loop
      vertex -0.954498 -4.77755 8.71214
      vertex 0.000289917 -5.47371 8.128
      vertex 0.000289917 -4.77755 8.71214
    endloop
  endfacet
  facet normal 0 -0.642783 0.766049
    outer loop
      vertex 0.000289917 -5.47371 8.128
      vertex -0.954498 -4.77755 8.71214
      vertex -0.954542 -5.47371 8.128
    endloop
  endfacet
  facet normal -0 0 1
    outer loop
      vertex -0.954542 -5.47371 8.128
      vertex 0.000289917 -6.26109 8.128
      vertex 0.000289917 -5.47371 8.128
    endloop
  endfacet
  facet normal 0 0 1
    outer loop
      vertex 0.000289917 -6.26109 8.128
      vertex -0.954542 -5.47371 8.128
      vertex -0.954542 -6.26109 8.128
    endloop
  endfacet
  facet normal 0 0.6428 0.766034
    outer loop
      vertex 0.000289917 -10.2286 7.747
      vertex -0.954498 -11.3787 8.71208
      vertex 0.000289917 -11.3787 8.71208
    endloop
  endfacet
  facet normal 0 0.6428 0.766034
    outer loop
      vertex -0.954498 -11.3787 8.71208
      vertex 0.000289917 -10.2286 7.747
      vertex -0.954571 -10.2286 7.747
    endloop
  endfacet
  facet normal -0 0 1
    outer loop
      vertex -0.954571 -9.44119 7.747
      vertex 0.000289917 -10.2286 7.747
      vertex 0.000289917 -9.44119 7.747
    endloop
  endfacet
  facet normal 0 0 1
    outer loop
      vertex 0.000289917 -10.2286 7.747
      vertex -0.954571 -9.44119 7.747
      vertex -0.954571 -10.2286 7.747
    endloop
  endfacet
  facet normal 0 -0.642785 0.766046
    outer loop
      vertex -0.954498 -8.29101 8.71211
      vertex 0.000289917 -9.44119 7.747
      vertex 0.000289917 -8.29101 8.71211
    endloop
  endfacet
  facet normal 0 -0.642785 0.766046
    outer loop
      vertex 0.000289917 -9.44119 7.747
      vertex -0.954498 -8.29101 8.71211
      vertex -0.954571 -9.44119 7.747
    endloop
  endfacet
  facet normal 0 0.642793 0.76604
    outer loop
      vertex 0.000289917 -14.1961 7.366
      vertex -0.954513 -15.5591 8.50971
      vertex 0.000289917 -15.5591 8.50971
    endloop
  endfacet
  facet normal 0 0.642793 0.76604
    outer loop
      vertex -0.954513 -15.5591 8.50971
      vertex 0.000289917 -14.1961 7.366
      vertex -0.954599 -14.1961 7.366
    endloop
  endfacet
  facet normal -0 0 1
    outer loop
      vertex -0.954599 -13.4087 7.366
      vertex 0.000289917 -14.1961 7.366
      vertex 0.000289917 -13.4087 7.366
    endloop
  endfacet
  facet normal 0 0 1
    outer loop
      vertex 0.000289917 -14.1961 7.366
      vertex -0.954599 -13.4087 7.366
      vertex -0.954599 -14.1961 7.366
    endloop
  endfacet
  facet normal 0 -0.642787 0.766045
    outer loop
      vertex -0.954498 -11.8045 8.71208
      vertex 0.000289917 -13.4087 7.366
      vertex 0.000289917 -11.8045 8.71208
    endloop
  endfacet
  facet normal 0 -0.642787 0.766045
    outer loop
      vertex 0.000289917 -13.4087 7.366
      vertex -0.954498 -11.8045 8.71208
      vertex -0.954599 -13.4087 7.366
    endloop
  endfacet
  facet normal 0 0.642766 0.766063
    outer loop
      vertex 0.000289917 -18.1635 6.985
      vertex -0.954542 -19.5266 8.12871
      vertex 0.000289917 -19.5266 8.12871
    endloop
  endfacet
  facet normal 0 0.642766 0.766063
    outer loop
      vertex -0.954542 -19.5266 8.12871
      vertex 0.000289917 -18.1635 6.985
      vertex -0.954628 -18.1635 6.985
    endloop
  endfacet
  facet normal 0 -0.642804 0.766031
    outer loop
      vertex -0.954513 -15.5591 8.50971
      vertex 0.000289917 -17.3761 6.985
      vertex 0.000289917 -15.5591 8.50971
    endloop
  endfacet
  facet normal 0 -0.642804 0.766031
    outer loop
      vertex 0.000289917 -17.3761 6.985
      vertex -0.954513 -15.5591 8.50971
      vertex -0.954628 -17.3761 6.985
    endloop
  endfacet
  facet normal -0 0 1
    outer loop
      vertex -0.954628 -17.3761 6.985
      vertex 0.000289917 -18.1635 6.985
      vertex 0.000289917 -17.3761 6.985
    endloop
  endfacet
  facet normal 0 0 1
    outer loop
      vertex 0.000289917 -18.1635 6.985
      vertex -0.954628 -17.3761 6.985
      vertex -0.954628 -18.1635 6.985
    endloop
  endfacet
  facet normal 0 0.642771 0.766059
    outer loop
      vertex 0.000289917 -22.131 6.604
      vertex -0.954597 -23.0731 7.39448
      vertex 0.000289917 -23.0731 7.39448
    endloop
  endfacet
  facet normal 0 0.642771 0.766059
    outer loop
      vertex -0.954597 -23.0731 7.39448
      vertex 0.000289917 -22.131 6.604
      vertex -0.954656 -22.131 6.604
    endloop
  endfacet
  facet normal 0 -0.642804 0.766031
    outer loop
      vertex -0.954542 -19.5266 8.12871
      vertex 0.000289917 -21.3436 6.604
      vertex 0.000289917 -19.5266 8.12871
    endloop
  endfacet
  facet normal 0 -0.642804 0.766031
    outer loop
      vertex 0.000289917 -21.3436 6.604
      vertex -0.954542 -19.5266 8.12871
      vertex -0.954656 -21.3436 6.604
    endloop
  endfacet
  facet normal -0 0 1
    outer loop
      vertex -0.954656 -21.3436 6.604
      vertex 0.000289917 -22.131 6.604
      vertex 0.000289917 -21.3436 6.604
    endloop
  endfacet
  facet normal 0 0 1
    outer loop
      vertex 0.000289917 -22.131 6.604
      vertex -0.954656 -21.3436 6.604
      vertex -0.954656 -22.131 6.604
    endloop
  endfacet
endsolid OpenSCAD_Model
